number,duration,params_learning_rate,params_max_depth,params_min_child_weight,params_n_estimators,params_reg_lambda
0,0 days 00:00:02.199629,0.29768132908992573,5,0.0012011309924421837,80,0.0064191039899601215
1,0 days 00:00:01.495209,0.28974248609667125,6,4.778060254305057,35,0.002361681079309519
2,0 days 00:00:00.924806,0.12009742853657979,4,0.14768861400615102,24,183.95920331040224
3,0 days 00:00:01.353912,0.12644102015539335,4,2.234227636316321,55,0.012412718907980654
4,0 days 00:00:01.332634,0.21312143496301736,2,2.0081051042556393,111,0.00250651606641293
5,0 days 00:00:00.746104,0.02905268102250514,2,0.002294505053741164,18,0.035125764423066495
6,0 days 00:00:03.008102,0.2501301426652461,2,2.541507956057054,344,0.011508866348502018
7,0 days 00:00:00.787861,0.23880508488208382,4,0.06043097745537943,10,0.026088056150706206
8,0 days 00:00:03.891882,0.3396979428928896,5,0.5044429043589962,186,0.18448532267238651
9,0 days 00:00:06.579351,0.01774915628014633,4,0.946051658673196,413,0.28895405524245976
10,0 days 00:00:02.183915,0.2967579187945547,6,4.080136376712978,65,0.0034089248521821055
11,0 days 00:00:00.744125,0.05505730664688611,4,2.0038620054651846,21,132.3884645601769
12,0 days 00:00:01.359546,0.26767386420688966,4,0.12509111414221583,73,2.6131848859088858
13,0 days 00:00:01.908667,0.01755203657161555,3,0.004005082061636237,156,0.14196721810598267
14,0 days 00:00:02.571817,0.24623341549004532,2,4.720995651809827,292,0.011319476427831095
15,0 days 00:00:09.573820,0.01579776653434424,5,0.0010357973294373233,488,395.6362368876837
16,0 days 00:00:00.583850,0.06700245462310937,2,0.0011983207657956599,28,317.8438052103123
17,0 days 00:00:01.352387,0.3229360605522453,6,0.0014081147112711928,59,0.005822977270200274
18,0 days 00:00:04.031023,0.1364045111547988,6,0.018304363556599288,188,0.0267058905068393
19,0 days 00:00:00.521543,0.023427611081022055,3,0.5610668291936938,15,20.075514952155903
20,0 days 00:00:01.613196,0.03942629221206903,3,0.012283676479467352,124,0.007754183422618099
21,0 days 00:00:01.088840,0.2472338933701305,6,0.02927660942960262,21,161.02005485284167
22,0 days 00:00:00.660366,0.01280029657131102,2,0.6434189663231734,25,72.98114158294858
23,0 days 00:00:01.853371,0.2567518317198513,5,0.03500692053220195,89,77.61160491269513
24,0 days 00:00:06.051711,0.1456156608548371,4,0.0015640418740378165,446,0.002925608360304095
25,0 days 00:00:03.474511,0.08637015129352267,6,0.5066465360557785,167,3.974865444294872
26,0 days 00:00:10.813947,0.015275720307623506,6,0.24727841506648407,469,0.8856511831559962
27,0 days 00:00:01.747571,0.0951616381345647,2,0.0015715425820396344,182,0.22398257581060954
28,0 days 00:00:01.629118,0.10545772131803126,6,0.002068050369373324,60,0.001642724995643242
29,0 days 00:00:00.618209,0.1865727919036429,5,0.412722925661876,11,0.008350965142003971
30,0 days 00:00:00.534802,0.042319645426404845,3,0.5734309197539109,11,0.02335116872070553
31,0 days 00:00:05.909650,0.1787377766888118,5,0.006889890777255734,339,0.017722087284370244
32,0 days 00:00:04.773030,0.04567382176807084,4,0.679670985742418,353,0.20921191942387674
33,0 days 00:00:01.830085,0.08474552471415539,2,0.5929250827270361,223,0.0051788342240904174
34,0 days 00:00:01.583399,0.32513449879998846,5,2.671339534618716,66,0.8702551672441295
35,0 days 00:00:01.229401,0.19617037995875458,6,0.03930119372071748,30,0.1493694708610247
36,0 days 00:00:00.540908,0.050037910602064535,4,1.7860362386289534,13,1.9731539347704823
37,0 days 00:00:00.698658,0.23634304370924572,5,0.9346979113862606,13,0.007034660960811147
38,0 days 00:00:00.653642,0.01384304020934068,4,0.025208215617997375,14,1.9218780861949776
39,0 days 00:00:00.581528,0.05155246095645749,3,0.0015721494168260566,12,0.010057444136505838
40,0 days 00:00:01.642441,0.2246680433211049,2,0.05945849773470791,145,0.7765756430957141
41,0 days 00:00:04.307821,0.04607771091963676,5,3.5408895964622884,207,0.005737237366556225
42,0 days 00:00:00.974666,0.18723732261032525,4,0.005159855348855836,39,46.17302106937492
43,0 days 00:00:00.538058,0.0751756782129471,3,0.0010880892493091749,12,65.58571524497778
44,0 days 00:00:02.339567,0.34144943129289684,5,7.548825597668446,132,44.90624832953344
45,0 days 00:00:01.520873,0.015462643841629545,3,0.6756134428111981,101,0.636324745148596
46,0 days 00:00:01.444816,0.05842317328134308,3,0.002884432488790424,119,0.00798325188127846
47,0 days 00:00:02.452017,0.02517654717789703,5,0.017547709669100464,76,0.04576335639690094
48,0 days 00:00:02.262348,0.01626535577124385,2,0.024221347577645033,216,122.82632381855917
49,0 days 00:00:00.931638,0.03523028243991594,3,0.0013787034629760442,54,50.90011266333264
50,0 days 00:00:04.641659,0.02641506134901277,4,0.10178621770686809,321,0.003833126041192931
51,0 days 00:00:00.706488,0.0461993554747808,2,0.09078991087560243,35,0.016524061382345606
52,0 days 00:00:00.643712,0.12217363358829673,2,0.011674743710593596,43,0.0044091334821820035
53,0 days 00:00:03.222395,0.012789550652228875,4,0.3126693039578148,185,0.6476577829876004
54,0 days 00:00:00.871594,0.04210527007112483,5,7.785973566531128,10,2.736188381458414
55,0 days 00:00:00.743523,0.47788282784295066,3,0.004607037751575627,22,0.05861845002386875
56,0 days 00:00:01.191321,0.023375230395696573,3,0.0035026687229862664,40,0.030131277577004806
57,0 days 00:00:00.777383,0.2329982930508798,3,2.372033123403309,14,372.3560623256084
58,0 days 00:00:02.499615,0.023095203529328957,4,0.3295841966609693,121,25.488413262842318
59,0 days 00:00:02.059163,0.1182535332412772,2,0.00509578348399105,243,249.99895583910845
60,0 days 00:00:00.649334,0.41421926289606387,4,1.7295692508860532,17,6.135437442395801
61,0 days 00:00:01.142483,0.011356653371704361,2,0.06820076673951604,100,0.14853461244682048
62,0 days 00:00:03.183591,0.015258005639757594,3,0.005590739166346957,234,0.03285852652231212
63,0 days 00:00:00.974244,0.20288831677736832,3,3.4487551031537693,42,0.003854057327629998
64,0 days 00:00:00.899344,0.12116938147242338,5,1.032846536865389,19,0.005003533695842493
65,0 days 00:00:00.640637,0.3897247013099567,3,0.0221704042811715,16,168.2436268386961
66,0 days 00:00:00.608408,0.050781461043935494,3,0.9131270913586346,18,0.7011000028727964
67,0 days 00:00:00.722434,0.36127985870032187,4,0.8898803956804061,23,0.1955930402422637
68,0 days 00:00:03.701545,0.15691289647746745,5,7.374444372577056,200,0.4601859574567412
69,0 days 00:00:01.794897,0.0900138468602211,3,0.029559728182153012,147,39.248704566807056
70,0 days 00:00:04.332068,0.1466412272059415,3,1.6447726286989006,466,0.002170637616081595
71,0 days 00:00:01.017805,0.2168286415628393,6,0.01486123220501055,27,0.12179067239120482
72,0 days 00:00:01.928075,0.1736581250031431,5,0.001508224820073389,96,36.57946973671356
73,0 days 00:00:00.887413,0.012319538750607796,5,2.225706588115657,15,0.261460917981236
74,0 days 00:00:01.212828,0.07352670584261274,2,3.7901202465444306,92,48.219460129514815
75,0 days 00:00:00.730310,0.3008253030307457,2,0.22685737726605756,42,6.316496877667057
76,0 days 00:00:00.530317,0.0476930604277215,2,1.4819212880372308,15,0.0815536754837071
77,0 days 00:00:00.816660,0.021790647620614133,3,0.3366086355216591,20,354.193217332278
78,0 days 00:00:00.999887,0.04108955666241085,3,6.274950591643021,38,0.01656802326214524
79,0 days 00:00:00.608823,0.010873862634923875,2,0.12959197726134825,11,0.003926392311331631
80,0 days 00:00:01.438642,0.17146874822605687,2,0.0017433380094106301,163,0.7912126043500564
81,0 days 00:00:01.080998,0.11217555046012037,3,0.004951689817220344,56,3.4519455119334785
82,0 days 00:00:00.545457,0.014367058823436292,2,0.5426223994695515,12,0.13441504405578425
83,0 days 00:00:00.752985,0.0678391819709107,3,0.2608585548288217,17,0.0028394592122933863
84,0 days 00:00:00.522093,0.042360166343186886,2,0.01027361961986014,11,0.003592406403598197
85,0 days 00:00:02.787276,0.017911236845821854,6,0.0015573304013635559,95,357.2999673139091
86,0 days 00:00:01.717543,0.05709987726302983,6,0.026208928324773093,38,0.9394334979169978
87,0 days 00:00:06.374984,0.08357584155404955,6,0.11008337457605226,301,2.8744793515567775
88,0 days 00:00:01.081869,0.3098081143927452,6,0.428949133760487,23,578.5716017917317
89,0 days 00:00:02.724314,0.017908109226280607,5,0.005232717428448303,108,240.448406414963
90,0 days 00:00:01.635517,0.06461927160960149,6,0.00222777859968333,51,3.660990401411775
91,0 days 00:00:02.040507,0.040914883422754775,4,6.883178023563347,121,330.45113801638036
92,0 days 00:00:01.164563,0.13316111475514641,5,0.008073850339060225,44,235.24132750109933
93,0 days 00:00:05.563839,0.03529962924091032,6,0.0082587504547099,261,0.020014343457256497
94,0 days 00:00:00.790970,0.15331070732396754,6,3.5788276090213706,18,34.80280216125986
95,0 days 00:00:00.677440,0.010130379294152343,4,1.9495916910013138,11,149.50303617687737
96,0 days 00:00:02.991787,0.012091679149348446,3,0.4093455950190674,294,21.062738559513996
97,0 days 00:00:00.600129,0.2130743016401077,2,0.35270632856569534,20,4.406170311882903
98,0 days 00:00:01.207649,0.02295315333689242,4,0.2160629397084729,40,137.59195118786724
99,0 days 00:00:00.516811,0.06279548351002259,2,0.010560816202076715,26,556.3101715399137
100,0 days 00:00:01.243107,0.30092571201238777,2,6.786561877341321,112,2.784907512149745
101,0 days 00:00:00.711625,0.014235244231721397,3,4.256799196001022,24,23.87997980134646
102,0 days 00:00:01.565328,0.041926428038943954,3,2.176782458465353,113,0.02094456803630009
103,0 days 00:00:05.300833,0.37743518028908807,4,0.16301061005910777,426,6.261355790518455
104,0 days 00:00:00.612497,0.10746421707087712,4,0.06036858981003771,16,60.90085476584626
105,0 days 00:00:03.782834,0.17987952252112913,5,0.18155179900868154,231,0.4815569945751761
106,0 days 00:00:06.586340,0.43145320271476195,6,0.6725874275986766,354,60.25453401653983
107,0 days 00:00:03.676962,0.014395858630504297,5,1.0138561180480294,133,1.6916417806115582
108,0 days 00:00:03.361254,0.4074320313643268,3,0.5768921496130892,354,0.0013900754354762576
109,0 days 00:00:01.107776,0.3504129954009345,5,0.004128860832757771,39,0.15416703053028472
110,0 days 00:00:00.772697,0.30922546010521085,5,0.4362352962218288,14,4.192031064333044
111,0 days 00:00:02.711656,0.026123285294316515,5,0.00418127297348426,97,18.21646382986547
112,0 days 00:00:03.133476,0.492751577359253,5,0.01584753353907712,195,2.233702204883735
113,0 days 00:00:01.526924,0.2814766926020691,2,0.01894840658817723,177,0.12920285156073097
114,0 days 00:00:00.689905,0.281887667969292,2,0.5080512023422802,25,0.003052519383316326
115,0 days 00:00:01.597669,0.04890277207306879,4,0.0011054975507382083,82,0.004861773968041021
116,0 days 00:00:02.673949,0.018702180287711055,3,0.06069549372027031,264,0.008755515764096451
117,0 days 00:00:01.885569,0.02211946119196435,6,0.10878755625462777,43,7.640355466436477
118,0 days 00:00:04.758000,0.14797136318848308,6,0.0010759539820362283,226,28.249686128457796
119,0 days 00:00:02.617529,0.08764995253216366,2,0.9179366131175222,344,0.004046394224713457
120,0 days 00:00:04.272563,0.022675273014311985,5,1.0043505181834624,159,7.8050990975194665
121,0 days 00:00:00.671352,0.021101981986791613,4,0.16654536829579236,11,39.56010269591277
122,0 days 00:00:00.775253,0.04094039191031866,2,0.0014221654026032179,41,0.0011113801690657416
123,0 days 00:00:04.843992,0.12121793953450129,4,1.2870807527140427,376,8.826178884947868
124,0 days 00:00:00.728795,0.05674544856626837,3,2.3712484200678055,25,0.2908103925024348
125,0 days 00:00:00.876732,0.1638217735318591,4,0.8752028808735676,28,0.22997403097962457
126,0 days 00:00:05.510656,0.025589006878809526,4,0.04012397709679819,491,2.348878782555045
127,0 days 00:00:01.310571,0.11785718998324031,3,0.008217468784276035,85,0.027657147061231468
128,0 days 00:00:02.213947,0.022635481078813777,6,0.23247325862998114,75,155.63386367382603
129,0 days 00:00:02.537010,0.3713671525660012,3,0.00921809153882355,298,0.5725689955389192
130,0 days 00:00:03.132678,0.03871375481327968,2,0.03723956734316901,472,147.51223993752362
131,0 days 00:00:01.824205,0.05306297077994165,4,2.5289018541235837,118,2.089941104249257
132,0 days 00:00:01.729976,0.015476718410262665,3,0.0023268877574046864,103,207.31558773021
133,0 days 00:00:07.608826,0.04561148827573318,6,0.02299000566180687,366,0.8889241635810656
134,0 days 00:00:01.294329,0.267924756430096,6,3.4862453350899445,48,62.36507697132266
135,0 days 00:00:00.627692,0.011323973624548104,3,0.021242166572806673,16,4.6866827246592155
136,0 days 00:00:04.808540,0.014443675464559238,6,0.0020348836333833687,159,254.55973007061476
137,0 days 00:00:07.577218,0.022765222619700227,5,2.5613083311633615,455,15.524492916396364
138,0 days 00:00:02.484604,0.03586072436997448,2,0.20753428926073847,344,3.915263813301346
139,0 days 00:00:01.913140,0.017557511573914473,3,0.11270407669146784,126,0.3649023587263186
140,0 days 00:00:01.953358,0.11107349963452721,5,0.06475544044561521,82,0.008901806874445346
141,0 days 00:00:01.750891,0.03895642519813295,3,0.04216579059125868,142,4.212603581868453
142,0 days 00:00:00.718771,0.07229421067537577,5,1.6549700987557083,14,0.019160762640076788
143,0 days 00:00:02.904403,0.010273120315193115,4,0.09084553403868906,160,0.7726520757765457
144,0 days 00:00:01.179149,0.06785977934777226,3,0.042008057403891026,83,0.20129170618169986
145,0 days 00:00:00.516352,0.14758755122353562,2,0.011580827435369761,15,0.014938704495258312
146,0 days 00:00:01.023169,0.17185275593626784,4,0.028371700238256133,52,0.01485646210753892
147,0 days 00:00:03.520271,0.01488747889418701,5,0.5499174091694465,150,66.55086789586012
148,0 days 00:00:00.776265,0.017013356095649794,2,9.812779674362844,43,0.21308050399703188
149,0 days 00:00:00.803117,0.15302721053010732,2,0.07235413468739132,49,0.9699944123995276
150,0 days 00:00:04.449996,0.015420715970255926,3,0.06826196114970647,397,215.9224993474198
151,0 days 00:00:04.786569,0.317960543006748,4,0.0016546951800563501,391,0.002860946317149033
152,0 days 00:00:00.465081,0.08790232409603863,2,0.6438245741000267,27,71.73545379940205
153,0 days 00:00:07.282218,0.0362044173717168,6,0.2105031644615775,371,93.81654056845497
154,0 days 00:00:00.814362,0.012461360365961547,6,0.00808550011844919,12,1.0223876341606581
155,0 days 00:00:01.922456,0.0738964291253576,5,1.4471909878364357,81,0.017252953236942575
156,0 days 00:00:02.438795,0.12925700763229,6,0.006131429907172609,103,0.416777679985596
157,0 days 00:00:00.955289,0.016916450027440216,6,0.10975217005817259,23,0.1453317696758369
158,0 days 00:00:02.462443,0.4796988218286822,2,8.699015247088852,350,0.6025344381432324
159,0 days 00:00:03.531391,0.016066197783684243,5,0.0028052771447310528,156,635.3427682280796
160,0 days 00:00:02.759820,0.022506041088354547,5,0.004128999152183561,117,542.5768682048856
161,0 days 00:00:03.180318,0.012152336184467703,2,0.0013314391776805441,335,7.470718223930322
162,0 days 00:00:01.315651,0.14496579985802874,5,0.00167936807229919,70,1.128364531320694
163,0 days 00:00:01.051797,0.45504125823155295,5,0.00799409255374218,31,0.010007667380592365
164,0 days 00:00:01.386174,0.011955945121788799,3,0.07380215971421164,94,3.712923193744809
165,0 days 00:00:03.713256,0.018324138541575073,5,0.039900745715301326,160,0.017534652387368954
166,0 days 00:00:00.598330,0.10217989837216225,5,6.274550110069217,10,377.95722401933114
167,0 days 00:00:01.638123,0.3955343519753686,4,0.008910275407835176,105,0.32039149261951455
168,0 days 00:00:09.854842,0.06863325815344164,6,0.02099373536706966,459,0.05053151723736974
169,0 days 00:00:01.278964,0.0536952041836643,2,0.12744456159179934,128,0.09055216023004443
170,0 days 00:00:01.891898,0.10696519826533572,5,5.2539727893554415,96,6.382320247945271
171,0 days 00:00:01.928347,0.18706080239438336,3,0.05826356522932782,199,0.019005530417900717
172,0 days 00:00:00.882684,0.010526102003773137,2,0.03670133959006004,40,4.275629509952863
173,0 days 00:00:01.516576,0.020491557888858588,3,0.32031023542815495,107,34.119213056245364
174,0 days 00:00:01.376426,0.015757425870978004,5,0.06737078779441441,41,0.006953628318836234
175,0 days 00:00:02.453217,0.05130139294418366,5,0.03627903749115943,115,0.3432992287908122
176,0 days 00:00:04.442378,0.04274599888357266,3,2.799356234400506,477,0.007069807831965643
177,0 days 00:00:01.168020,0.26743210155731534,5,6.513344525402822,45,86.29975276874248
178,0 days 00:00:01.697982,0.01380801666209514,2,0.004138838120095483,189,83.0014028238567
179,0 days 00:00:00.821260,0.05739480032623718,5,0.03633003033257532,19,71.41996958931406
180,0 days 00:00:01.127131,0.3113863683780434,4,0.004639517644791129,50,0.0067952062111065305
181,0 days 00:00:02.793647,0.050513659508027525,4,0.0014023167719493473,201,326.5851963349825
182,0 days 00:00:00.556628,0.026916368149579848,2,0.4594100062346953,11,0.5415200058412809
183,0 days 00:00:00.628977,0.26937634859788695,2,0.001911977631114934,28,883.9569114035485
184,0 days 00:00:01.287134,0.0710620492362727,5,0.0014094774292721939,36,0.023903880387637855
185,0 days 00:00:01.447792,0.024038801924007227,4,0.005243807837713041,66,343.56041363840177
186,0 days 00:00:02.871397,0.030260411143721938,6,0.08055890984028204,113,3.060046483233424
187,0 days 00:00:00.660706,0.07138294073294689,4,3.1698140848135625,14,0.0567315995556048
188,0 days 00:00:01.014137,0.06997762669315595,2,0.005288692506280666,60,0.009563470517538773
189,0 days 00:00:00.642459,0.10229406909252362,2,0.10081082587794293,14,43.573213991517996
190,0 days 00:00:00.561293,0.019608574726929867,3,0.3192170459571237,13,4.949107302833058
191,0 days 00:00:06.995342,0.014644043135965379,6,0.15757726118993018,305,884.822914559875
192,0 days 00:00:02.348323,0.26338978653833695,3,0.13613093419330094,265,0.16778463370224656
193,0 days 00:00:00.660317,0.0298505973874476,2,2.5065780156495863,27,25.768600136587246
194,0 days 00:00:01.326099,0.0604632522754852,4,0.07766374476414821,55,60.44683422785088
195,0 days 00:00:04.803807,0.03440913895525835,6,0.0038904101247564126,198,0.09085963910892932
196,0 days 00:00:01.487317,0.1886662885144829,5,0.9583507975371924,67,0.0023149456688025386
197,0 days 00:00:01.613472,0.17371900673844415,3,0.24731919527557156,142,0.6968659468749372
198,0 days 00:00:02.554194,0.012010278465162663,4,2.6215001290135196,120,0.0037613210091048685
199,0 days 00:00:09.315937,0.025683428397415168,6,0.24579645961725297,373,0.1418093890881618
200,0 days 00:00:01.376490,0.02346499170895687,5,0.001520259766295467,32,0.002080102282609409
201,0 days 00:00:01.062466,0.11878033468707644,3,0.3566488539708274,71,789.4941146691284
202,0 days 00:00:03.726786,0.055291369128523477,5,1.2468858692305316,188,0.8501066798866903
203,0 days 00:00:01.429147,0.029069591839230323,3,3.7530219346130536,88,0.32670491471713303
204,0 days 00:00:01.104533,0.1673625483901597,6,0.6418547572326259,37,0.2555369874839585
205,0 days 00:00:02.461374,0.35572884048344194,5,0.0034641810395574122,117,51.140692342046464
206,0 days 00:00:02.697526,0.17301146996936842,3,1.3146517009558751,265,0.8448004764730083
207,0 days 00:00:02.686169,0.3094215314709258,6,0.16849269254596502,113,64.49458834328126
208,0 days 00:00:00.458599,0.17653452061155236,2,0.02357407759178631,13,0.31068055846151416
209,0 days 00:00:00.644386,0.3043278031696818,4,0.034949108321223755,21,0.050631655160864486
210,0 days 00:00:00.568567,0.03074215021635421,3,0.12816206098970248,14,99.76492818171141
211,0 days 00:00:01.245912,0.0336154327539627,3,1.967700327207558,107,0.17457131896514183
212,0 days 00:00:00.754435,0.11979389049360445,5,0.4741320376618466,14,6.55203575867321
213,0 days 00:00:01.582567,0.2781290283745736,5,5.423293133065137,65,4.755293835177196
214,0 days 00:00:03.497821,0.024524991436740147,6,3.9713915876801242,137,197.23258895882458
215,0 days 00:00:05.241817,0.11484294059294053,5,0.13816715847764133,249,0.014607108406474159
216,0 days 00:00:02.804167,0.04743694549674261,5,0.018586945774392145,90,193.65133589819195
217,0 days 00:00:01.732846,0.10200821918241902,5,2.7396926403900514,69,190.13613085197426
218,0 days 00:00:00.981716,0.02261490859913885,2,0.7786647111663159,88,0.043761903199729564
219,0 days 00:00:00.817038,0.4396009046303654,4,0.004712937423988366,23,448.73008418062506
220,0 days 00:00:00.546468,0.03399827163921038,3,1.6854895607522449,12,0.1641270284935482
221,0 days 00:00:00.732225,0.33813091410080187,2,0.0026153487856703946,42,2.826297638117666
222,0 days 00:00:00.652472,0.361637316677837,4,8.773256039199874,19,27.305702656353482
223,0 days 00:00:02.148314,0.33783865463946655,3,0.009701732046789506,201,1.629617348694213
224,0 days 00:00:00.711315,0.18255552656933127,3,1.5924493182338413,34,0.11990621803266932
225,0 days 00:00:01.838011,0.020382231333157513,6,2.5988794632892245,62,0.0037088814711030873
226,0 days 00:00:07.215232,0.07184915970279863,5,0.001334913506251532,423,0.020887126649800098
227,0 days 00:00:00.781456,0.010191496108593748,4,1.3662382820622345,23,0.7278630953033913
228,0 days 00:00:00.646986,0.1688790679526128,3,6.8131922084878935,15,6.131571500286946
229,0 days 00:00:02.554722,0.010510390691190972,3,0.6045558853696932,221,0.06474424550916587
230,0 days 00:00:01.279378,0.23869896666881335,3,0.0010021761815615514,88,239.45188695541637
231,0 days 00:00:00.913078,0.09385132738193422,2,0.06791325654286509,62,0.039857141411558085
232,0 days 00:00:00.515769,0.10460099905178634,3,0.028700042909362226,12,4.813631643272555
233,0 days 00:00:00.714958,0.015420345840915587,3,1.088166901183445,20,61.44964719566134
234,0 days 00:00:02.556785,0.45442468569254324,4,0.0032002086390123356,167,735.050491126175
235,0 days 00:00:01.372530,0.3321696723325293,6,0.23663889278537714,52,5.449392903647842
236,0 days 00:00:01.266586,0.026038715635764275,4,0.004720335455752458,67,230.82861407145285
237,0 days 00:00:00.887015,0.2508178558750577,5,0.002178973558642227,25,54.121731985383505
238,0 days 00:00:01.802862,0.3139822674233406,4,0.6173364682192899,124,0.010718474836181198
239,0 days 00:00:00.909052,0.25061830195273577,5,0.0050113650279806484,36,7.429984718437304
240,0 days 00:00:03.354011,0.19500737512731203,6,1.8724776027147072,137,0.3301855723247004
241,0 days 00:00:00.758117,0.0710161015673351,2,0.028393010385126028,55,0.06365101751732033
242,0 days 00:00:01.427480,0.010272158911728873,6,7.855932194322047,42,0.3510889632017735
243,0 days 00:00:02.095287,0.06091859836328578,5,0.5834088398457427,76,0.2965939496804497
244,0 days 00:00:01.362714,0.015562794823165473,4,0.03801677321858758,66,0.0034529687070133813
245,0 days 00:00:01.957988,0.33205883481711823,2,6.18823862070871,178,185.36042508537682
246,0 days 00:00:01.297764,0.21895571022083574,2,4.486929477577284,119,0.001472622553175816
247,0 days 00:00:02.256473,0.08365848033676382,5,0.10979831813199742,100,16.18912939851184
248,0 days 00:00:02.265733,0.08694210245482124,4,0.003257358987877324,150,99.0369667605376
249,0 days 00:00:00.863081,0.017298403306700356,5,0.006747664938028529,17,29.834055438582965
250,0 days 00:00:00.548389,0.013040325376089797,3,0.18567661677564895,17,1.2809711202092466
251,0 days 00:00:06.093902,0.0139794311988193,4,0.0312655197673817,337,0.7450195649464639
252,0 days 00:00:04.485052,0.026967843162065994,3,1.9409041294582814,381,39.57685398764212
253,0 days 00:00:00.650526,0.01588777669921156,3,2.492620671264193,14,164.24191217778846
254,0 days 00:00:00.980213,0.10116470163080575,5,0.0012007468504438138,21,313.2489499442176
255,0 days 00:00:01.977532,0.02585852545448707,6,0.02286928911243131,71,0.009171735122937435
256,0 days 00:00:00.724714,0.09266445721189302,5,1.2013795566354748,11,26.20742299655602
257,0 days 00:00:02.800954,0.0105945403768734,2,0.004569569645607841,410,0.15516974502500802
258,0 days 00:00:03.032377,0.1328237426035208,5,0.4035145180038581,166,0.25822181794625054
259,0 days 00:00:02.092989,0.052409602057531944,2,3.4076014460027264,266,0.006749354046949355
260,0 days 00:00:01.541666,0.3838747527347353,6,0.11006196073314811,64,0.010521277629053987
261,0 days 00:00:01.052240,0.03771045864300585,5,0.003829012532913917,32,0.00918217447711538
262,0 days 00:00:02.906252,0.04786691226602768,3,0.2416592179164925,282,18.58337247871073
263,0 days 00:00:00.584896,0.17817002018178335,4,0.3236731357348324,10,0.0724477693572561
264,0 days 00:00:01.280074,0.1057259204413822,3,0.055976552653103126,64,56.34024478861681
265,0 days 00:00:01.256616,0.015271447785740628,3,0.028892855007212677,66,0.12376421000831125
266,0 days 00:00:05.439292,0.012159602642732074,5,3.002784055083718,188,2.2531216469609086
267,0 days 00:00:01.764916,0.014002839070625467,6,0.0012042796603258833,58,267.5424128202263
268,0 days 00:00:01.816717,0.03870236352730786,2,0.0232836424840353,162,618.596750380011
269,0 days 00:00:03.130042,0.1659367141225411,2,0.005881488498840041,351,0.011285945098157973
270,0 days 00:00:01.239247,0.13087626737200153,3,0.5730078828442062,93,0.0010910849422607384
271,0 days 00:00:01.823810,0.0375137845873238,2,0.014696195558809966,211,0.00893536803214448
272,0 days 00:00:02.322944,0.206577033183813,3,0.5939231586132397,210,0.02115583788442359
273,0 days 00:00:03.433816,0.01042734803157069,4,0.8361711174366575,224,8.252633373013449
274,0 days 00:00:01.520819,0.030696879251793974,2,0.001524170337133311,148,360.5708711134978
275,0 days 00:00:00.919732,0.022820379528353706,3,4.30096592734956,38,468.42723516003525
276,0 days 00:00:00.596642,0.33197296234488194,2,2.578555074868794,24,0.024810047665890653
277,0 days 00:00:00.568431,0.3616793905645031,4,0.032021657711908506,18,4.103929297726162
278,0 days 00:00:00.622795,0.42255821380114567,4,0.19500212759837016,10,0.10514430456191153
279,0 days 00:00:00.676195,0.47307855722244535,4,0.0028942590583093016,19,0.010118353377889164
280,0 days 00:00:01.345448,0.03913074865970031,4,0.011733149608641377,57,0.9493896521770704
281,0 days 00:00:00.720206,0.18096292588558513,2,2.24719918074154,35,25.431797665246865
282,0 days 00:00:01.140779,0.08343889667906662,2,5.282552794359287,99,0.1658856053763879
283,0 days 00:00:02.474530,0.0636668252608464,4,1.7971462280604922,202,32.23453266306495
284,0 days 00:00:01.111627,0.1881256148255569,4,2.094094538485511,48,0.013489658287115824
285,0 days 00:00:00.707684,0.0168360192684743,3,0.003810941499545827,28,0.9634788078425939
286,0 days 00:00:04.415506,0.03590405077518144,4,0.0012315729111018693,345,467.42535382328595
287,0 days 00:00:00.737551,0.4389481930141741,5,0.5101455067024983,18,412.8666435302268
288,0 days 00:00:00.909233,0.21427121549347541,6,0.09080694083294996,15,0.006365469527966759
289,0 days 00:00:02.933181,0.023242386730170508,6,6.377801337038702,99,0.09004723047453703
290,0 days 00:00:04.151333,0.04599616473027553,6,0.005114099968019763,164,0.5364043061995353
291,0 days 00:00:01.667689,0.31411580908621256,5,0.8900785689145849,78,1.8811944950467714
292,0 days 00:00:00.746492,0.09387216488032059,2,0.03240140778872858,36,38.32035610567565
293,0 days 00:00:01.963691,0.018191887736631426,6,0.006018869400155831,59,0.005183379363628179
294,0 days 00:00:01.454125,0.06303038925356519,6,0.0017510633195202817,35,0.001105443013178888
295,0 days 00:00:10.458719,0.01670972490087552,6,0.16594434434970476,476,1.485576899222131
296,0 days 00:00:03.488191,0.2113254862671501,2,0.02672849030928782,480,0.0032947194786338316
297,0 days 00:00:00.529394,0.022291688662014624,2,0.14199862055257456,26,36.9211240302392
298,0 days 00:00:03.706173,0.41028463713648444,4,0.5061147576228873,270,0.05084489639008559
299,0 days 00:00:09.272286,0.06850959894056426,5,0.015202360425742778,460,0.22062200359365677
300,0 days 00:00:01.605021,0.016876247302865504,3,0.1576646421020042,125,0.6194167521327952
301,0 days 00:00:01.808929,0.08138093954561444,3,8.327474772804424,188,0.010859717895768504
302,0 days 00:00:01.918056,0.15006915936097753,4,2.401722546728978,148,0.005712373045474427
303,0 days 00:00:02.689348,0.09931976039609387,5,0.03209849146739992,121,82.76252528957454
304,0 days 00:00:04.192005,0.03287032936093646,6,0.5170013499119213,158,1.5945517433953718
305,0 days 00:00:05.156829,0.04113296558956579,4,0.9220899677320532,387,389.095446494977
306,0 days 00:00:00.781149,0.09571562013045394,5,0.006357709427067154,14,1.3261717172425858
307,0 days 00:00:01.157695,0.20435953874432009,3,0.7472121426146896,80,0.0026205672162416325
308,0 days 00:00:02.081117,0.021272855249820907,5,0.17656725595190395,76,38.0944757700858
309,0 days 00:00:01.668476,0.43527896069017225,3,0.8516899369672711,144,35.669450016625476
310,0 days 00:00:00.554548,0.11121559365072614,2,0.0028256670215769915,21,5.842035106747461
311,0 days 00:00:00.841291,0.01261421817276356,5,7.5349109856712335,17,0.01600688510865756
312,0 days 00:00:05.150087,0.1415915143770573,5,0.1107666945030992,345,107.18655051824852
313,0 days 00:00:00.744497,0.011263818112019328,4,1.8931122257910875,24,62.680454463875286
314,0 days 00:00:00.520067,0.01671096121220426,2,0.03244345835849458,19,16.418051968408413
315,0 days 00:00:00.586631,0.3613435541467422,3,0.3946161080409179,19,75.33500934660141
316,0 days 00:00:04.978789,0.20616499787664375,5,0.38185921205380663,249,0.06617516955459915
317,0 days 00:00:01.247482,0.010426038694432165,6,0.30315595926403754,25,0.13651856447617094
318,0 days 00:00:01.280215,0.03497738855965864,2,0.11736218542444242,133,3.3956021426721126
319,0 days 00:00:01.085384,0.025263401890340133,4,0.3394902398134717,40,0.2985487278280171
320,0 days 00:00:02.029433,0.09224444764257018,6,1.1320126603520104,81,0.04458407375100684
321,0 days 00:00:00.769418,0.012565019893337437,3,0.014648201035467481,18,0.00832251463090595
322,0 days 00:00:00.937986,0.09227045406926804,4,0.8736572229150475,29,2.095010159065186
323,0 days 00:00:02.415285,0.010141473699340672,2,0.02057997890370329,238,0.35508819581521944
324,0 days 00:00:01.162543,0.04108722574623329,6,0.0024298838499691973,42,0.008530628042361054
325,0 days 00:00:01.004136,0.2513889374436169,2,0.13335973721824168,89,0.0020381648152828333
326,0 days 00:00:03.275206,0.19503939997367514,3,0.006472925461467605,302,864.2593790809882
327,0 days 00:00:01.514381,0.03345996941765827,2,0.05693860461320562,181,0.9590691864201882
328,0 days 00:00:06.840382,0.43736725682029626,5,0.7942184454628491,391,0.003479646542958594
329,0 days 00:00:02.000590,0.02598482868796053,5,1.685810132354037,70,0.14076354648001685
330,0 days 00:00:00.516818,0.2732949280190387,2,0.3937431087976375,13,0.0018146274638977003
331,0 days 00:00:03.370168,0.3405104178287608,5,0.0010094350508916587,148,0.0018473092140735186
332,0 days 00:00:00.802920,0.4999378347063826,5,5.467360284011813,20,385.015269669726
333,0 days 00:00:00.672339,0.029913207151960355,3,0.03487456472218837,12,483.5535910314034
334,0 days 00:00:01.084441,0.11991459044727443,4,0.06940443715619075,46,0.0059210991157937955
335,0 days 00:00:01.477403,0.04104997051236971,6,0.002342916293246514,41,0.17632191090733065
336,0 days 00:00:01.384843,0.39939660002742816,3,0.29982011944233067,84,0.08237729709215913
337,0 days 00:00:11.482715,0.016758343233115057,6,0.11886318222493356,471,282.22794317539046
338,0 days 00:00:03.397589,0.1376186336084923,5,0.4969320361218229,167,0.08313906740776987
339,0 days 00:00:02.009853,0.19970928262288234,5,0.4355264844755896,79,1.4396105284194347
340,0 days 00:00:00.605720,0.038048830957406805,2,2.6995558291011674,11,425.094453452562
341,0 days 00:00:03.821870,0.11620995458958988,5,0.001221038930673377,237,180.48895345456052
342,0 days 00:00:02.091225,0.05755388778327928,5,0.5201485210161937,63,0.07673736510916995
343,0 days 00:00:06.889448,0.011043698368174409,5,2.223905272741517,327,0.010648972927361276
344,0 days 00:00:00.993272,0.0336647634910526,2,6.314845633908522,66,42.189082215351114
345,0 days 00:00:00.710862,0.4245147001731322,5,7.628548452275666,15,27.64345145392156
346,0 days 00:00:00.601302,0.03769522730544047,2,0.08985231473763124,14,81.36921247814222
347,0 days 00:00:03.885868,0.014012050267144045,2,0.005780185221253882,492,0.003047681593450224
348,0 days 00:00:00.727005,0.013184513030146335,3,4.909485397118604,26,0.2758643182891219
349,0 days 00:00:00.717650,0.011592789650329803,4,0.011899959255358689,11,0.0016857901008591318
350,0 days 00:00:00.576080,0.29519202650622967,3,0.194761349398031,14,0.004602256407407807
351,0 days 00:00:02.402591,0.03261508645786634,5,0.17278476926371286,87,221.3573842614092
352,0 days 00:00:05.240807,0.021398263410909085,6,0.09880892162823629,200,5.245883432189126
353,0 days 00:00:01.226756,0.015623379565267947,3,0.5869576093812353,71,0.03427671978868704
354,0 days 00:00:00.650553,0.12683628359635649,4,1.8717435759446102,16,10.79127702191039
355,0 days 00:00:02.748459,0.2987953763702592,3,0.006547472450026059,265,0.4128699171474337
356,0 days 00:00:01.956103,0.19933584046470662,2,0.025104541571062504,260,24.06535283712991
357,0 days 00:00:02.340284,0.17871839607863996,3,0.5200796865499263,229,0.0017089343877549732
358,0 days 00:00:00.816806,0.09061660830675985,4,0.013436664452920575,31,0.027018389738125488
359,0 days 00:00:00.728978,0.0445212366681352,5,0.8972571397382726,12,0.002347018623019473
360,0 days 00:00:00.637625,0.4468926057764329,3,0.006187322483452594,31,0.3897728613914984
361,0 days 00:00:00.785644,0.2369666428865415,2,1.7284058470041612,47,0.18812340387602225
362,0 days 00:00:01.714573,0.019926153521835483,3,0.0010526645669842825,104,0.2672872248383126
363,0 days 00:00:02.868912,0.0343935240985609,3,0.0032389855191504164,196,44.629286603574265
364,0 days 00:00:03.716155,0.24975084223892846,5,9.046084397944579,194,0.4227080777123568
365,0 days 00:00:00.793333,0.09050845209121612,3,0.09703982977955705,37,21.365971766022103
366,0 days 00:00:00.966453,0.01808989292839182,5,0.009280827089108037,26,208.09515926588398
367,0 days 00:00:02.141367,0.01694875122224371,4,0.3112256630393428,107,0.006666720725189488
368,0 days 00:00:00.968787,0.23880527694359238,3,0.0023560898500545407,36,0.0010327823314725702
369,0 days 00:00:01.723508,0.18780902128161747,6,2.781854191725207,76,0.004546864335974115
370,0 days 00:00:01.206863,0.018665271625619824,5,3.702141990569567,35,1.582706605529002
371,0 days 00:00:00.609031,0.04044695145215889,3,2.2235022405921145,25,4.40515958598692
372,0 days 00:00:01.789767,0.06484525661257314,5,0.0022128599478310838,50,0.0011871033635349267
373,0 days 00:00:00.658066,0.07131671078613712,2,0.014736008772893893,38,1.0272954247975434
374,0 days 00:00:01.162189,0.1913066715511818,3,0.01301229172644916,76,0.15825624703350008
375,0 days 00:00:02.496931,0.06632409921290926,3,0.044908848040714155,222,42.39589334871402
376,0 days 00:00:00.855606,0.015990396771907684,6,1.2103558833858876,12,0.729207991327494
377,0 days 00:00:00.924371,0.1652732392258604,4,0.08628503106135411,42,75.10953197761503
378,0 days 00:00:00.908059,0.1388094934788059,3,0.3092843741902982,54,0.0010915704743275564
379,0 days 00:00:00.960416,0.3898342360866851,6,0.009480876617335933,21,4.408168699184293
380,0 days 00:00:03.363210,0.05187350579704118,6,0.00512610668314557,123,0.0011540613292700338
381,0 days 00:00:02.565786,0.05535113886156412,4,0.4171887625526743,186,5.425586567857956
382,0 days 00:00:00.708633,0.024576309869304903,5,0.02250796813153069,13,0.005779897231406774
383,0 days 00:00:02.266649,0.044679970621301746,3,0.05457174698926155,171,0.0010281604040672328
384,0 days 00:00:03.541926,0.10892122623764054,3,8.511074988770362,383,0.2471231238737321
385,0 days 00:00:02.179203,0.286827829608511,4,0.0010907057956289726,146,0.09498013817850837
386,0 days 00:00:01.043945,0.0681288926492856,5,0.002901685632059748,21,17.9617775530207
387,0 days 00:00:00.766278,0.16937203645491197,2,4.30491099977674,44,574.9250549797463
388,0 days 00:00:03.681137,0.019205324084262045,4,0.006032835710366315,245,672.4484713195054
389,0 days 00:00:05.995163,0.037230467073583025,6,0.03180992000052319,217,0.0011727886621362993
390,0 days 00:00:03.145521,0.02800490664809187,6,2.4023186436778476,115,1.9917359802716004
391,0 days 00:00:00.790702,0.2995454785282797,5,2.579067718306897,24,6.285723538871762
392,0 days 00:00:03.271192,0.3922782069161776,3,0.8163916905181673,316,12.388975257210308
393,0 days 00:00:06.428024,0.023968552643165216,5,0.3941610405900375,326,0.04145438788999183
394,0 days 00:00:00.777089,0.03990423780407125,3,0.023656708754737986,24,0.6816774508137775
395,0 days 00:00:00.571161,0.010976413194262043,2,0.4055438605518266,12,1.1994824330815965
396,0 days 00:00:03.577220,0.0699583579787638,2,0.07621919752806902,478,0.9284643396543313
397,0 days 00:00:00.915071,0.10461157462834222,3,0.08384818293050603,39,0.028882235969853745
398,0 days 00:00:04.855698,0.061082040147284036,6,0.01823575018093248,235,890.1401630456138
399,0 days 00:00:00.619290,0.14580877520799163,6,0.22618088234404818,12,16.935551704324535
400,0 days 00:00:02.069105,0.06281701272923522,5,0.4248776739705443,75,30.90429536682295
401,0 days 00:00:03.674916,0.2897035917739893,2,1.9422776712254177,492,232.53157936916043
402,0 days 00:00:00.528630,0.05013360070828337,3,0.001516287726103803,10,0.015340232108971008
403,0 days 00:00:03.589329,0.07611219251764811,4,0.05601859646723086,289,77.98522415800265
404,0 days 00:00:09.438589,0.1310702764634526,6,0.48802273866363116,489,0.7554321134090717
405,0 days 00:00:03.461432,0.015923797628901157,4,0.7768549298035089,190,1.4887153042289678
406,0 days 00:00:01.723199,0.31568334836482925,5,3.0336165136878046,104,65.7800478298702
407,0 days 00:00:00.566326,0.04673725523957882,3,0.00645256281813101,12,738.5738296948626
408,0 days 00:00:00.819445,0.2382177730652519,2,0.009819941957089549,31,451.15761962949017
409,0 days 00:00:00.930119,0.47111823315060103,6,0.12296375778029163,14,249.20168845918906
410,0 days 00:00:00.883275,0.32522930281966556,5,3.3864351469631604,22,568.1428197117019
411,0 days 00:00:00.748885,0.09912319758612337,4,0.014038035743773002,19,0.016679808936490913
412,0 days 00:00:00.536916,0.1407630116679162,2,0.25670851583013293,14,20.088592876431044
413,0 days 00:00:02.285324,0.10486110928328478,6,0.05789098619472425,87,1.9957702005621525
414,0 days 00:00:01.126904,0.03366951704606703,6,0.92468756356414,29,0.003673376203332482
415,0 days 00:00:00.844070,0.31709406678541885,4,0.4295238882381267,21,0.0785228179166218
416,0 days 00:00:00.611507,0.48643624536854185,3,0.003473297628696354,11,0.6694774747727226
417,0 days 00:00:01.181076,0.23040481355880807,6,1.2696470182416175,23,942.5659482379845
418,0 days 00:00:02.654266,0.01920560080772273,4,0.027937148536006838,138,0.001959855416981108
419,0 days 00:00:01.541802,0.12155434251778277,4,0.004384480202492402,83,10.889391077373801
420,0 days 00:00:00.744090,0.16900880276090252,6,0.008432079191481763,10,728.3961776087745
421,0 days 00:00:02.020978,0.0682290463439504,2,0.013268544108808587,209,0.14853325565166786
422,0 days 00:00:00.590443,0.02377554010784493,2,4.249400522169039,13,0.01250096990016025
423,0 days 00:00:01.353115,0.023773588960752157,6,0.6674459374887511,29,2.8143066333069915
424,0 days 00:00:01.259366,0.1348217333559441,3,0.044211941979623436,82,0.0019692263405720087
425,0 days 00:00:01.063822,0.05289709352225864,3,0.08422123448713134,54,0.009815478936060421
426,0 days 00:00:00.841270,0.01259359602684844,2,0.0020875977695499677,62,83.00198509596126
427,0 days 00:00:01.103029,0.04140173712547663,3,0.007119859741305746,70,128.48284260178346
428,0 days 00:00:01.247536,0.013439121571128103,2,0.5832507058334746,107,0.028266337707039166
429,0 days 00:00:01.041728,0.050578112343922337,6,0.0034996097808708227,28,9.974255182399144
430,0 days 00:00:04.663382,0.020010675050519542,4,1.3170133971533464,361,5.3253368629304445
431,0 days 00:00:06.366755,0.1979411894179639,6,1.9793996147015362,298,0.3883803605774011
432,0 days 00:00:02.809674,0.09326746653948817,2,0.030216340089372275,388,0.004202583632551512
433,0 days 00:00:00.643151,0.2361998712177475,5,0.3385145280648856,13,0.5574992670888566
434,0 days 00:00:01.283250,0.020605009283505074,2,0.0017957916442860663,76,1.1147181133831594
435,0 days 00:00:00.610187,0.18960854521208872,3,0.0012204268164430231,16,79.85912524308709
436,0 days 00:00:00.979080,0.1325831713683813,6,7.087645530548714,15,3.751368813035887
437,0 days 00:00:00.969975,0.014095830424020602,2,0.003630626218886208,53,7.669868542251401
438,0 days 00:00:01.315456,0.09968988684561024,3,5.514391161274848,99,23.468877028324957
439,0 days 00:00:05.937759,0.07807266832729864,6,1.64715824938675,296,0.005730059584189877
440,0 days 00:00:03.932710,0.02476177833803354,6,0.046848924420300385,150,0.7284281013344595
441,0 days 00:00:05.150463,0.3251115477436128,4,0.517878927270408,344,0.03244454629671404
442,0 days 00:00:09.643999,0.013442423368060969,6,0.017630458695874863,427,0.005021858160243049
443,0 days 00:00:00.665257,0.013772582232038593,3,0.10280211320644927,25,85.08361246481024
444,0 days 00:00:02.858881,0.027922330396468045,4,0.003969633782599109,211,2.4252407830482126
445,0 days 00:00:05.212610,0.011594894248451885,5,0.017329965911926915,242,0.03979295580654502
446,0 days 00:00:02.780639,0.1221534693260732,6,1.3870729700224114,119,0.004862013227125028
447,0 days 00:00:00.491654,0.04808050953154887,2,0.02165534144172412,15,0.9859156458404722
448,0 days 00:00:01.032906,0.01011259622158392,2,0.08267790156959319,98,0.4563937892442597
449,0 days 00:00:00.947835,0.018279863105231425,5,1.3359305073455825,22,34.947701880206274
450,0 days 00:00:02.684030,0.15414219697623635,6,0.14419810666765634,112,0.0015738740379624883
451,0 days 00:00:00.469234,0.02124775522325545,2,2.837378708929498,10,0.0022962313389288955
452,0 days 00:00:03.904197,0.052389724323808694,6,0.08411962806876722,174,5.46298918362266
453,0 days 00:00:01.500428,0.1412429535585558,4,2.0801534093934726,78,0.06482817952168934
454,0 days 00:00:01.237269,0.26283431725772227,2,4.445176063337925,169,35.30253168584199
455,0 days 00:00:01.298413,0.053181881238447644,6,6.112118795269484,36,0.4848633448974264
456,0 days 00:00:00.793887,0.12948968913993894,4,0.02896596366979703,26,0.5160799886712688
457,0 days 00:00:00.953846,0.03479475717686079,3,7.34259571135623,47,0.05577123866519187
458,0 days 00:00:01.097910,0.1537870743510965,6,0.03342445119800658,27,0.037731036703669715
459,0 days 00:00:02.654467,0.03687029480299308,2,0.07017084693841132,381,0.06667515286257904
460,0 days 00:00:03.810672,0.2760112364990837,3,0.044116145076175055,385,0.6075575412912944
461,0 days 00:00:00.614275,0.09062383009511235,3,0.0381429193497767,14,0.0011903143123861836
462,0 days 00:00:01.967739,0.17649454165604647,4,0.10363762625304897,117,0.012237299585982424
463,0 days 00:00:09.483226,0.15440511920464595,6,1.620160946270411,480,0.30434587573237454
464,0 days 00:00:02.361720,0.024872213138679287,4,2.0368136574631315,162,0.07424283167469067
465,0 days 00:00:06.449784,0.043870510609724474,6,0.5256092578168525,323,6.521377134299675
466,0 days 00:00:00.920607,0.03661659895819395,5,0.007492667630803299,28,85.2226138644291
467,0 days 00:00:02.461747,0.06375832370792636,5,0.011757031940573807,126,0.014855409689594878
468,0 days 00:00:02.710758,0.015852018043108908,3,0.016399951090442316,225,1.4120372424516474
469,0 days 00:00:01.230752,0.12486997688717645,2,0.470903345114958,111,2.226956941802846
470,0 days 00:00:02.838509,0.08824460982659725,3,0.021774418618112187,289,197.5896207935505
471,0 days 00:00:03.276734,0.1361091047024433,4,0.1577775128894174,305,11.81087961031642
472,0 days 00:00:00.603147,0.13578474483699912,3,4.690596986023052,18,53.38944028819837
473,0 days 00:00:02.683026,0.08722952143884795,5,0.19879315214777807,144,14.910820891331134
474,0 days 00:00:01.467481,0.11239455198656742,3,0.13363096492735976,114,13.310196576336988
475,0 days 00:00:00.691643,0.17329581049326997,6,0.37434679801598164,14,0.0031261218564076583
476,0 days 00:00:02.350883,0.03858602785279104,2,0.015313322419463237,311,1.879471776768661
477,0 days 00:00:00.842926,0.021224179429205903,2,0.010450349985489585,45,481.7177249226671
478,0 days 00:00:02.231763,0.12755759777440645,5,0.011199017307352217,102,0.008744050374390867
479,0 days 00:00:00.664432,0.32494004971251067,4,0.16284036119704412,11,0.12941819842727656
480,0 days 00:00:01.393798,0.011401393252634898,3,0.0023026225547702777,85,0.3352296146845868
481,0 days 00:00:01.066790,0.07506559920221662,6,3.853241617272771,21,0.00522798064704429
482,0 days 00:00:02.257805,0.07583691561040731,2,0.002694467307244693,296,0.03630172309101733
483,0 days 00:00:00.879912,0.09750754838635196,4,6.998068501686679,43,33.366217359546255
484,0 days 00:00:00.920766,0.05030804053689436,3,0.036762303555371835,39,0.934707447753864
485,0 days 00:00:00.976155,0.3153688850891116,5,0.004294156688373574,32,49.05320959334927
486,0 days 00:00:00.649809,0.03903002083999851,4,0.7005577479148551,11,0.819203878584984
487,0 days 00:00:00.963192,0.17024132652896323,5,0.0018265387180936496,26,68.95325313400186
488,0 days 00:00:02.421105,0.016696730710008132,6,0.014532207982533133,74,0.5033729783019163
489,0 days 00:00:01.626007,0.2237871537152509,4,3.060946503049455,104,0.025146585539925707
490,0 days 00:00:00.690073,0.14301518523313425,5,0.0022286132452814973,13,3.3488191246286347
491,0 days 00:00:03.128169,0.01854449221238179,4,0.15858636231003953,190,3.668397787114583
492,0 days 00:00:01.165978,0.03463909217093262,4,0.09644453298793994,50,653.7995286621187
493,0 days 00:00:01.002697,0.01964962129889746,5,0.011876792215778307,28,338.56571909877243
494,0 days 00:00:02.461987,0.01552972925559517,4,0.0010092051860023132,131,1.303004600328109
495,0 days 00:00:00.925151,0.04164264970756765,6,0.6004551516842173,15,0.22369583745898836
496,0 days 00:00:04.534508,0.39565353745919135,4,1.701087266708579,342,1.1520382325930991
497,0 days 00:00:01.026258,0.13755668154207082,6,0.6464366229542179,16,15.932949684877261
498,0 days 00:00:08.474470,0.2686833439375771,6,0.14298746847578062,394,0.8330734323358644
499,0 days 00:00:02.049712,0.026945034337142307,6,1.8434043531733117,70,27.211085664316947
500,0 days 00:00:01.831089,0.3186350735727445,3,0.005720836598195309,166,844.4275241826118
501,0 days 00:00:01.217954,0.2092691841113327,5,0.015965871999395094,47,0.009520430621839387
502,0 days 00:00:02.413391,0.29753112283325,5,0.007903007992051412,128,200.53259357687776
503,0 days 00:00:00.738232,0.022505408922350627,4,7.446229473541326,17,1.2266327536510904
504,0 days 00:00:02.722753,0.09968240218243771,6,0.1831592102212689,119,34.74551017764531
505,0 days 00:00:02.456393,0.2745674591176304,5,0.04594227350556269,132,35.07643601785724
506,0 days 00:00:01.810828,0.12850491940993664,3,0.06229257514561969,169,0.0010893223576854717
507,0 days 00:00:03.929981,0.032566631926929074,5,0.10161774540828722,190,2.870317382423013
508,0 days 00:00:02.031133,0.07990944206078808,6,2.921753749321726,64,0.002565754133088284
509,0 days 00:00:07.009009,0.012273346182411408,5,9.36413327937853,357,2.1970203810368263
510,0 days 00:00:00.673641,0.056051734947344875,3,1.627092264642948,39,1.1470073579292457
511,0 days 00:00:00.413356,0.17329706685015292,3,8.95906352436626,10,5.129559039803465
512,0 days 00:00:01.142201,0.012582144799767056,2,0.2097837468757174,117,99.15716863754429
513,0 days 00:00:00.752089,0.11932876352324319,2,1.7209591474359454,35,0.10553796792805352
514,0 days 00:00:06.149759,0.038948658538857824,5,1.2355370813405313,356,0.4043703789848561
515,0 days 00:00:02.756821,0.016209888798044154,4,0.006165400136123446,166,0.9693145350589408
516,0 days 00:00:02.408432,0.03277596958544527,2,0.00386398808471883,311,0.2124110796807617
517,0 days 00:00:00.746283,0.062489020965581524,2,0.03508390559149049,23,0.0285787021912908
518,0 days 00:00:00.824174,0.0121322061968135,5,0.041622416872052884,26,0.02867119693684107
519,0 days 00:00:05.154887,0.019798330421198995,5,0.09841786863562557,231,1.8576714541722044
520,0 days 00:00:00.625926,0.027274450818020823,4,0.2854970121105121,13,55.949302434237204
521,0 days 00:00:01.249468,0.018193866810004528,4,0.0810114288924196,49,158.6990962265176
522,0 days 00:00:00.768682,0.07736141705668055,5,0.09140981140415985,10,14.387889875872526
523,0 days 00:00:00.779433,0.22237419512120724,4,0.002875326041632322,25,68.66863115650209
524,0 days 00:00:03.999559,0.03450262601995173,3,0.2916983677707841,409,7.024824471096504
525,0 days 00:00:01.159402,0.20473935590773773,2,0.03846271356579855,90,4.575913114987145
526,0 days 00:00:00.581384,0.030399721990661974,3,0.0020739956992570792,14,3.4688803892306215
527,0 days 00:00:00.562249,0.018402916613652846,2,0.14620315172277576,18,2.2617458372861834
528,0 days 00:00:03.206743,0.017553847451974774,2,5.88850970590286,355,0.0031883349791481776
529,0 days 00:00:06.450385,0.021424256455126453,5,0.020620162764494136,223,0.09977661330710262
530,0 days 00:00:00.715662,0.011607129162605567,5,0.19155470109759304,14,33.86218299411313
531,0 days 00:00:09.406256,0.12510207011282634,6,0.002629683059235999,462,0.0336290590577785
532,0 days 00:00:00.759221,0.024392082495998446,6,0.00822480601226515,15,5.317659626135466
533,0 days 00:00:02.965074,0.11245638222232215,5,0.004736603969381259,115,0.035441184970867984
534,0 days 00:00:02.933250,0.011392072306962982,5,0.10464574509381816,122,27.202269300959326
535,0 days 00:00:00.876007,0.0436695037218233,6,3.0385797820756637,20,0.2778778121941405
536,0 days 00:00:01.599024,0.011631043229617121,3,0.41670895158228305,105,0.3199767413315454
537,0 days 00:00:00.821992,0.3314141280774366,2,0.004706133394955568,64,0.252353186879881
538,0 days 00:00:02.882744,0.013203309127471178,3,7.427803751141134,263,0.17353893084690644
539,0 days 00:00:00.651509,0.05794464379688243,2,0.0015785965337163828,34,3.134624252811765
540,0 days 00:00:00.873456,0.0184999844288247,6,0.10199672149945896,15,0.4724959706027763
541,0 days 00:00:01.749800,0.014311477130188847,2,0.0016037640727894372,185,1.990160584853824
542,0 days 00:00:02.132520,0.010807381053751982,3,2.016661563728412,138,0.2970789242099473
543,0 days 00:00:02.204784,0.22068301359390255,5,4.579724539572381,83,0.016947801019598058
544,0 days 00:00:01.227353,0.37168204907977503,5,0.25992426076799446,51,81.1789309483459
545,0 days 00:00:04.896240,0.015011700570295154,6,0.19846433100714922,190,56.2262402851615
546,0 days 00:00:01.126607,0.013167279247495762,2,0.0022976190659495977,89,0.007240967405554495
547,0 days 00:00:04.002609,0.1638232546266848,4,0.05321508662593229,315,0.9773566218894442
548,0 days 00:00:01.228898,0.04415474654858673,2,0.1780590391786426,126,0.20594963065687466
549,0 days 00:00:02.780510,0.11777896132698686,3,5.012499878471289,288,0.05013329604026474
550,0 days 00:00:00.482426,0.2286564889619435,3,0.13175600380300098,15,0.0036722682506332314
551,0 days 00:00:03.389137,0.030619333238560628,3,0.20927829008021923,370,237.10141535435318
552,0 days 00:00:00.897822,0.07289220170356073,6,0.07096653734232207,17,187.2916215064165
553,0 days 00:00:00.761672,0.12363702092423534,2,7.852460662271843,42,839.5976386494758
554,0 days 00:00:01.139528,0.025375074278614667,5,0.3896599407608606,40,0.02597730765591227
555,0 days 00:00:00.904451,0.12375081408628187,5,0.14819507556429,25,119.64400535575791
556,0 days 00:00:05.482942,0.022250196565149653,6,0.0024544198276624865,228,0.6994609941480916
557,0 days 00:00:04.963258,0.1704464031471431,4,0.001410241185166016,412,0.7213506102418369
558,0 days 00:00:01.642156,0.011252540473309751,6,0.44055163112247236,67,0.0582822335968182
559,0 days 00:00:02.341621,0.02066038999292505,5,0.9328062083861207,87,13.799484254124373
560,0 days 00:00:04.273625,0.0418146296668926,4,2.60246481791868,308,0.5256639013740235
561,0 days 00:00:01.178040,0.35289522049850414,2,0.03899796537867689,92,0.0028695169035512194
562,0 days 00:00:00.820371,0.10606058930251416,3,0.01509066317269328,46,0.0014299918025798182
563,0 days 00:00:01.141346,0.03466034642769104,4,0.1283875925840142,49,377.7510611133585
564,0 days 00:00:00.857592,0.2354138927095995,4,0.007218463891727118,29,0.06628795655071712
565,0 days 00:00:01.333871,0.020498969749546077,5,0.9237890833567256,45,693.1144052213505
566,0 days 00:00:05.645250,0.033588261090256394,5,0.008740287463618346,254,0.0018292646947749755
567,0 days 00:00:01.303749,0.29567885170542546,6,0.001106100924589142,33,2.084912240394635
568,0 days 00:00:00.776875,0.02238587286506922,4,0.30967946397359053,20,302.97027394339034
569,0 days 00:00:00.533570,0.01717151620220712,2,0.012007703955897961,10,0.30406948905968767
570,0 days 00:00:02.948275,0.2706509275327997,3,3.8175024323365263,271,0.0051246805448469275
571,0 days 00:00:00.821407,0.3615783915409967,2,0.028451169575418257,73,4.1292577364527565
572,0 days 00:00:01.437815,0.023158644308755198,4,0.7988611587122666,68,0.05237151097430436
573,0 days 00:00:01.980357,0.011393270680943847,2,0.0041958360237616356,226,0.2894942190847978
574,0 days 00:00:03.183061,0.19378601392027392,4,2.4428723529936858,257,0.0824517957177887
575,0 days 00:00:01.672294,0.07224796622056644,5,4.4078470522647875,61,0.08622368772780792
576,0 days 00:00:00.432520,0.20224593102084212,2,1.3581160307797489,16,192.18311098289294
577,0 days 00:00:01.803123,0.2632736478665286,3,0.10508548256563291,157,0.014339823918849338
578,0 days 00:00:03.427474,0.060231042870703175,5,0.6730340348195949,195,202.58970056343404
579,0 days 00:00:03.338220,0.05141397771855814,3,1.056278102354438,333,9.40451025115441
580,0 days 00:00:05.815586,0.27187194676149634,6,0.0033805861846583378,283,0.0014650577036870406
581,0 days 00:00:05.241336,0.28994189120177877,5,8.54352975478615,346,0.008680361610774024
582,0 days 00:00:02.453036,0.1178704239471729,3,4.806217098936109,226,0.5963391620486961
583,0 days 00:00:06.222982,0.025559506018092055,6,0.022644070345360548,219,289.48963489280754
584,0 days 00:00:02.273406,0.03638529843414083,3,0.4532883661877217,201,0.07108545279304249
585,0 days 00:00:00.561725,0.028895570954344647,3,0.02083390895611929,20,0.005935627777955151
586,0 days 00:00:04.872500,0.011316649234826191,4,0.29656889879779474,361,6.4051701130108345
587,0 days 00:00:01.170701,0.02271271113249275,3,0.005733071681888827,79,3.2823374111998533
588,0 days 00:00:01.693179,0.03124674792199912,2,0.0016819395076721445,176,1.7238764054722
589,0 days 00:00:02.381276,0.10292377770925609,3,6.685723360775892,185,677.9713154897796
590,0 days 00:00:00.686362,0.01808157677419313,3,0.002416907129344047,18,0.08542537613745371
591,0 days 00:00:01.769387,0.0546995788533609,4,0.17306127364760557,111,12.566266425836906
592,0 days 00:00:02.822620,0.0143863671686295,4,0.47813084732927275,177,1.0906881530029056
593,0 days 00:00:04.094687,0.045956917843823865,6,0.20473975317335957,143,0.15662374508541566
594,0 days 00:00:00.668761,0.16566995338946927,2,0.0018541694148274017,15,0.10822003464276903
595,0 days 00:00:00.569859,0.014500405491743489,4,0.021204926735115787,15,230.2129970346779
596,0 days 00:00:02.890096,0.0230719019539945,3,0.006009506482551638,262,58.456555716476544
597,0 days 00:00:01.045020,0.04663151021320033,3,0.44733440934792834,78,0.04597259224033323
598,0 days 00:00:00.522120,0.011325549604172837,4,0.4286673391593911,17,0.07473235610855533
599,0 days 00:00:03.468296,0.07267862773975313,3,1.596793228548482,356,73.08783926567678
600,0 days 00:00:03.717181,0.07918218707392007,5,0.2095104292914019,151,0.30132697748586046
601,0 days 00:00:00.650913,0.08955420841044318,4,0.010023291939960781,10,407.617874209554
602,0 days 00:00:02.306740,0.45445340389802574,5,0.003092856027982843,90,5.472867558995568
603,0 days 00:00:05.097308,0.4114812107938419,5,0.003091670465379889,250,0.007940029581529352
604,0 days 00:00:00.911406,0.220885945767317,3,0.0031029950388508296,54,11.189445584543627
605,0 days 00:00:00.661040,0.01290446101619659,3,0.0034055166551506485,19,141.4125360146222
606,0 days 00:00:02.758964,0.43467640654184087,4,0.013363953869093066,207,8.817107784051812
607,0 days 00:00:03.048112,0.26909131974895906,4,0.01705696518036039,203,0.003953749229528759
608,0 days 00:00:02.604513,0.32638631261934226,4,0.006826123085432019,131,0.24182226278761526
609,0 days 00:00:01.237979,0.09047858252720492,3,0.08320911909508397,76,0.1256066476496086
610,0 days 00:00:03.509523,0.09992463172788843,3,0.2969307639412096,335,0.5717803320832465
611,0 days 00:00:06.128373,0.03156893453468939,4,3.31636923920656,396,1.2188155245270216
612,0 days 00:00:01.151511,0.3490936090046301,5,0.7559710240969809,39,0.1279552458487119
613,0 days 00:00:00.506854,0.034729453171627504,2,0.001871237472433848,12,0.17393139983909867
614,0 days 00:00:08.555371,0.23189396367041545,5,0.13392573815306194,491,0.3604427788295198
615,0 days 00:00:02.281317,0.28218206305673404,4,9.523158397425755,165,177.7123467966125
616,0 days 00:00:05.309672,0.05970074157614563,4,0.7138013518089977,447,4.468919205886777
617,0 days 00:00:01.179713,0.03820052452352387,4,0.004644000974636889,45,0.11487799329301124
618,0 days 00:00:03.208397,0.04610282555829828,5,2.9444880665287942,134,129.6569674445523
619,0 days 00:00:02.250854,0.05928514524545263,2,0.3230482595391986,245,11.795999629514485
620,0 days 00:00:00.647508,0.3674309955522066,3,0.5541005311969046,20,8.997990399086955
621,0 days 00:00:01.103628,0.2931775386857663,5,0.3710206785692711,35,0.005869849853354948
622,0 days 00:00:02.473602,0.4818990968631158,3,2.0246067153104996,269,10.570012280273417
623,0 days 00:00:00.464109,0.012560534925909675,2,0.19536884247535877,10,173.52403765094755
624,0 days 00:00:00.803212,0.017426363504790987,4,0.006265016094513346,19,48.210509041719334
625,0 days 00:00:01.279029,0.47407232073331657,5,0.008939814628926356,57,459.33042472333165
626,0 days 00:00:00.542377,0.08263843755882619,3,0.00662314678499391,18,0.0031483907567146194
627,0 days 00:00:00.703609,0.4558121612101298,4,0.007527455603100491,30,18.613690561539826
628,0 days 00:00:00.752552,0.23261554960315828,6,3.4356637963036594,14,699.4655701219403
629,0 days 00:00:02.279751,0.04886567844860887,2,0.13097277267930554,275,0.00490334968324213
630,0 days 00:00:02.192911,0.019093139398534305,3,0.0011763530095413046,173,0.004116425961248384
631,0 days 00:00:02.402349,0.03543248369731671,5,9.725788963962986,96,0.005080029529579192
632,0 days 00:00:01.780688,0.012404289204214231,2,0.555597127699424,196,0.029944513579048784
633,0 days 00:00:00.641458,0.024399571439146634,3,0.0037390654761466045,15,48.035233728483036
634,0 days 00:00:01.272874,0.012381824870345136,5,8.779622433638503,29,0.013566785570055096
635,0 days 00:00:00.521777,0.3414783746752057,3,0.0016875090261097721,10,0.1366072892679069
636,0 days 00:00:00.731738,0.03712871026650436,4,0.0037777570202384503,20,1.8290138955701218
637,0 days 00:00:01.454802,0.061741777321627875,4,0.001981566138503657,80,0.633716881910778
638,0 days 00:00:02.409757,0.30649417369858134,3,0.27028776469223437,245,1.3549600182189048
639,0 days 00:00:01.026048,0.11160547677168915,4,0.009567679549653672,30,1.1931358006908392
640,0 days 00:00:01.797455,0.05011237138903558,6,0.3428218164260342,56,56.447167772982965
641,0 days 00:00:00.692280,0.10237831787822135,3,0.39196175581567144,36,0.4508525720113254
642,0 days 00:00:05.152887,0.028994602980990124,5,0.023664179496585162,257,0.03519644893236385
643,0 days 00:00:03.699666,0.04153648025822022,2,0.007154551851167951,475,756.1953960525453
644,0 days 00:00:01.889656,0.015152102866838733,5,1.301884040438032,65,84.1411225859394
645,0 days 00:00:01.871029,0.02060086988994787,6,0.0028483976245279323,64,0.0064821871881327415
646,0 days 00:00:00.663291,0.10155316633935278,5,0.0017294844711869175,11,296.9775747882252
647,0 days 00:00:00.559199,0.015409169218734978,2,0.009649922184735742,21,0.004685448440054806
648,0 days 00:00:02.656864,0.11576627664695185,5,3.811347516067095,128,17.361598232712822
649,0 days 00:00:01.588358,0.016428440848090767,6,0.30914007717664627,43,0.004678347620018039
650,0 days 00:00:03.192064,0.3488995866309082,3,0.14762403302616806,366,26.399805755329854
651,0 days 00:00:00.588211,0.4538463535965409,3,0.023275620730353733,25,0.5237645098800419
652,0 days 00:00:00.730242,0.020968515938519148,5,6.635355706641292,11,0.00417625020513295
653,0 days 00:00:00.965229,0.010280075025706558,4,0.745853427803984,37,0.009360709110825855
654,0 days 00:00:05.539403,0.32654754352816195,6,0.02081792001728786,249,0.6018740974507387
655,0 days 00:00:01.193573,0.014495873123534878,5,0.014911137704611605,39,5.058319552823592
656,0 days 00:00:00.668191,0.06156987892343302,5,0.02483082277127302,11,3.9665480758654708
657,0 days 00:00:02.168874,0.04681314538583801,5,0.0022240213385453195,131,0.847132191377248
658,0 days 00:00:10.272157,0.0983974090105197,6,0.004964801658849193,490,1.919328681917348
659,0 days 00:00:05.881371,0.016538149489576177,4,0.026681761388193167,434,0.01856841306820098
660,0 days 00:00:05.389575,0.1591077026751126,6,0.0062737344980875786,243,85.86217564282087
661,0 days 00:00:00.593289,0.10778241216352577,4,9.953229879082675,10,0.0011811614773143966
662,0 days 00:00:01.784384,0.18913626416900708,5,3.1146071764196663,89,1.2963931513012936
663,0 days 00:00:01.862140,0.11078433280308451,4,0.017203606065485988,86,0.058019604530366545
664,0 days 00:00:03.457710,0.015021926691549366,6,0.04660192416349802,96,0.23729456576163974
665,0 days 00:00:01.401501,0.22533300884180446,5,0.0012953894283704603,54,0.06894086037495961
666,0 days 00:00:01.324402,0.10321095625194969,6,2.5036250832743234,42,0.043179745200241426
667,0 days 00:00:01.393694,0.022002798175570236,5,0.007148656055173312,52,74.7608335361062
668,0 days 00:00:00.746853,0.18156644183591517,3,0.03307532986076197,38,603.2326563934296
669,0 days 00:00:02.405561,0.2513232841979266,2,6.396074215559931,323,886.7138058123869
670,0 days 00:00:00.975766,0.013682946882888992,4,0.18638551823524646,41,2.5193801935254228
671,0 days 00:00:08.366167,0.14832929146225673,5,3.5491937454663263,417,0.004946793882440368
672,0 days 00:00:02.977558,0.012111837479380171,3,0.11140244771669922,283,12.766907123394883
673,0 days 00:00:01.694234,0.02921790037286073,2,0.02485988192645282,195,0.5754452020396367
674,0 days 00:00:00.963284,0.2577699848190053,3,0.019314445153714607,66,0.16390525086405383
675,0 days 00:00:00.944701,0.11076773145958384,6,0.02618883014369597,16,2.1533627268564155
676,0 days 00:00:02.186797,0.029003975525676778,3,1.890809338142621,139,24.5002508171345
677,0 days 00:00:00.520235,0.016325157276095202,2,0.006127162436744098,13,0.663428923318778
678,0 days 00:00:02.826821,0.024265738262026815,3,7.2994706803869365,206,0.20476601031065975
679,0 days 00:00:02.078098,0.36937239363843727,3,9.894475256049967,189,67.20379757765535
680,0 days 00:00:00.867121,0.010246033018316766,2,0.049831226509469466,39,4.0481307683848735
681,0 days 00:00:03.291713,0.014878482335055817,4,0.022503698884475433,224,30.921856232597854
682,0 days 00:00:01.120770,0.043663959420183876,5,0.2937905006928701,27,0.007797847287040801
683,0 days 00:00:03.004088,0.45790890709484017,4,0.027649444180295614,212,0.12442223048189326
684,0 days 00:00:03.651126,0.10066222109388902,5,7.027704720668208,196,919.292335543806
685,0 days 00:00:03.013678,0.02158994966907957,2,0.01863814089634486,338,0.009897350358021181
686,0 days 00:00:09.618686,0.24107199843825655,5,0.9130311067389035,499,36.64579256114871
687,0 days 00:00:00.717584,0.0328165953581735,2,0.0038540053532759057,46,169.33134011280367
688,0 days 00:00:01.350571,0.06249783974778017,2,0.5681194950517994,154,0.01100902195210308
689,0 days 00:00:00.731199,0.1325110936775645,4,0.12833113387690204,18,1.434516713393651
690,0 days 00:00:01.874933,0.06333836965403514,4,0.4175265830557142,129,3.197434259305023
691,0 days 00:00:01.871973,0.20969711463710425,3,0.019488409807614657,175,0.22948688970720607
692,0 days 00:00:02.029617,0.16050779832414708,6,0.9076115717472887,83,0.09090583680241351
693,0 days 00:00:02.327843,0.013469066080068781,5,0.00427020786863189,87,3.4521502847157417
694,0 days 00:00:02.189157,0.015107056246410342,5,0.2638282303071122,77,1.142886244274445
695,0 days 00:00:00.412299,0.027142438018263458,2,0.005823176719120716,11,0.021351460187701406
696,0 days 00:00:05.011643,0.29126052352081977,5,0.0011822571318472637,334,62.868084511745785
697,0 days 00:00:02.246189,0.1969029698158462,5,0.018939207758239776,120,87.33931599991323
698,0 days 00:00:00.991537,0.4960233859033902,3,1.2460372896657252,60,0.01115728410386926
699,0 days 00:00:02.758940,0.1599586503805676,2,1.3916675615011422,348,3.6881520050257253
700,0 days 00:00:01.096747,0.019613277271504345,4,1.2897390721660704,48,0.02163860751673607
701,0 days 00:00:02.005906,0.010733647507960681,5,0.6247250105643797,66,0.01106089152888086
702,0 days 00:00:00.651148,0.024996044708904323,3,0.6616512597304995,11,0.05062565591541383
703,0 days 00:00:02.349105,0.23255548319746056,4,0.20672202323020328,123,3.234286631576884
704,0 days 00:00:00.799292,0.43186974261342626,6,2.584802522325927,13,0.6413628834623772
705,0 days 00:00:00.676003,0.011598147988683982,4,0.004536105027551695,20,136.68877758950273
706,0 days 00:00:02.224252,0.07010666614205473,4,0.31601557343183784,184,0.8147811677335308
707,0 days 00:00:02.313899,0.3114865382092979,6,0.04728078049129248,114,53.7048077253754
708,0 days 00:00:02.279860,0.07814779227086362,2,1.2926396830211364,258,0.0019472356624372059
709,0 days 00:00:03.172636,0.07778983846636019,2,0.08494589400860726,334,3.629509019816387
710,0 days 00:00:05.148644,0.02813307938509543,5,0.9356585877992343,232,47.35323633322407
711,0 days 00:00:00.526521,0.3232167478402556,3,0.04999814949674417,11,1.9938180916566417
712,0 days 00:00:01.046359,0.21066642909334574,4,0.0018172917437236148,47,79.87039583151683
713,0 days 00:00:00.883186,0.01976028794953097,4,0.209245821871936,49,0.004536776907697496
714,0 days 00:00:04.187214,0.01684202121601238,5,0.005605086409763242,165,2.5243788581897224
715,0 days 00:00:00.990621,0.13715591094990312,3,0.29794712553196084,58,377.8349959022853
716,0 days 00:00:01.167142,0.07106876386615758,4,0.04107078001919604,52,61.79865998357653
717,0 days 00:00:01.761424,0.04014416061512215,3,0.039736470192756855,148,22.585121052827308
718,0 days 00:00:00.935651,0.016425792826661477,4,0.9626328196536085,36,0.011895054664498233
719,0 days 00:00:02.706759,0.020375410782327685,6,0.002340082047865318,86,15.255302498609582
720,0 days 00:00:00.587446,0.024738358045606694,2,0.22014722316009352,24,6.989784282605206
721,0 days 00:00:00.655366,0.2645564948484035,2,0.5620802973396117,36,0.5668570613316092
722,0 days 00:00:00.639509,0.05948785314070027,4,0.0016837613719697365,12,8.232578428489878
723,0 days 00:00:06.855449,0.06957006745598564,4,7.16519773032315,449,0.20771864179777852
724,0 days 00:00:03.127971,0.03173933690067035,5,0.0047893801848966034,135,1.4786676617972996
725,0 days 00:00:00.740786,0.035146407321065075,5,4.83012837100905,14,69.2023645568996
726,0 days 00:00:00.636955,0.46127808946331417,3,0.0010367166164396875,19,0.0034799643017579696
727,0 days 00:00:02.389232,0.06423504278356923,4,0.009185760557845361,180,0.21563519732285769
728,0 days 00:00:00.974025,0.08054992446750175,5,0.06220503828287673,33,4.026381566408079
729,0 days 00:00:01.353754,0.2679335082556302,4,6.078172271084784,62,0.0016919442466128802
730,0 days 00:00:00.760247,0.04994883683627437,2,7.678107714243922,44,0.013715856227055945
731,0 days 00:00:02.351293,0.06742651988725994,6,0.00285589226523418,82,27.012859258122326
732,0 days 00:00:01.950251,0.19473520027984842,2,5.233053468369038,277,0.014628182586006745
733,0 days 00:00:06.790738,0.02965201997946757,6,3.3094754527407995,246,2.7001998193119925
734,0 days 00:00:02.531007,0.034360148784452454,6,0.0018473757844180805,62,5.328623894297441
735,0 days 00:00:03.504170,0.2062379884451683,3,0.8726881546235307,358,0.5889421784642668
736,0 days 00:00:04.781699,0.21454380555439734,6,5.733788132918906,228,2.817371634733468
737,0 days 00:00:01.779712,0.0671007820546922,2,0.004045526628856786,225,0.0611078594984386
738,0 days 00:00:00.853483,0.07915914968601437,5,0.05384830025950389,29,7.575485242807313
739,0 days 00:00:00.896096,0.1506790292244312,5,0.47683016237993975,17,0.5094399148222291
740,0 days 00:00:00.968407,0.05160762287083022,2,0.027662274989866946,69,25.45473923256248
741,0 days 00:00:05.945722,0.025668810002218434,6,2.5122584686545912,251,32.68244661648821
742,0 days 00:00:01.235776,0.3028749295098129,3,0.00297474746551001,78,40.032674760598354
743,0 days 00:00:01.909651,0.04865644931187731,2,0.059266285897352784,243,21.016586610974223
744,0 days 00:00:02.856081,0.1599088744644992,2,0.05854174345283356,399,0.046914610778906365
745,0 days 00:00:04.928356,0.013854910243830315,6,0.1104595449792726,202,22.933086908016705
746,0 days 00:00:03.265323,0.26644193363250673,5,3.9016811915687666,177,0.002330259624338176
747,0 days 00:00:01.055985,0.1855472403492636,3,0.0048817387063228865,78,407.6375935907763
748,0 days 00:00:01.510442,0.02381889468632282,6,0.34654506578355476,52,553.1171214337189
749,0 days 00:00:05.038592,0.01638375650335254,6,1.2706760781341533,198,9.10785281250769
750,0 days 00:00:03.188155,0.04390003112813494,6,0.34522127808906006,111,8.159702502954328
751,0 days 00:00:00.971516,0.10766124625022577,6,0.0025114689427183415,17,677.7019706370593
752,0 days 00:00:01.109250,0.22390236595141497,2,0.09491249106721218,76,0.0024373761627968834
753,0 days 00:00:04.750775,0.012412800460027797,5,0.011654628524839825,209,328.26827788892535
754,0 days 00:00:00.686015,0.059939130261372105,3,0.36508342341571237,17,0.4433615854698624
755,0 days 00:00:09.105632,0.2068393110872084,6,3.57698392073409,356,0.13912302557975884
756,0 days 00:00:04.757322,0.03758916814103538,4,0.4068793317531815,382,0.0020251288649792355
757,0 days 00:00:00.749891,0.013744140410578703,4,0.025109840324810864,23,0.09501148147418863
758,0 days 00:00:01.865453,0.03766459820433121,5,0.005345145068801079,52,206.6435761578214
759,0 days 00:00:03.286435,0.07954028141254542,4,3.5016018205360786,233,70.00366925568886
760,0 days 00:00:00.672286,0.015274821585823438,2,0.7724318191243578,43,0.05177597211582308
761,0 days 00:00:00.583857,0.01907495659169047,3,1.5638127251058946,10,0.001841487789544758
762,0 days 00:00:00.637846,0.010374684782369286,4,0.016410547366808328,11,818.9357965746028
763,0 days 00:00:00.834349,0.10772349740178594,5,0.004072591100101215,16,0.015776479515914904
764,0 days 00:00:03.422504,0.03830853748898037,3,0.004808814667528505,304,0.017823112974054336
765,0 days 00:00:00.795626,0.40720844682406865,5,2.450931130872473,27,0.6221168855011812
766,0 days 00:00:00.615415,0.19653029680677436,2,0.9310089758850659,30,48.79551269334158
767,0 days 00:00:02.483168,0.01119339320834644,6,0.18329404830754084,78,0.02337855737819844
768,0 days 00:00:00.866997,0.01430856606652796,6,0.767262083402916,17,51.491677534467314
769,0 days 00:00:07.940086,0.09203287617984811,5,0.18238946342239176,493,346.61003681334404
770,0 days 00:00:00.554827,0.02013928238849334,3,0.04474611932771386,10,0.1631538777256008
771,0 days 00:00:00.664913,0.28347706924929994,4,0.0661584607418417,14,7.269392755571109
772,0 days 00:00:00.585004,0.14557328526517138,3,0.005721444309686323,14,0.004653126772411946
773,0 days 00:00:02.141123,0.06148279922369711,6,0.6011719028920719,72,447.8302096689966
774,0 days 00:00:04.004554,0.07375263615700238,5,0.003723106689459678,271,84.25626239765604
775,0 days 00:00:01.160282,0.2450503138116366,6,0.21335705932678176,29,393.30208267111595
776,0 days 00:00:01.936798,0.020137554322154496,3,0.0012432072148603505,156,64.62611684005009
777,0 days 00:00:07.056930,0.09083879693940426,6,1.4669304323030452,344,0.008993925016923702
778,0 days 00:00:02.726410,0.06575974264699411,2,0.0037320881936547933,318,0.009774698081137092
779,0 days 00:00:00.904763,0.08726769646733983,5,0.2328992876640299,22,0.0477278083911602
780,0 days 00:00:01.224529,0.04889123230182877,4,4.073603646595292,52,0.4083309992448056
781,0 days 00:00:00.434359,0.034570874969358435,2,1.880187978244519,16,0.500464648500061
782,0 days 00:00:01.502308,0.03883043573802179,5,0.0022608631753904375,43,0.22673393310136084
783,0 days 00:00:02.305251,0.19725918641361662,6,0.0010395888540508363,108,25.9824576420505
784,0 days 00:00:02.345252,0.05218184784968248,2,1.4401685001964082,349,0.03194515716102454
785,0 days 00:00:05.755558,0.4669424739289363,4,0.026814633457263735,368,0.0282970906762076
786,0 days 00:00:00.831551,0.11651422208824892,4,1.1464471481833167,33,0.02103944439743886
787,0 days 00:00:02.222743,0.028722330789573237,4,0.09156136165815251,127,665.3832120475728
788,0 days 00:00:00.613803,0.016445711687060206,3,0.006931255879704775,15,0.03229164404869449
789,0 days 00:00:00.877946,0.04178487988363114,6,0.5223055024791496,14,8.63220570864662
790,0 days 00:00:02.255400,0.01211986683834845,5,0.0010395169501111875,81,2.7907569294162418
791,0 days 00:00:07.292975,0.11042446170083094,6,0.10157823686280067,379,47.61035094599953
792,0 days 00:00:01.196284,0.02215177197280834,4,0.015165368211351836,60,9.004161580168313
793,0 days 00:00:01.003618,0.018455007725553595,5,0.026093200661611464,24,145.78662658700725
794,0 days 00:00:01.510935,0.058386792531351414,3,0.0024184671478376606,157,1.943869245773696
795,0 days 00:00:01.059454,0.03143500880386713,6,0.33977583491650926,28,8.793316432927606
796,0 days 00:00:03.201480,0.2835411008847788,6,0.004509934021994317,149,1.0244029886806147
797,0 days 00:00:00.935358,0.01055230969015243,4,0.5012276683541751,29,0.02586432694831905
798,0 days 00:00:02.530853,0.20945870722617366,6,0.011953632523984204,99,0.20438545925606655
799,0 days 00:00:01.085063,0.010512375832184905,5,9.171594145558622,21,0.26432874055961075
800,0 days 00:00:01.002927,0.01148690475000485,3,0.735428117773124,47,0.20071887302905544
801,0 days 00:00:00.588284,0.03857772668174034,3,0.2559428494690186,11,0.0033270483835180615
802,0 days 00:00:00.858051,0.2601397772500572,5,0.42073473975579495,17,90.42222030034472
803,0 days 00:00:01.236322,0.05515704715153229,2,0.11642717683114386,161,237.30930789595232
804,0 days 00:00:02.766248,0.08985025837990457,3,0.05352518370245712,266,558.0493803345563
805,0 days 00:00:01.925679,0.03333728960479338,6,0.05186768258341808,68,20.579436989738195
806,0 days 00:00:01.587122,0.06637402713528377,5,3.4565462976926407,43,0.0030682997714722112
807,0 days 00:00:00.691446,0.3930237172868989,6,2.3092987071887694,11,289.6745453546061
808,0 days 00:00:01.759067,0.02123524260161584,4,0.013314606118255861,131,4.009081411560742
809,0 days 00:00:02.921629,0.25627855880780714,4,1.4148301102132506,187,9.595681353908248
810,0 days 00:00:03.001645,0.10616874233590433,4,0.6551450820158187,184,101.38893153702341
811,0 days 00:00:00.732394,0.01503266482726458,3,0.005433869019958985,18,546.5828108027853
812,0 days 00:00:00.765595,0.03121010100253395,5,8.188157393640454,12,0.012289946426725536
813,0 days 00:00:03.431546,0.06585338169620909,2,0.15762540966536687,491,403.7708546381256
814,0 days 00:00:04.135161,0.021511290613040364,4,0.02182722041456387,280,0.006691314977527712
815,0 days 00:00:01.680590,0.20842909055163916,2,0.01712371388069981,250,0.004508916389590306
816,0 days 00:00:00.669009,0.03610477437772053,4,0.0012063443983027936,11,223.85126896057798
817,0 days 00:00:02.176968,0.26290484325929886,3,0.04164934346342808,175,7.316420732529892
818,0 days 00:00:00.797497,0.4597424683305213,6,0.09544993047701603,24,0.1327609325502778
819,0 days 00:00:04.622753,0.21748119090108545,5,0.057207646459192095,248,0.07243827226534118
820,0 days 00:00:00.804707,0.01262293921983081,5,0.0024997607885330433,10,0.02649463396722915
821,0 days 00:00:01.020757,0.023574240759060252,3,0.043973849148257166,58,0.5051234529642644
822,0 days 00:00:01.352784,0.2606342794494109,6,5.9205745795993865,40,2.91165856043831
823,0 days 00:00:01.692763,0.03222401318217614,6,0.03332497292137995,47,0.04790831976222108
824,0 days 00:00:02.869133,0.08225650463080027,2,0.09701041880029684,329,1.2021103574779655
825,0 days 00:00:01.643733,0.030999096503043114,6,0.045870815630103895,43,0.01505969832417125
826,0 days 00:00:06.899132,0.12860571547379554,6,2.2272480892422166,322,0.6604795422906975
827,0 days 00:00:05.903799,0.01733931389634665,6,8.41233546177358,250,0.7499136109971076
828,0 days 00:00:04.310807,0.023444112369225244,3,0.46657897652248304,475,1.20534932197927
829,0 days 00:00:03.174271,0.19706275157252004,6,0.14465376164943783,142,1.5059515046334027
830,0 days 00:00:04.852849,0.11852470831771246,4,1.3158374216401882,438,33.938001598023234
831,0 days 00:00:01.254297,0.29383320047321654,6,0.003017077607175398,55,201.85140207746562
832,0 days 00:00:01.415398,0.0579415295417861,6,0.15538882894763176,41,0.002781673601751449
833,0 days 00:00:01.162749,0.12993671368096008,5,0.6146996510929181,42,222.8619857520065
834,0 days 00:00:02.091898,0.13637092682599689,3,1.5392642339997242,209,155.57587727329437
835,0 days 00:00:04.498465,0.1655825654295955,5,0.44922683223718957,255,0.009155109702867318
836,0 days 00:00:04.120995,0.021974110860758303,5,0.0012008672648301949,202,0.030303531420042176
837,0 days 00:00:02.764274,0.1631115076261438,2,0.02555712694289993,418,0.005394488119801564
838,0 days 00:00:01.126507,0.06896827750178015,2,0.011954669705196954,104,0.39179064475300945
839,0 days 00:00:01.977031,0.3021983936975072,4,2.1271052717140635,118,0.0013816170333615363
840,0 days 00:00:03.303309,0.01953812004484691,5,0.14994547453221482,179,0.484521924725634
841,0 days 00:00:01.162140,0.13301813142044006,3,0.06065703666206195,84,1.4597364379317295
842,0 days 00:00:01.983552,0.013445209403934726,5,0.07776154988763033,67,9.193222075887665
843,0 days 00:00:00.862879,0.06956051745783544,4,1.0645813564882638,17,29.17871641459234
844,0 days 00:00:10.573274,0.027402065238931683,6,0.005567960443593503,463,0.09341477316082401
845,0 days 00:00:06.201457,0.014361969895736458,4,0.0038008109574691738,459,153.5144275245759
846,0 days 00:00:07.056015,0.2605248528716939,6,1.948295167282816,279,0.04625601332116534
847,0 days 00:00:03.657547,0.3346833741711804,2,0.01870754125002607,447,0.001882528011251776
848,0 days 00:00:01.189479,0.052836648416048404,5,0.18366487904121576,35,0.25944245629974955
849,0 days 00:00:00.804916,0.049759428768508494,2,0.0010318307133963072,54,618.6077123242671
850,0 days 00:00:00.501170,0.39254320644839136,2,1.4493017584342949,17,2.5215305390920753
851,0 days 00:00:03.235458,0.08208895264341246,6,0.026076011589460425,130,47.31841409723657
852,0 days 00:00:00.697479,0.3450216397539591,3,0.02405585629755773,16,0.2613458495469607
853,0 days 00:00:00.662206,0.021181258794224073,2,0.002155942354468305,27,0.017585989400798908
854,0 days 00:00:01.080799,0.4807871064585318,6,2.5061164915242933,29,4.116606207719339
855,0 days 00:00:01.292274,0.08476103484648678,2,0.0508076050423957,130,36.25151677621596
856,0 days 00:00:01.050695,0.016335725866456385,5,0.0034972387106644767,25,2.259216706759856
857,0 days 00:00:01.691249,0.25310264912474195,2,0.1003943159658804,225,76.8055696377089
858,0 days 00:00:01.801802,0.016675005425736786,5,0.18883493921195144,60,0.11430081753536227
859,0 days 00:00:00.591258,0.01824058784878767,2,7.013315806668483,29,555.5212234233395
860,0 days 00:00:02.910862,0.11125940621404512,6,2.4174635012586245,107,146.66380959222496
861,0 days 00:00:01.941457,0.07740002136142306,6,1.825933616780425,49,0.0016253195980004548
862,0 days 00:00:01.017136,0.017524529842378248,3,0.8853540815084973,76,956.6494170833834
863,0 days 00:00:09.201735,0.026446496421114785,6,0.008016353481568591,431,11.003107406898716
864,0 days 00:00:00.644221,0.3726016814165644,3,0.11690029898140095,30,1.1579908511635635
865,0 days 00:00:00.622542,0.23566280576412735,5,0.03308307943128238,10,1.7170978588121162
866,0 days 00:00:00.873469,0.012984745620431476,3,0.022016811314420476,67,18.5296640667708
867,0 days 00:00:01.197056,0.05698243861514214,4,0.0022915475399128285,54,39.285409841073815
868,0 days 00:00:00.944369,0.4447278345709377,5,1.1271970499040558,27,847.6136914334336
869,0 days 00:00:00.531294,0.034282375137857535,2,0.03983516131157016,13,0.015761193224037764
870,0 days 00:00:00.948424,0.07469207866174934,4,0.00967025823411964,37,0.004176605525476283
871,0 days 00:00:01.077260,0.045362258700324815,5,1.6483502034398634,28,0.1974817455438627
872,0 days 00:00:01.451710,0.3004074267614968,3,0.8352072730643723,100,8.241836927538136
873,0 days 00:00:04.492732,0.04436459127363502,3,0.10638049815101941,466,0.4627256597451341
874,0 days 00:00:12.037077,0.012646303644128321,5,0.2729233422693359,469,0.016671322609876294
875,0 days 00:00:03.114317,0.12066197904783169,2,8.376750330603661,435,2.038216527863874
876,0 days 00:00:06.113829,0.070553411748245,5,0.0032290125261943657,334,0.010403876288265394
877,0 days 00:00:03.084946,0.3193054023403589,5,0.4447687972509339,150,0.7472668331048595
878,0 days 00:00:00.542587,0.1949687548720702,2,0.0010800847265239688,21,13.216237660823227
879,0 days 00:00:01.140550,0.08055899641461811,3,2.1545297438056354,80,1.6419348146733688
880,0 days 00:00:08.463308,0.37778227994842706,6,3.840496083661225,416,58.445680006271004
881,0 days 00:00:00.598522,0.010709369960879185,3,0.09625551442672904,18,0.0018599981978305545
882,0 days 00:00:00.638180,0.1528839326393597,4,0.931729776786526,16,701.5277196153344
883,0 days 00:00:00.628860,0.0344096524830034,4,5.64040900502685,14,0.00443892340988678
884,0 days 00:00:00.901286,0.24550275119886492,6,0.6939630281083496,27,0.014514751816211872
885,0 days 00:00:01.294242,0.012437878827832993,2,0.018316867674783008,114,4.13128296445469
886,0 days 00:00:01.912057,0.04578177278621883,5,4.3337779069829985,61,861.333347732851
887,0 days 00:00:02.115562,0.013529852101806092,5,0.008554856958757589,74,0.047519505641789146
888,0 days 00:00:00.809720,0.04655999141999861,5,0.011493234991799786,19,0.009943439281253933
889,0 days 00:00:01.412332,0.47091703302732846,4,2.40343887402869,61,0.5615125720155494
890,0 days 00:00:00.808766,0.01370717804529354,3,3.6272047187757903,24,10.003559606129887
891,0 days 00:00:01.199519,0.018929099939111182,5,1.2809016439185938,32,0.0461837204869771
892,0 days 00:00:00.987135,0.17005840936525382,6,0.32663194262468365,23,0.22894283013628483
893,0 days 00:00:00.693612,0.08599986537935542,6,0.005599436764083558,11,2.4304825627272177
894,0 days 00:00:05.358652,0.29482739962664856,4,0.022902728070866154,411,0.056692534702085795
895,0 days 00:00:00.688620,0.05740147703853879,3,6.732004580050772,20,0.6618222488993912
896,0 days 00:00:01.602826,0.37054679824188147,6,3.3952287517712483,61,0.004853258953877451
897,0 days 00:00:00.620219,0.11181412200178083,2,3.89392667648463,23,3.092396152297354
898,0 days 00:00:01.754874,0.08545004214049684,2,0.055639215706419984,200,0.0013096684403855893
899,0 days 00:00:05.248403,0.15685876634213358,4,0.03368629465354416,406,0.010606330837033072
900,0 days 00:00:03.250626,0.03478538083951009,4,6.567753114059998,175,7.204228453570464
901,0 days 00:00:00.591276,0.03773960382481791,3,8.29988429816849,12,0.34953590133106216
902,0 days 00:00:01.388498,0.01673853987581979,5,0.006017236378253265,41,47.521223713205885
903,0 days 00:00:02.734819,0.42184986814793934,5,0.003573335275437802,124,9.58476784325212
904,0 days 00:00:00.681059,0.03156133415275346,4,0.04046695449975677,15,11.91440603593228
905,0 days 00:00:00.472140,0.16717775541635435,2,4.648699125734782,11,3.3526385445239226
906,0 days 00:00:03.925569,0.01406718339504425,5,7.368040228128576,182,99.21358833142773
907,0 days 00:00:01.584903,0.425210187755302,4,0.4030257315132996,118,25.21988293801668
908,0 days 00:00:01.504701,0.31855642850544774,6,0.03139015832950097,77,32.56232096526371
909,0 days 00:00:02.841779,0.01873677414165718,2,1.0362145544169363,448,0.016174470878467608
910,0 days 00:00:01.085873,0.02250425920160291,4,0.0033625677174822025,42,3.4023957476612323
911,0 days 00:00:02.607429,0.3702426084089983,6,0.0024178277170231913,112,0.7140028993810674
912,0 days 00:00:02.024456,0.02653200948421592,6,0.012376482978578993,51,0.001056621756524282
913,0 days 00:00:02.321131,0.08265517964233916,5,0.08835270576772895,90,39.64754560341303
914,0 days 00:00:00.479230,0.2280253903795937,2,0.004726090734119694,13,0.05094834624758208
915,0 days 00:00:03.830168,0.042131057369379346,4,0.009164653899561535,284,0.0024683294504638555
916,0 days 00:00:00.678263,0.013170923341806015,3,0.04661105243880632,32,17.277946194371175
917,0 days 00:00:08.188472,0.37791701887275964,6,0.06376796560127129,417,9.276155753992054
918,0 days 00:00:02.835365,0.19584459727142525,2,0.10841420043092906,342,53.771311523404314
919,0 days 00:00:04.829962,0.026152966229225888,3,0.003466736821197601,440,0.24433362524300714
920,0 days 00:00:03.968275,0.050426780581293594,4,1.5360819674210375,295,72.13757528531353
921,0 days 00:00:03.077331,0.11806920515958047,4,0.007901004257934495,205,0.004103387246823919
922,0 days 00:00:00.707483,0.04020298994908959,3,0.25715260571781784,20,6.031765709322228
923,0 days 00:00:08.681881,0.37453766387282966,6,0.005902607988598712,424,17.198745468160965
924,0 days 00:00:02.212128,0.09738931085092367,6,0.01807379718314434,89,2.6408142205412077
925,0 days 00:00:07.921252,0.35060533466222876,5,0.006967076274640048,472,0.060454082558982415
926,0 days 00:00:01.131091,0.0758281165744261,3,9.320328149901533,60,674.9910003360166
927,0 days 00:00:00.686869,0.03867882474732984,6,0.13515512112322747,10,5.019672437579629
928,0 days 00:00:02.914749,0.408651837179548,3,0.7464667376940314,284,30.147415618133685
929,0 days 00:00:00.627179,0.012330144899789801,4,0.0021348454714066596,16,0.009771204091536203
930,0 days 00:00:01.934990,0.3268526261045074,2,0.009638352638443816,250,91.31153820144587
931,0 days 00:00:06.619832,0.46226790393638834,5,0.5816201416295019,311,0.00218076043775184
932,0 days 00:00:00.649695,0.11898863654889477,2,0.23964096989499517,18,299.7449982573208
933,0 days 00:00:05.111144,0.0955934725167495,4,0.09423358569300265,340,0.4863471421290186
934,0 days 00:00:09.783461,0.022189894720370352,6,0.015663664206170522,470,1.8765243131095781
935,0 days 00:00:00.993232,0.0103014535754844,5,0.28634962154845184,26,0.009167820772619533
936,0 days 00:00:01.624714,0.1737110481708424,5,0.0039037642105275833,41,0.004289762863505982
937,0 days 00:00:01.802548,0.2820883615402564,6,0.11615851415721197,76,1.8265768233533866
938,0 days 00:00:00.670637,0.0196053303475253,3,0.010356931692415378,13,0.22624483114430477
939,0 days 00:00:01.671877,0.20948956299078425,5,0.3550714257031305,79,191.8406252912637
940,0 days 00:00:00.915386,0.1623332300517663,6,0.0016051594744150553,17,1.2141327176753536
941,0 days 00:00:04.237968,0.028473848737835043,6,0.8664972989997357,125,0.13188209479441704
942,0 days 00:00:00.678424,0.012917837046550402,2,5.977804031076996,41,11.800970377761548
943,0 days 00:00:00.778596,0.4993301597331373,2,0.15554781702229775,56,0.06977211694413864
944,0 days 00:00:00.785845,0.26952306674923315,2,0.005967407094645251,58,0.0031005914518766153
945,0 days 00:00:01.424338,0.0366850207286172,3,0.002968439866629576,112,0.0023548192346184303
946,0 days 00:00:00.924947,0.48887120529827777,5,0.015841939341391394,30,1.306721814503755
947,0 days 00:00:01.887673,0.036179105122653474,6,0.05178462012945178,58,306.823798529773
948,0 days 00:00:01.786255,0.03091095287718125,5,4.307380520643137,59,0.01176797327794383
949,0 days 00:00:00.572022,0.12384262034057868,4,2.7502996465993843,10,0.20559301872422514
950,0 days 00:00:01.245346,0.2713589046899986,2,1.9758932393253772,127,23.69070067016897
951,0 days 00:00:02.559310,0.012518316951821937,3,0.06723881410005748,170,0.0010341074026544222
952,0 days 00:00:04.693063,0.05693557503464364,6,5.469158287822578,171,340.40940012998783
953,0 days 00:00:01.059561,0.43619863827814265,6,0.023539960701366134,27,0.014341027711596979
954,0 days 00:00:01.049351,0.3927709889057083,3,0.9899032753301137,69,0.002112794026268347
955,0 days 00:00:00.631141,0.08452535745412526,3,2.3424833421275095,17,31.674270835081053
956,0 days 00:00:00.974958,0.339578641412229,3,0.0032990773858090515,71,0.0012643904772798394
957,0 days 00:00:00.643410,0.23954462449215164,4,1.4161110960205157,12,0.07023932461720216
958,0 days 00:00:01.150711,0.43371039732727207,4,0.35130009067344603,52,774.0998432220753
959,0 days 00:00:05.067736,0.43553520518120503,5,0.6779708876026043,297,0.03806936916459683
960,0 days 00:00:00.646677,0.46316319280078794,3,1.7274197855021534,11,240.12949042593706
961,0 days 00:00:02.964651,0.042770405649352125,6,5.6968779599972414,126,1.9610217600841187
962,0 days 00:00:01.758401,0.0476912932508379,6,0.0024948269276416457,42,413.9585760750094
963,0 days 00:00:00.723575,0.11720864730654204,2,1.023770378995545,41,0.0027813137595583334
964,0 days 00:00:03.485533,0.39849616699214685,2,0.0023832040664298754,443,0.058285503786261704
965,0 days 00:00:00.676814,0.3160687537453123,3,0.5190706802965683,36,26.517265828703405
966,0 days 00:00:01.440313,0.022082681669369247,5,6.218553059008752,42,57.44237504195055
967,0 days 00:00:08.288911,0.012799911423476246,6,0.01416537861134637,438,70.82003657888075
968,0 days 00:00:04.472915,0.12434513771174842,5,6.904033545523507,269,0.01040323356306076
969,0 days 00:00:01.078829,0.016508392633752467,2,0.30808632174279643,74,619.2706024774862
970,0 days 00:00:02.604768,0.040735510865429994,6,0.1094297188955343,80,0.00695742297250552
971,0 days 00:00:01.162445,0.04933716942272548,6,0.9871003981008558,32,0.15552888647109375
972,0 days 00:00:00.764583,0.4047135670669246,5,3.463403803363868,26,76.9233512632016
973,0 days 00:00:00.596541,0.022718180771768653,3,0.17957404477522057,12,102.56378607945979
974,0 days 00:00:04.922416,0.2681351814971812,6,3.2269259135451467,245,165.0970581203804
975,0 days 00:00:02.381188,0.027964207132883338,6,0.853152615973681,77,0.01074110700914256
976,0 days 00:00:01.324914,0.022284179277674638,3,0.2655335197846277,96,5.933009205384744
977,0 days 00:00:00.602257,0.010934960383830194,2,0.08934111285012228,18,5.74260360575411
978,0 days 00:00:00.621969,0.016994824660669174,2,0.014284007786234886,25,888.5851952136196
979,0 days 00:00:01.813464,0.013913816432526385,4,0.0012527311887816609,95,31.986043960787175
980,0 days 00:00:01.889436,0.06944638554955536,3,0.002497745925576281,190,3.0450916088340874
981,0 days 00:00:00.649359,0.02770417653257378,4,0.18085855444890928,14,33.54832312183768
982,0 days 00:00:02.423317,0.1792544088616682,6,1.1319781680035461,115,6.286397803695859
983,0 days 00:00:01.304097,0.21199958579614803,6,0.023912312425758277,47,0.10013950959231997
984,0 days 00:00:00.923288,0.25969166325518706,4,2.5124635634138963,35,205.7183803669398
985,0 days 00:00:00.915584,0.01126059179468216,3,4.638920031059045,47,17.167926137390378
986,0 days 00:00:01.775722,0.012095634201063436,3,1.9784589038532365,123,0.46450456955422303
987,0 days 00:00:02.620363,0.02315256526892039,4,0.13048073103503144,217,84.43457960207978
988,0 days 00:00:01.415300,0.02128879184261288,3,0.0029672371157785753,79,0.15691878198451362
989,0 days 00:00:00.879803,0.38103837381480565,5,0.05204535225274603,31,0.047415832967513755
990,0 days 00:00:01.060515,0.31508258605658174,2,0.2205150562934173,86,0.034883085659933796
991,0 days 00:00:00.770642,0.18868746232256586,4,0.01298763474388325,26,0.021132095722722836
992,0 days 00:00:00.586446,0.028010473345653854,2,0.0011406238552924054,21,0.1421265630288246
993,0 days 00:00:00.667474,0.0374668513723822,3,0.009412902391331076,17,1.4013651830370728
994,0 days 00:00:01.063273,0.03682994127209091,3,5.929733213249437,64,0.0014485910194112679
995,0 days 00:00:00.658769,0.23945861720928951,4,0.01541431550217615,15,0.016018119226214413
996,0 days 00:00:00.744601,0.22754860900576088,6,0.35329319024554423,10,0.23080016713889562
997,0 days 00:00:02.112508,0.012295517336675513,4,0.023799121172549505,229,236.55460411191672
998,0 days 00:00:00.608148,0.14374567733771348,4,6.802547506870591,14,0.5679796106816548
999,0 days 00:00:02.137331,0.07195697365532142,6,0.001698398893368074,215,0.012405918630883656
