number,duration,params_C,params_Kmin,params_alpha,params_max_iter,params_n_iterations
0,0 days 00:00:31.086953,0.003362539877121485,39,0.8531749638677717,10,28
1,0 days 00:00:26.197836,7016.583596887275,20,0.3843565330965679,10,13
2,0 days 00:00:21.975920,0.00235909622493783,23,0.508705198850008,10,19
3,0 days 00:00:19.395603,2.252090972032862,39,0.3078428889829843,10,12
4,0 days 00:00:32.924760,0.12430907325180506,14,0.5892062899752564,10,19
5,0 days 00:00:43.404425,0.5424089937367141,12,0.25004421039741614,10,27
6,0 days 00:00:54.360058,1444.3148731847089,29,0.385886914200572,10,33
7,0 days 00:00:16.131920,0.0008358941760999054,10,0.6536427027677374,10,13
8,0 days 00:00:37.338403,0.00044596607704489803,48,0.2782476458523272,10,38
9,0 days 00:00:21.462588,0.02050443871061849,21,0.6917798321301223,10,14
10,0 days 00:00:49.454438,720.5209587117968,26,0.12772805617400396,10,43
11,0 days 00:00:29.337490,0.02614248973173505,19,0.8298141155448518,10,22
12,0 days 00:00:45.253300,0.6083668709486528,35,0.7217739479166093,10,23
13,0 days 00:00:36.360643,126.25179732505406,28,0.5895877070650806,10,23
14,0 days 00:01:04.116827,1.9006982032728712,40,0.3557422185078897,10,34
15,0 days 00:00:21.376672,1.4548735930204086,32,0.39376860196115193,10,10
16,0 days 00:00:34.298412,98.21014451113099,34,0.3360204435336167,10,18
17,0 days 00:00:52.903789,1086.3747300965524,44,0.6572066517116033,10,28
18,0 days 00:00:32.847111,0.6465283906269341,41,0.882920070182103,10,17
19,0 days 00:00:53.231128,4154.862450657859,18,0.8996248597473808,10,29
20,0 days 00:00:36.726431,44.59269598643434,39,0.42829144209571834,10,34
21,0 days 00:00:28.275955,0.0001972949570788578,29,0.8567224776552593,10,26
22,0 days 00:00:24.873638,2659.9961006472017,13,0.8090202342381483,10,12
23,0 days 00:00:33.950682,3270.950505012262,35,0.585128159478673,10,18
24,0 days 00:00:19.553165,0.3319817824186861,20,0.7011289129493553,10,15
25,0 days 00:00:40.188238,1879.645007412541,15,0.1006585890149693,10,29
26,0 days 00:00:27.172168,511.33684032832554,24,0.12818204320979396,10,16
27,0 days 00:00:44.663029,0.0019133355569796715,15,0.28348193073895267,10,47
28,0 days 00:00:16.638884,0.0005771069287124787,17,0.5878960275889691,10,12
29,0 days 00:00:31.011280,4218.587148123279,38,0.6191693938769705,10,16
30,0 days 00:00:22.599407,0.000264696479468402,40,0.8850100943623195,10,20
31,0 days 00:00:18.909085,5471.307157461675,33,0.240851762181153,10,13
32,0 days 00:00:30.859801,0.0016760605814625396,10,0.19502828631811503,10,31
33,0 days 00:00:23.949393,180.67295369973823,33,0.8805226150538746,10,12
34,0 days 00:00:51.583850,17.646230060667232,10,0.3316572722280069,10,26
35,0 days 00:00:28.141688,1250.8696389172144,25,0.4724973702710701,10,24
36,0 days 00:00:31.785648,37.89995319522414,18,0.21760955858240516,10,24
37,0 days 00:00:28.568647,0.003471570819230831,11,0.3231022785129345,10,26
38,0 days 00:00:23.035906,0.2118337761085129,44,0.37066071027580205,10,16
39,0 days 00:01:02.661686,0.1303663366331805,25,0.7490432827346226,10,39
40,0 days 00:00:41.756346,0.4294937879227505,20,0.15230797831550813,10,31
41,0 days 00:00:26.793127,98.18871843654975,14,0.25729657919074134,10,22
42,0 days 00:00:21.068885,154.44288281805092,13,0.4763304553040879,10,16
43,0 days 00:00:49.938234,0.007696583914246041,46,0.20447023304332515,10,49
44,0 days 00:00:23.853591,6.20782608278055,23,0.1230131790883772,10,11
45,0 days 00:00:52.872617,0.5969916736326093,49,0.8445045269289536,10,28
46,0 days 00:00:18.292964,1.775214319178508,43,0.47181927573892224,10,12
47,0 days 00:00:22.595284,0.0002148993766688324,23,0.190208622721251,10,20
48,0 days 00:00:40.157334,7775.424124226134,42,0.887579819832604,10,20
49,0 days 00:00:40.815347,48.464376099960276,48,0.5613132135782735,10,21
50,0 days 00:00:37.419153,1976.312795777874,38,0.25434412194958544,10,33
51,0 days 00:01:03.460232,18.28274248928859,12,0.7173076712040872,10,32
52,0 days 00:00:34.552985,1.2123341326466122,25,0.3344056750975548,10,30
53,0 days 00:00:15.889043,0.0038771384976292607,19,0.3793680962025954,10,11
54,0 days 00:01:32.170209,1282.2619645894338,23,0.5477005097349184,10,48
55,0 days 00:00:26.255933,0.03195629445595095,11,0.4778462853704847,10,13
56,0 days 00:00:18.287594,0.00014559083675604075,10,0.6332980557714303,10,14
57,0 days 00:00:42.119524,510.3094515774901,29,0.17922475968662532,10,34
58,0 days 00:00:13.454662,0.0018540172642674097,32,0.12660739845600846,10,10
59,0 days 00:00:19.834908,416.6273610792067,18,0.5835485451732007,10,10
60,0 days 00:00:30.374620,6.733041261173741,25,0.47790778782752874,10,26
61,0 days 00:00:29.996823,0.04361655700247158,36,0.6878239391985776,10,19
62,0 days 00:01:17.597687,50.017343983639364,30,0.7843046153210919,10,41
63,0 days 00:00:35.556417,67.91591085206372,24,0.8998856386540968,10,35
64,0 days 00:00:31.585787,0.013295640236631516,44,0.46642233018895063,10,31
65,0 days 00:00:32.162273,0.0008240046985552276,31,0.8459487508665441,10,29
66,0 days 00:00:43.777329,222.36673390961352,32,0.7897954476341152,10,30
67,0 days 00:00:16.493348,0.715957603385876,44,0.5795603425755532,10,12
68,0 days 00:00:26.551855,647.9297936412663,22,0.6715839926138878,10,20
69,0 days 00:00:50.558762,11.512973042915645,17,0.628393833204838,10,26
70,0 days 00:01:11.835253,1.1629140780711495,49,0.5647469167576289,10,47
71,0 days 00:00:52.323970,0.07741089492281565,26,0.4764576690735435,10,27
72,0 days 00:00:47.830030,0.042830250500657356,45,0.22393035799443528,10,32
73,0 days 00:00:42.735444,0.789531698410846,21,0.5208645727604956,10,41
74,0 days 00:00:14.402346,0.00020167473526399798,42,0.8974367251144602,10,10
75,0 days 00:00:26.809131,578.8041994472286,27,0.30568006066889664,10,21
76,0 days 00:00:19.227849,208.84177153921468,26,0.2099466572592652,10,11
77,0 days 00:00:42.700679,19.515606373313354,21,0.17313640909325745,10,37
78,0 days 00:00:24.954092,2710.758726944578,27,0.2636797846264036,10,18
79,0 days 00:00:31.259053,1.1218269610732006,11,0.3955640954894878,10,17
80,0 days 00:00:38.008777,5259.071986149023,11,0.4204268887590119,10,23
81,0 days 00:00:36.034348,1689.2405118698714,12,0.36805999799076206,10,18
82,0 days 00:00:27.570409,0.23525637186834614,48,0.8950581054065608,10,25
83,0 days 00:00:26.105331,0.04299428090802685,19,0.6595291572770574,10,17
84,0 days 00:00:43.196094,388.4136431108472,19,0.3714798071327369,10,22
85,0 days 00:00:45.386655,0.0007445968442966135,12,0.5508485621780402,10,46
86,0 days 00:00:46.618563,0.0797261706941006,43,0.5579182537330574,10,36
87,0 days 00:00:23.862015,0.0018136248375398708,13,0.1355831683950367,10,21
88,0 days 00:00:44.974447,3373.866356926437,41,0.6614460584595161,10,35
89,0 days 00:00:38.149824,500.3404071574372,33,0.6433933426897861,10,30
90,0 days 00:00:50.410825,9034.047795544413,19,0.6218611869471014,10,27
91,0 days 00:00:28.699570,516.6239304619186,45,0.5487104565678951,10,14
92,0 days 00:00:47.312986,5221.329167028433,32,0.16899488726911516,10,28
93,0 days 00:00:19.777948,64.99335256448856,35,0.5937296897652786,10,11
94,0 days 00:00:26.137990,0.003351961411859572,27,0.16458459603882342,10,25
95,0 days 00:00:26.519807,1337.280517766139,24,0.1525137210369617,10,17
96,0 days 00:00:28.681370,0.00038969301168764346,40,0.24393592245896745,10,27
97,0 days 00:00:41.493819,2.6369331195255343,27,0.8298207393984998,10,29
98,0 days 00:00:26.997792,3.94505796082744,22,0.662863559959084,10,21
99,0 days 00:00:50.701071,0.5552036476187385,37,0.37260682759567654,10,36
100,0 days 00:00:18.426322,8.403115913613409,32,0.844594565812843,10,10
101,0 days 00:00:37.729268,0.0017576576378642765,15,0.3609123074569338,10,39
102,0 days 00:00:15.992182,17.44431338601314,22,0.5820634341300853,10,12
103,0 days 00:01:23.677281,1284.6963220512414,19,0.5877612765135198,10,46
104,0 days 00:00:24.889888,164.5933360106242,49,0.44954468285943494,10,22
105,0 days 00:01:26.669022,9.838961727750348,26,0.37213506865487045,10,47
106,0 days 00:00:40.691659,0.0027165394792493386,43,0.31997767240812314,10,43
107,0 days 00:00:36.573578,0.06006222332812033,27,0.5879042325316226,10,19
108,0 days 00:00:45.077278,247.92921165042094,40,0.7545897384871104,10,27
109,0 days 00:00:16.939106,0.007015546147791166,17,0.6833928013585904,10,15
110,0 days 00:00:43.780618,0.0018082693050341448,16,0.14730477515677737,10,45
111,0 days 00:00:46.941352,0.004358974576561164,19,0.18291015746462502,10,46
112,0 days 00:00:53.123924,3.3093988831758487,36,0.4479437494642474,10,39
113,0 days 00:00:25.476703,9.921747902131942,48,0.6094824278645652,10,12
114,0 days 00:00:25.812204,0.010373610205381455,31,0.19171443765368937,10,23
115,0 days 00:00:32.819525,0.002198016619916221,26,0.6320139237578015,10,32
116,0 days 00:00:24.521992,0.007556619366183437,45,0.32425523099193854,10,23
117,0 days 00:00:24.070849,0.03151830410319913,17,0.7681802435586933,10,16
118,0 days 00:00:47.174990,0.6293548315402694,49,0.13839920529393962,10,36
119,0 days 00:00:47.481299,0.015121169424191996,30,0.5217596733438471,10,49
120,0 days 00:01:20.607001,4.3239613260282015,29,0.4925211975138706,10,47
121,0 days 00:00:54.631902,42.969796769846425,39,0.8586521215956785,10,28
122,0 days 00:00:23.192456,422.57334000180197,46,0.3337810716517671,10,12
123,0 days 00:00:37.867973,34.90112028208194,34,0.2744664201124378,10,33
124,0 days 00:00:32.389116,0.0006265929467814076,39,0.19398969426613608,10,30
125,0 days 00:00:31.656437,0.001315546921790647,37,0.7627301694512221,10,31
126,0 days 00:00:23.328100,0.007322314255364374,11,0.4826822981225346,10,20
127,0 days 00:00:17.527902,0.00042777271907376276,43,0.2487762842898154,10,15
128,0 days 00:01:01.169883,0.7693046044823824,23,0.3870782228531471,10,44
129,0 days 00:00:22.950606,0.004619184092164164,45,0.6898760091626864,10,21
130,0 days 00:00:14.390981,0.0002234550273998745,28,0.8989315557676507,10,10
131,0 days 00:01:06.671353,189.03860084415467,14,0.6391204834699981,10,36
132,0 days 00:00:23.237468,0.010932602674223328,36,0.8099934875039193,10,21
133,0 days 00:00:30.266748,1.1683689596897646,31,0.7285756632925245,10,20
134,0 days 00:00:33.505125,0.6583037040089307,10,0.7419510229778224,10,17
135,0 days 00:01:11.749732,18.310245574082142,42,0.6968043537598365,10,38
136,0 days 00:00:53.634692,2.659197095885147,21,0.25725801329545767,10,49
137,0 days 00:00:23.910962,30.078428198622632,17,0.802405625539726,10,12
138,0 days 00:00:29.123370,2542.497639180824,43,0.5113512238756288,10,26
139,0 days 00:00:17.824223,0.2316440005200822,27,0.6824271434503391,10,13
140,0 days 00:00:28.567635,0.030337196119873767,16,0.11330183244275337,10,13
141,0 days 00:00:15.054401,0.003500038163406022,38,0.5041881244990044,10,12
142,0 days 00:01:20.755717,268.24401473038523,43,0.8263753625229469,10,47
143,0 days 00:00:20.083088,0.03565304962153192,49,0.7254922333356252,10,12
144,0 days 00:00:40.059780,10.48529367057424,10,0.6888683476143674,10,21
145,0 days 00:01:23.044970,796.2092903712231,18,0.3424782061306587,10,49
146,0 days 00:00:21.530934,0.002277088740352789,30,0.4583509230775711,10,19
147,0 days 00:00:18.522865,41.30003082161781,23,0.3764852910168416,10,13
148,0 days 00:00:16.963824,0.0016274540476841769,22,0.48242498199329875,10,14
149,0 days 00:00:17.086675,1.3773555202603087,11,0.652653763327153,10,12
150,0 days 00:00:16.603960,0.0007092474545160498,12,0.3823061287594095,10,14
151,0 days 00:00:26.484199,0.1626764614575258,11,0.52156297045893,10,21
152,0 days 00:00:48.050848,13.730132536814864,14,0.5453922500610883,10,25
153,0 days 00:00:46.739704,0.2777839955275341,16,0.4680935336340756,10,44
154,0 days 00:01:21.908276,0.05991480737469855,34,0.3469184275662689,10,45
155,0 days 00:00:30.026552,141.13291935738152,15,0.7711781097224604,10,15
156,0 days 00:00:41.349999,73.04126869899135,30,0.17268791872090627,10,36
157,0 days 00:00:16.705074,0.028885333300247524,41,0.6876514131803103,10,10
158,0 days 00:00:39.212857,6942.858740997623,18,0.21461193749922458,10,27
159,0 days 00:00:18.841715,0.020146160037277587,22,0.14895529931902163,10,16
160,0 days 00:00:47.591096,0.001442366773554004,44,0.2579695838459162,10,48
161,0 days 00:00:14.321032,0.016486439182024942,13,0.453519988600218,10,11
162,0 days 00:00:26.140690,193.86969459950487,45,0.22027154284306763,10,20
163,0 days 00:00:56.228678,2.111697180755532,31,0.6263031690282714,10,30
164,0 days 00:00:15.558323,0.001667424653033172,46,0.5943633208657831,10,10
165,0 days 00:00:26.215281,0.033670667029959016,45,0.23463202083679224,10,17
166,0 days 00:00:48.459680,1.6894586657096684,45,0.1653087927065543,10,30
167,0 days 00:00:31.977256,45.46523615855986,10,0.47396957564955855,10,28
168,0 days 00:00:52.982130,0.03412975529689865,29,0.5779249843174186,10,46
169,0 days 00:00:38.533068,0.9702754064739727,46,0.32402106485314325,10,34
170,0 days 00:00:29.324045,171.58208267981024,44,0.7318589109646431,10,17
171,0 days 00:00:27.121120,0.11429329246932633,32,0.16596301475375688,10,14
172,0 days 00:00:34.832175,870.0188651929519,11,0.8321218406989641,10,18
173,0 days 00:00:27.620142,0.0008835076592147673,39,0.5666678941804066,10,27
174,0 days 00:00:40.968594,0.4871901012132094,22,0.5080135553460718,10,37
175,0 days 00:00:32.775005,3422.4674265498193,30,0.8287111446209829,10,16
176,0 days 00:00:35.329288,0.04324144814567402,40,0.287937223779958,10,20
177,0 days 00:00:35.688140,0.011226494337555903,40,0.8324044258379005,10,39
178,0 days 00:01:28.085785,685.1904188465977,38,0.6545998902681636,10,48
179,0 days 00:00:44.989602,1.0063727474751274,35,0.8067194638729922,10,31
180,0 days 00:00:49.579211,4.1979385161151805,28,0.2627054215945931,10,46
181,0 days 00:00:24.187114,0.43889162998854736,24,0.8741341877451074,10,12
182,0 days 00:00:22.945605,0.006276049968456322,45,0.3254057087128713,10,20
183,0 days 00:00:19.381662,1.1650867605578483,41,0.5746194562715717,10,15
184,0 days 00:00:14.776784,0.00045620268571897033,42,0.7950187282846071,10,11
185,0 days 00:00:59.415909,2.8044117349064184,21,0.53523988788024,10,32
186,0 days 00:00:40.335028,1.658691040828754,36,0.6406362192760853,10,20
187,0 days 00:00:32.354567,19.507188865998476,37,0.6251068779698468,10,16
188,0 days 00:00:44.239326,2.684554559070846,35,0.26555431546831665,10,41
189,0 days 00:00:48.834077,0.024223985994793515,49,0.5195877269158716,10,38
190,0 days 00:00:19.737334,0.0019211039098851904,15,0.46898803694951374,10,16
191,0 days 00:00:32.495162,0.004411990609946144,11,0.5965931760966864,10,31
192,0 days 00:00:46.485200,0.012751077438862045,12,0.1320181580465988,10,45
193,0 days 00:00:14.687654,0.017574260484911213,31,0.2571064158196082,10,10
194,0 days 00:00:26.504030,0.964703499538552,24,0.7445316307877391,10,14
195,0 days 00:00:24.211233,0.876962282768065,25,0.48161832598614907,10,21
196,0 days 00:00:18.735483,0.3001582877721636,11,0.32184453015697245,10,12
197,0 days 00:00:18.182327,0.00010838540315668097,42,0.46804600333831103,10,15
198,0 days 00:00:56.483576,0.09061368921070982,28,0.1335270089133827,10,31
199,0 days 00:00:51.042798,0.04622051968928753,10,0.720527943888761,10,47
200,0 days 00:00:46.908219,0.4415525331958698,33,0.16225289446891447,10,38
201,0 days 00:01:08.432931,3935.774342423055,13,0.3348704330893918,10,37
202,0 days 00:00:24.248727,0.1275280459924712,23,0.7688079955740422,10,21
203,0 days 00:00:30.867974,0.026577076052888542,17,0.8030026272748509,10,23
204,0 days 00:00:28.120324,0.016962247637772057,22,0.4634489852731608,10,27
205,0 days 00:00:16.281870,7.101505976653215,46,0.5226513879062925,10,10
206,0 days 00:00:13.853385,0.012526529597511327,10,0.7611924963470503,10,11
207,0 days 00:01:14.493951,66.69064265965618,37,0.628884410853947,10,40
208,0 days 00:00:51.426619,4698.485200543454,28,0.21513571093614756,10,38
209,0 days 00:00:27.099457,0.8948926888009622,41,0.3229216239253748,10,21
210,0 days 00:00:46.106391,0.09108611043462396,17,0.7057299323973822,10,35
211,0 days 00:00:38.365929,0.4204456661150628,39,0.7944958158882387,10,21
212,0 days 00:00:28.449714,494.6688462838351,35,0.7196846172483943,10,17
213,0 days 00:00:34.936115,188.1734826382927,28,0.31624327784397344,10,31
214,0 days 00:00:40.749155,0.00952975942973514,32,0.4537447587586534,10,41
215,0 days 00:00:15.815210,0.004247221006484347,34,0.4663919359598713,10,13
216,0 days 00:00:24.910220,1156.557449642981,40,0.41580494674665525,10,14
217,0 days 00:00:31.030614,0.0018876930863563903,17,0.6654146913814181,10,30
218,0 days 00:00:35.064315,0.7125224642346808,34,0.6645251373466718,10,19
219,0 days 00:00:19.307700,0.012153668652501266,18,0.6439015718488241,10,16
220,0 days 00:00:24.859521,15.0438702202033,39,0.6239770370826146,10,12
221,0 days 00:00:27.685646,2454.5272681891734,18,0.48138422579012763,10,25
222,0 days 00:00:33.670858,3.36942027248838,39,0.7789924221844755,10,19
223,0 days 00:01:02.098510,1276.2899395468187,45,0.714122405984961,10,47
224,0 days 00:00:55.832844,0.6208842691423582,18,0.4159030053097028,10,37
225,0 days 00:00:17.883328,1732.5371191997635,10,0.22481553651135863,10,11
226,0 days 00:00:14.007667,0.0002341467446942768,47,0.16307187955046887,10,10
227,0 days 00:00:13.495541,0.0002597151845284504,24,0.45167645990496386,10,11
228,0 days 00:00:33.382623,0.023265970770626355,23,0.7687243811847861,10,22
229,0 days 00:00:46.605381,0.00011144293818704697,15,0.8421635362378337,10,49
230,0 days 00:00:58.830347,0.6023685989230004,32,0.8125548269461715,10,32
231,0 days 00:00:18.979831,32.6741176639205,12,0.2311597308463581,10,13
232,0 days 00:00:23.188411,2586.7071215921137,22,0.25057811416422615,10,19
233,0 days 00:00:30.957276,0.022308071563849865,18,0.7637893321253596,10,26
234,0 days 00:00:39.902713,424.1946930889742,28,0.7993399398268847,10,23
235,0 days 00:00:52.675306,96.648009006844,10,0.5699221457012653,10,47
236,0 days 00:01:11.682798,62.75590910028872,18,0.7523119457544891,10,38
237,0 days 00:00:16.600678,0.4511215682571356,18,0.48087865992814716,10,13
238,0 days 00:00:56.249276,77.75841583832971,33,0.15077618414224006,10,31
239,0 days 00:00:24.228132,0.014364087852719603,32,0.8435930285560117,10,23
240,0 days 00:00:57.796045,7.870704403532633,36,0.36652578739825303,10,32
241,0 days 00:00:50.683211,19.373046973982746,28,0.49907953428684626,10,26
242,0 days 00:00:26.290822,0.035458362640637196,16,0.7238416687941946,10,20
243,0 days 00:00:40.471143,2137.193275027335,29,0.8685678725657547,10,20
244,0 days 00:00:45.721774,50.29886736713965,17,0.13617839632876497,10,36
245,0 days 00:00:21.678052,0.2428386724475256,11,0.6924239365829414,10,16
246,0 days 00:00:45.059654,1.6603413725492273,28,0.8963157320051971,10,23
247,0 days 00:00:43.211499,2.1927878291436684,29,0.4745410502754973,10,41
248,0 days 00:00:18.572450,146.1165546870751,35,0.23617314479814003,10,11
249,0 days 00:00:43.271636,5285.997350829829,39,0.17234123024746184,10,40
250,0 days 00:00:38.590455,96.6387208196772,27,0.6836878928557484,10,19
251,0 days 00:00:23.176395,0.0016354027712391448,37,0.34063990565798186,10,20
252,0 days 00:00:25.324414,4709.788579816718,40,0.6928339728053005,10,20
253,0 days 00:00:20.637205,36.30394645737041,17,0.20565935089284768,10,13
254,0 days 00:00:26.174873,0.002581088088202748,19,0.3126340346746047,10,25
255,0 days 00:00:32.005726,128.79282917116387,12,0.4787495171159445,10,28
256,0 days 00:00:15.006963,0.014775395728757473,25,0.44439934094581557,10,13
257,0 days 00:00:13.754277,0.0067336043657157535,40,0.8297697805519401,10,11
258,0 days 00:00:33.894465,0.001037525077968368,24,0.5586866571372211,10,33
259,0 days 00:00:41.993089,168.62679903781984,28,0.4214374716608975,10,41
260,0 days 00:00:22.044663,93.02679128886362,40,0.6909309035371212,10,10
261,0 days 00:00:40.988606,518.3041922179955,13,0.6932351036107278,10,32
262,0 days 00:00:26.912451,103.59475721466559,39,0.3220191503768398,10,20
263,0 days 00:00:15.584935,0.0028816708503792646,31,0.29780371281681917,10,13
264,0 days 00:00:29.271234,0.07495412521679336,46,0.44859986543499475,10,20
265,0 days 00:00:14.729050,0.00013096978775369028,25,0.6876952038528714,10,10
266,0 days 00:00:27.466530,1.054660610382054,26,0.26489665930265005,10,22
267,0 days 00:00:16.363177,0.01942126550058031,25,0.10858755823560023,10,12
268,0 days 00:00:14.896985,0.00014644215121341892,36,0.3470021249524683,10,11
269,0 days 00:00:37.706479,2.3269676708868037,35,0.5440292150779278,10,19
270,0 days 00:00:41.434009,0.0005178837979055386,12,0.21012668340141882,10,40
271,0 days 00:00:26.355077,28.75143783459099,31,0.7742384792671854,10,14
272,0 days 00:00:49.201084,0.0007213089003410769,34,0.8330458656307156,10,49
273,0 days 00:00:15.984209,0.00020021141102045506,15,0.6110166212991571,10,12
274,0 days 00:00:27.398011,30.011665363167147,34,0.355731484112055,10,13
275,0 days 00:01:05.358734,3.310131451921789,26,0.8705056499701793,10,33
276,0 days 00:00:19.627408,0.016546994507503604,36,0.39089082416316256,10,16
277,0 days 00:00:31.877324,100.0764180271628,36,0.23942991216096365,10,18
278,0 days 00:00:31.623124,0.00021075774332476348,26,0.4250310758271062,10,28
279,0 days 00:00:46.094759,7904.496892480356,33,0.5153231141260454,10,43
280,0 days 00:00:30.437165,0.00038954488781823437,42,0.25179712211129457,10,28
281,0 days 00:00:29.650833,0.09921388296163763,36,0.7389453102000075,10,14
282,0 days 00:01:12.529773,0.02321628591458528,35,0.20701698591190631,10,40
283,0 days 00:00:19.695492,0.01555573821201276,32,0.42047344124039054,10,19
284,0 days 00:00:33.732252,0.6556588365928935,24,0.3921894922445536,10,28
285,0 days 00:00:51.571749,0.3182768748173253,22,0.8914341659313191,10,27
286,0 days 00:00:19.274455,0.004217938537475852,26,0.8494681452620646,10,17
287,0 days 00:00:18.441382,0.1570496553286133,20,0.5103370977359238,10,11
288,0 days 00:00:43.938019,55.92374542164557,36,0.4354139310973245,10,27
289,0 days 00:00:22.127879,55.520852765889394,23,0.8607309162879395,10,11
290,0 days 00:00:49.742574,0.019102893674616872,40,0.8700577299018538,10,47
291,0 days 00:00:18.380415,14.027229091904342,41,0.5748496316737481,10,12
292,0 days 00:00:18.933569,0.005465517652003176,41,0.8179141210379826,10,16
293,0 days 00:00:22.883312,1692.725379793884,41,0.8066577279267043,10,12
294,0 days 00:01:08.266582,189.2586724713048,44,0.7362090138154123,10,36
295,0 days 00:00:35.884495,8152.644365387509,23,0.3588824036353787,10,22
296,0 days 00:00:18.564651,0.2801771101163565,39,0.6251554105283372,10,14
297,0 days 00:00:15.592406,0.00952107988006353,48,0.48004205825498136,10,13
298,0 days 00:00:36.291704,403.9650877986916,35,0.4281780165560195,10,26
299,0 days 00:00:37.107243,0.0006019449836506682,49,0.6291308496232817,10,35
300,0 days 00:00:49.946954,3.401816345738103,13,0.15353168117769622,10,42
301,0 days 00:00:13.706740,0.0017455719184783244,30,0.1059141038271994,10,10
302,0 days 00:00:32.155049,0.004070165667125009,13,0.24309665875824732,10,31
303,0 days 00:00:18.136339,20.304213376498723,16,0.18913270846106808,10,11
304,0 days 00:00:20.775085,4186.217404710824,37,0.8941858778032813,10,10
305,0 days 00:00:14.405299,0.7036532551941985,13,0.5328180063967317,10,11
306,0 days 00:00:26.895333,424.7502476958074,49,0.6998227544356436,10,15
307,0 days 00:00:17.395352,384.5841531319349,38,0.2756816875016239,10,10
308,0 days 00:00:21.100100,45.286677363125236,15,0.6739944499260113,10,10
309,0 days 00:01:27.398162,6099.001094237719,10,0.37836711822356617,10,47
310,0 days 00:00:20.212085,0.0016153047394473154,44,0.3053770814923441,10,19
311,0 days 00:00:40.849903,0.0024166898932733035,30,0.5608947964962063,10,41
312,0 days 00:00:35.714625,0.0702046323821868,22,0.8202255748991578,10,19
313,0 days 00:00:21.248045,0.050882463586468495,18,0.6397117093280356,10,10
314,0 days 00:00:43.518327,0.0002275763886470614,29,0.8720212021796342,10,42
315,0 days 00:00:38.786388,122.55045958757294,45,0.5077116018649788,10,36
316,0 days 00:00:13.343434,0.00858416014731213,36,0.11690589632409046,10,10
317,0 days 00:01:10.117220,0.09744463723514382,24,0.21342003831723427,10,39
318,0 days 00:00:41.434718,1.3365299291836656,45,0.813948226438361,10,22
319,0 days 00:00:21.448260,0.005744811174353136,33,0.7718757955151657,10,18
320,0 days 00:00:30.667092,0.8840209468123917,46,0.25763844820345594,10,26
321,0 days 00:00:21.478871,0.00484828705051421,46,0.43547847113656113,10,18
322,0 days 00:00:48.848384,5174.60931624003,27,0.31511208177839417,10,32
323,0 days 00:00:34.262573,4.297093981182393,43,0.5265781166167923,10,31
324,0 days 00:01:17.828418,220.90350990897494,40,0.7371509914004525,10,47
325,0 days 00:00:27.997459,8.92441453757873,28,0.37707138825278563,10,25
326,0 days 00:00:51.183983,0.585136333467722,26,0.8963994897544261,10,30
327,0 days 00:00:20.610842,2883.7868248188693,24,0.26733710401231026,10,15
328,0 days 00:01:12.916096,0.5604833713042825,26,0.7811323088190928,10,39
329,0 days 00:00:28.223778,775.2449986006638,32,0.7984830740299945,10,13
330,0 days 00:00:34.302152,0.00029077511889676316,47,0.20077748698982614,10,35
331,0 days 00:00:18.853143,0.005222561625624037,29,0.16488940714653166,10,17
332,0 days 00:00:35.452540,0.0005340896808595309,38,0.857581940763202,10,32
333,0 days 00:00:34.574172,0.0016471832087807466,21,0.7899411768694309,10,31
334,0 days 00:00:22.259441,4.948097456960097,34,0.21557226300943882,10,12
335,0 days 00:00:21.915836,0.00022189647669233203,21,0.7222677626924316,10,19
336,0 days 00:00:40.069127,1747.03758428803,13,0.7654683284094207,10,33
337,0 days 00:00:15.170452,1.4608870430890022,48,0.47641846300761903,10,10
338,0 days 00:00:47.446380,790.160653523931,16,0.8638832981774228,10,24
339,0 days 00:00:25.684210,3468.117202232358,36,0.8609215026135819,10,12
340,0 days 00:00:52.791301,0.645414975297393,13,0.11843828020644241,10,43
341,0 days 00:00:37.436666,0.00018381820150149806,48,0.43241063427781734,10,36
342,0 days 00:00:15.964841,0.0036492306818085895,33,0.6474329814052755,10,12
343,0 days 00:00:20.045276,0.004573352448414667,13,0.8391740808092107,10,19
344,0 days 00:00:13.690900,0.0051149352483663025,49,0.1324352252447386,10,10
345,0 days 00:00:37.993304,0.0005070598450170224,11,0.2280310686912654,10,37
346,0 days 00:00:45.598957,6.367315557054257,27,0.1364363476602528,10,34
347,0 days 00:00:26.514249,1653.0172589277563,23,0.45361801733816964,10,25
348,0 days 00:00:27.503920,761.2194925398794,39,0.2603854603755653,10,20
349,0 days 00:01:04.542744,0.04911642622586665,11,0.39779286277703063,10,33
350,0 days 00:00:20.483349,20.636880172276243,23,0.30453777185789993,10,12
351,0 days 00:00:44.171450,54.265789367255735,36,0.7539064958753754,10,27
352,0 days 00:00:38.495565,830.9302424375436,36,0.787045915910926,10,19
353,0 days 00:00:36.082590,2.1693707769475448,31,0.7087864241379686,10,25
354,0 days 00:00:24.065255,0.0032380290385095735,33,0.2238005129683238,10,23
355,0 days 00:00:24.526012,2.9677724104693732,28,0.24547065553823197,10,19
356,0 days 00:00:43.776285,31.35894705344654,47,0.7542934076626638,10,24
357,0 days 00:00:13.170030,0.002988338059272744,23,0.7654085741765309,10,11
358,0 days 00:00:29.213100,0.013845398058019041,23,0.5000436556215472,10,27
359,0 days 00:00:18.619904,5.405579333085066,30,0.401663186887126,10,13
360,0 days 00:00:30.753577,1379.8236642286527,35,0.31403506016883675,10,26
361,0 days 00:00:18.277384,0.7588748641796065,48,0.5871589588937947,10,14
362,0 days 00:00:39.244736,0.007381192773460928,13,0.6496391662785033,10,38
363,0 days 00:00:35.549626,222.18474345368003,19,0.8573675276716457,10,19
364,0 days 00:00:23.746305,1779.698906863587,39,0.23273939985121617,10,17
365,0 days 00:00:52.904663,6.616921539684785,32,0.8872771587773793,10,29
366,0 days 00:00:23.705865,0.8325596616061973,32,0.16401425906932357,10,12
367,0 days 00:00:28.149789,25.617292610410026,43,0.6969786839017147,10,14
368,0 days 00:00:25.631737,0.00014213752017136561,18,0.5804856774597877,10,24
369,0 days 00:00:38.370318,0.03511651202204345,14,0.8700555573839134,10,36
370,0 days 00:00:23.580722,0.00013364523753154752,42,0.4125150756948951,10,23
371,0 days 00:01:17.079105,872.0792127605038,24,0.42487693816765426,10,42
372,0 days 00:00:46.581634,1141.9112577690275,41,0.12358524213154443,10,38
373,0 days 00:00:16.082082,0.6424014978561343,18,0.8575919875310046,10,10
374,0 days 00:01:01.553809,4854.19996924009,17,0.35003670234704753,10,33
375,0 days 00:00:28.684751,1034.9222220949073,19,0.49494471915660276,10,24
376,0 days 00:00:31.431074,0.12854536601015618,43,0.6322106052515395,10,26
377,0 days 00:00:50.083420,1013.124199335204,14,0.6346076936011712,10,26
378,0 days 00:00:24.478974,2105.0685328983673,31,0.867212511756993,10,12
379,0 days 00:00:48.700159,9974.639798952672,42,0.42489468944563236,10,34
380,0 days 00:00:40.979917,2.1459682548300405,46,0.12137014202691923,10,32
381,0 days 00:00:23.473756,19.598788040088117,25,0.19811844548959173,10,17
382,0 days 00:00:44.784701,0.019719274659155416,44,0.38108719393649815,10,25
383,0 days 00:00:34.985328,1190.289621367897,49,0.32739066589233035,10,32
384,0 days 00:00:46.917323,28.839740735454082,15,0.17405475881974652,10,40
385,0 days 00:00:40.253403,0.0019474761629194228,12,0.42060101497272284,10,39
386,0 days 00:01:05.245198,31.570583676182522,43,0.8782618290514264,10,34
387,0 days 00:00:23.655251,6972.558734931379,37,0.6542336602286469,10,14
388,0 days 00:00:34.922441,11.423016171153712,42,0.5377763831914579,10,17
389,0 days 00:00:46.408368,160.28470683737814,19,0.7295498008587655,10,33
390,0 days 00:00:25.976536,12.163097113598695,25,0.7803418155185557,10,15
391,0 days 00:00:25.978159,0.0699536072396827,39,0.6048378381047501,10,12
392,0 days 00:00:47.712710,25.709900571829014,25,0.7848429207123807,10,25
393,0 days 00:00:35.470174,0.014690294938275937,39,0.24083465247997327,10,37
394,0 days 00:00:17.219164,9.350964045157305,36,0.5114701127820668,10,12
395,0 days 00:00:25.547573,0.0032751518674310398,31,0.516391642289351,10,22
396,0 days 00:00:24.478506,0.25119291895094825,36,0.27576422993438554,10,17
397,0 days 00:00:14.885250,0.7233690269148288,29,0.44021759713128306,10,10
398,0 days 00:00:41.452081,0.05606437139414211,31,0.36466470775113224,10,21
399,0 days 00:00:37.912068,9.091216129834237,16,0.8577789335556804,10,22
400,0 days 00:00:51.818653,5.698666438813224,31,0.12619244663600196,10,44
401,0 days 00:01:17.254613,3.199101270420445,48,0.36138666694746724,10,41
402,0 days 00:00:18.472734,0.00010549547024855692,27,0.18290815139254077,10,16
403,0 days 00:00:33.852528,0.0004098772480282605,27,0.4903999348222151,10,33
404,0 days 00:00:45.485067,6.829760991902852,13,0.5583020073690004,10,28
405,0 days 00:00:27.611756,0.16617088393374146,47,0.2386598423340267,10,14
406,0 days 00:00:40.203210,0.06406288237870511,46,0.14899248280449875,10,20
407,0 days 00:00:15.791086,0.02113991287463667,15,0.8526757214318792,10,10
408,0 days 00:00:25.340538,0.01382589812245737,41,0.1429710186459941,10,23
409,0 days 00:00:21.504773,0.004580482755758642,35,0.4849149753411698,10,19
410,0 days 00:00:37.546951,11.926385775830383,26,0.5753970508950056,10,19
411,0 days 00:00:33.552537,97.71980012060413,40,0.708548419986056,10,16
412,0 days 00:00:41.291346,1882.8434553674776,39,0.3370430548287356,10,26
413,0 days 00:00:28.508213,9363.408859555755,10,0.31307534917034685,10,22
414,0 days 00:00:24.795912,29.850029902486266,44,0.5015668511298904,10,15
415,0 days 00:00:41.351033,0.005217266821547957,34,0.6974407894624188,10,40
416,0 days 00:00:34.528280,2884.9573073440656,14,0.541937718799896,10,17
417,0 days 00:01:00.057011,33.957920111737295,31,0.10444642912178033,10,47
418,0 days 00:00:34.087611,0.07736145689980778,34,0.8679983993396795,10,27
419,0 days 00:00:27.306377,0.0017238427252430108,42,0.44685736497355033,10,25
420,0 days 00:00:32.850135,6570.763707923687,17,0.6793222917055715,10,17
421,0 days 00:01:28.989803,143.19666978682415,32,0.8082892138077238,10,49
422,0 days 00:00:39.522156,0.0008948407692889195,38,0.13825341802597535,10,36
423,0 days 00:00:31.470003,0.039609130226706604,25,0.6777280160359046,10,16
424,0 days 00:00:22.480760,1.4520875134385014,12,0.5210108333342739,10,16
425,0 days 00:00:22.859105,0.00038351094659990365,14,0.23434477419594757,10,18
426,0 days 00:00:31.113661,17.693972670325035,31,0.630832828030361,10,16
427,0 days 00:00:30.892419,0.021230764530314247,21,0.5173312340250732,10,26
428,0 days 00:00:32.371830,7.31411362076903,10,0.20043674936818984,10,17
429,0 days 00:00:43.571504,129.32799136754005,15,0.36837624911850386,10,22
430,0 days 00:00:19.505089,0.004927128776427833,23,0.477018525909198,10,18
431,0 days 00:00:34.298882,0.19887165299247936,36,0.5264547346880073,10,27
432,0 days 00:00:32.798304,0.01665377533234571,21,0.8597922204908576,10,31
433,0 days 00:00:36.858178,0.0007103503212523518,28,0.7188116704274333,10,37
434,0 days 00:00:28.457537,0.04494458072241011,10,0.8650998715756,10,20
435,0 days 00:00:27.732356,0.145229082605104,48,0.6914526538882392,10,21
436,0 days 00:01:08.698790,16.046308252091627,23,0.3373652252030498,10,36
437,0 days 00:00:23.240926,136.525637961683,36,0.7352194745317432,10,11
438,0 days 00:00:23.105443,16.85927648432885,13,0.5608413321935944,10,18
439,0 days 00:00:13.786319,0.00108441761538566,22,0.30678773155193273,10,11
440,0 days 00:00:15.993975,2279.132933349459,28,0.37207919390157385,10,11
441,0 days 00:01:02.697860,1.5984067087929452,36,0.3076242481792824,10,49
442,0 days 00:00:38.363363,0.0445499256039469,26,0.4827354709386399,10,19
443,0 days 00:00:29.001064,38.882355431926044,41,0.511945389011622,10,17
444,0 days 00:00:23.423996,0.03486666735518879,30,0.8839619616106414,10,15
445,0 days 00:00:26.755538,3.4121393023126347,29,0.6721063792384241,10,15
446,0 days 00:01:18.998999,23.90269914185754,45,0.8985474974020377,10,42
447,0 days 00:00:56.890486,1.5992525975123446,19,0.7453549067996216,10,29
448,0 days 00:00:28.408391,0.40948836739494093,14,0.1384049880095967,10,16
449,0 days 00:00:34.866278,0.06267257440619886,43,0.8594477494889291,10,33
450,0 days 00:00:23.765587,7367.9543634228285,31,0.7408817186618649,10,11
451,0 days 00:00:26.122651,15.974906291806127,13,0.2213766690926022,10,21
452,0 days 00:00:34.262408,3.958055274722759,23,0.33944126180307577,10,24
453,0 days 00:00:42.632062,2.4351341870204375,35,0.2150512255100269,10,36
454,0 days 00:00:20.211652,0.2209441038467888,25,0.2992071840002225,10,10
455,0 days 00:00:14.140931,0.006463334872824079,33,0.14582457478441224,10,10
456,0 days 00:00:56.937381,6769.73727594907,33,0.29997546078404935,10,45
457,0 days 00:00:14.684999,0.0006296981004750939,12,0.46331868731912085,10,11
458,0 days 00:00:21.824460,119.01251440143699,28,0.15693369856945943,10,10
459,0 days 00:00:13.178649,0.001053506283073818,15,0.8620472706057786,10,11
460,0 days 00:00:34.298790,0.022076985705609828,31,0.6990988340186227,10,27
461,0 days 00:00:20.318480,0.195974104173676,42,0.358171569693444,10,12
462,0 days 00:00:40.484557,0.0005434028729920477,24,0.12646763948779435,10,39
463,0 days 00:00:45.394423,4506.632786959718,36,0.8581591386366568,10,23
464,0 days 00:00:27.780648,2.8004690499965723,19,0.7196924034857394,10,15
465,0 days 00:00:23.354960,1.1914731317453484,21,0.8812074179254276,10,11
466,0 days 00:00:45.326701,3031.802313086008,24,0.11296196837455721,10,33
467,0 days 00:00:21.432495,3409.784466029541,42,0.7664244209549195,10,10
468,0 days 00:00:23.094785,1.51597088235276,32,0.5999843849511991,10,11
469,0 days 00:00:37.245341,7274.641370659799,38,0.17038310702041226,10,31
470,0 days 00:00:25.239089,0.14984906466828515,13,0.8528374646348356,10,21
471,0 days 00:00:19.584453,220.88112618211775,44,0.5529441670790506,10,11
472,0 days 00:00:28.213815,0.009822583068647629,27,0.18533071583039895,10,27
473,0 days 00:00:27.866876,0.14216708860939054,22,0.19649365763300297,10,17
474,0 days 00:00:31.858630,58.387920443263425,43,0.7119581201222989,10,17
475,0 days 00:00:18.065243,7762.626421016134,37,0.5194280360463323,10,14
476,0 days 00:00:48.359869,0.006308827864589866,32,0.7384987542774811,10,49
477,0 days 00:00:25.295736,299.17163754170633,37,0.3379513704760114,10,18
478,0 days 00:01:05.911477,1084.584277291189,26,0.4517993583566632,10,37
479,0 days 00:00:32.280135,0.04683368277056522,46,0.7882548882394008,10,27
480,0 days 00:00:35.841854,0.0001214175509136159,39,0.3785910626754976,10,34
481,0 days 00:00:25.762931,0.3055482177676305,12,0.6623829808374816,10,21
482,0 days 00:00:18.858958,53.4607861752115,45,0.382410881027456,10,13
483,0 days 00:00:45.506805,0.04486716858069992,44,0.16508952245530964,10,24
484,0 days 00:00:22.253414,0.5616452930495786,13,0.8108502856231437,10,11
485,0 days 00:00:17.628479,4.405302742815856,15,0.5135556560213617,10,12
486,0 days 00:00:24.851663,0.039687109867986084,40,0.43319201375387717,10,12
487,0 days 00:00:18.109985,0.0022986975504835946,28,0.14150545020616906,10,14
488,0 days 00:00:14.322597,0.017804180577664083,34,0.2237280887368983,10,11
489,0 days 00:00:17.795430,0.04878093218983892,39,0.6615146222254049,10,11
490,0 days 00:00:21.560171,177.98325447548868,24,0.42134439975623017,10,16
491,0 days 00:00:44.066562,2695.0583010010378,36,0.3139987843996229,10,24
492,0 days 00:00:21.686744,0.41116794615784186,10,0.4159682327693669,10,15
493,0 days 00:00:21.886179,9353.041502671598,28,0.5246569204836798,10,16
494,0 days 00:00:49.443346,6.994216708239262,49,0.8928564974585024,10,26
495,0 days 00:00:40.901497,0.00017892378795963433,24,0.17198750144939118,10,39
496,0 days 00:00:26.994914,14.752081345594105,36,0.4142140837474849,10,23
497,0 days 00:00:19.948951,0.0011724702107001963,47,0.5357167938476391,10,16
498,0 days 00:00:29.726921,801.6543167353643,17,0.4051925786501269,10,27
499,0 days 00:00:32.360681,8664.602056096897,46,0.365500671882554,10,23
500,0 days 00:00:15.445656,1198.9866351071046,43,0.4605581747562574,10,10
501,0 days 00:00:25.793914,594.8781648610374,16,0.5013327532298554,10,12
502,0 days 00:00:24.474391,16.677947922829787,19,0.4242015781567038,10,20
503,0 days 00:00:31.223761,0.0006087696541793504,37,0.47860150952758995,10,30
504,0 days 00:00:26.952719,1106.4756486958631,48,0.21001243035542397,10,14
505,0 days 00:00:29.042504,282.8783197906264,35,0.7060518883112058,10,15
506,0 days 00:00:27.414888,2588.331714367245,48,0.292177642821592,10,22
507,0 days 00:00:27.186017,2806.8482891851177,15,0.476148641209297,10,13
508,0 days 00:01:25.836853,40.25922057751141,29,0.8830306998453058,10,48
509,0 days 00:00:35.717710,0.00015767716129491625,28,0.6723449375053812,10,34
510,0 days 00:01:10.874538,2.5333124205783997,38,0.37554293159842955,10,40
511,0 days 00:00:13.928474,0.00017189458531425642,29,0.413392744310934,10,10
512,0 days 00:00:25.098059,88.16918611036985,19,0.7936005803806724,10,13
513,0 days 00:01:00.465451,0.026214366444072722,20,0.25523796948771915,10,35
514,0 days 00:00:21.588955,0.00010335950587402858,27,0.8639352222139819,10,18
515,0 days 00:00:32.044423,0.00023894784450931847,13,0.5290944451766627,10,30
516,0 days 00:00:41.106659,0.0014217975503277452,46,0.8882290411597991,10,39
517,0 days 00:00:13.496703,0.004157269265187001,17,0.13337548984337666,10,11
518,0 days 00:00:41.512637,0.08453271372267848,46,0.8671429871877561,10,32
519,0 days 00:00:20.626380,4.108173470396176,18,0.2819033170088713,10,13
520,0 days 00:00:42.341318,0.31692256511512146,47,0.8463961147013437,10,30
521,0 days 00:00:30.235142,0.037780697275376696,31,0.31260374215264164,10,14
522,0 days 00:00:37.910808,0.2725630574908354,44,0.6151958797491417,10,37
523,0 days 00:00:43.113330,9.386803879529412,29,0.7316747687673146,10,23
524,0 days 00:00:13.587555,0.000532473402228801,39,0.762586181123872,10,11
525,0 days 00:01:18.403078,66.42514004814501,14,0.8991737426840021,10,44
526,0 days 00:01:09.347870,163.33029046430997,33,0.8886038287731245,10,37
527,0 days 00:00:22.255865,0.0006573207746761094,37,0.4148940272062025,10,20
528,0 days 00:00:27.910767,60.259007853384034,37,0.2560759890545409,10,22
529,0 days 00:00:25.840483,0.012512035645474045,46,0.1719281976181965,10,24
530,0 days 00:01:05.383622,31.3337126337001,48,0.22878890065627858,10,37
531,0 days 00:00:42.420690,1.9068165447757626,40,0.16851831150538005,10,36
532,0 days 00:00:18.432641,0.4134796978846659,26,0.6427176754645503,10,12
533,0 days 00:00:32.614815,4.773809219506268,29,0.6337035683637569,10,27
534,0 days 00:00:22.048771,1.470990360648299,34,0.4187537536046054,10,13
535,0 days 00:01:28.223626,7.490032774936645,28,0.6714867791837322,10,47
536,0 days 00:01:16.849825,199.81530959829652,26,0.5620416773804402,10,40
537,0 days 00:00:46.062289,8.019215740118604,15,0.5592280219770571,10,41
538,0 days 00:00:15.602211,5.9330200104331645,25,0.321738409855729,10,11
539,0 days 00:00:59.834268,6222.282409665556,19,0.36304962139288743,10,31
540,0 days 00:00:25.747043,1688.9302310018113,20,0.2247182708437303,10,21
541,0 days 00:00:32.682478,0.3399992479127214,20,0.7866272625111299,10,25
542,0 days 00:00:34.188718,1271.965700549652,44,0.4758389560334526,10,17
543,0 days 00:00:20.143741,1322.69391189416,32,0.550429155707106,10,14
544,0 days 00:00:36.273157,0.5497923211136497,16,0.7109489226238421,10,18
545,0 days 00:01:03.972147,0.037151661534256114,37,0.2993253424389029,10,45
546,0 days 00:01:12.904015,22.944395467605343,38,0.8425602195934351,10,38
547,0 days 00:00:26.550542,0.01430980147247126,17,0.5926913909290036,10,25
548,0 days 00:01:05.505152,41.651630012539215,49,0.7876266493539077,10,34
549,0 days 00:00:22.173211,0.0007839827894524578,31,0.33277091918460244,10,19
550,0 days 00:00:49.300975,72.72512198194433,38,0.8895598762720605,10,26
551,0 days 00:00:18.037645,0.02481604402071485,17,0.8376143672337054,10,13
552,0 days 00:00:30.658538,0.00039043581176197905,12,0.7693731674821568,10,31
553,0 days 00:00:45.050546,14.69596616870201,21,0.11083091588955832,10,36
554,0 days 00:01:18.910310,152.855849937599,26,0.398018572432549,10,42
555,0 days 00:00:30.615775,3220.132675613944,24,0.4254829275301575,10,29
556,0 days 00:00:13.921856,0.008682346445287797,38,0.44228936963644505,10,10
557,0 days 00:00:19.120818,67.5370761611141,13,0.15586815711792712,10,10
558,0 days 00:00:18.119655,0.00041766934188075706,37,0.3152925507287806,10,14
559,0 days 00:00:28.364883,2769.3234596441066,44,0.3558847802907573,10,14
560,0 days 00:00:15.809468,0.0005093027678874577,41,0.5628724617905129,10,12
561,0 days 00:00:14.930815,0.0005349082497705172,41,0.1510768223527478,10,11
562,0 days 00:00:21.960915,0.00011967325675016665,43,0.5698029765157525,10,18
563,0 days 00:00:40.270711,0.11040881663379132,39,0.1526551208486735,10,20
564,0 days 00:00:35.974142,0.03724587882813444,36,0.8697616613693139,10,29
565,0 days 00:00:39.501384,1.2468282401041597,49,0.7527043671239404,10,21
566,0 days 00:00:23.513354,116.00882244021864,49,0.604011220839609,10,18
567,0 days 00:00:26.883039,9.87344098499997,29,0.784952758713804,10,12
568,0 days 00:00:20.592261,0.07021893271704104,37,0.7849816538104427,10,11
569,0 days 00:00:29.965438,0.30653286990748907,44,0.7071640536012977,10,25
570,0 days 00:00:58.447517,43.62233591494047,24,0.34162102082721135,10,30
571,0 days 00:00:37.197944,1321.1978141216016,18,0.7016018583685123,10,21
572,0 days 00:00:18.219103,36.920151386338794,10,0.41556391476130183,10,15
573,0 days 00:00:25.243015,5.663604803074281,40,0.5880612770303784,10,13
574,0 days 00:00:40.560513,4005.1842905325807,27,0.17681726929634173,10,33
575,0 days 00:00:21.343834,65.16013931524351,49,0.514784975415186,10,17
576,0 days 00:00:48.724976,4.375230948691795,11,0.14596466058664934,10,40
577,0 days 00:00:28.975695,170.91399186125832,14,0.35704101207695615,10,14
578,0 days 00:00:19.438125,0.0038756698231819336,27,0.11489996262036586,10,16
579,0 days 00:00:43.416725,9.896428721288663,49,0.14203965896267637,10,34
580,0 days 00:00:26.073993,0.00039718036129657937,20,0.4657409312440163,10,25
581,0 days 00:00:46.758408,1.4035510057022518,29,0.3170187593636872,10,42
582,0 days 00:00:29.730555,0.00040741691631590436,20,0.5247629972347019,10,28
583,0 days 00:00:36.784956,0.00013596180647468863,33,0.3917086211800447,10,36
584,0 days 00:00:17.031788,0.2283507659316628,43,0.5275826780110061,10,10
585,0 days 00:00:44.050041,0.010434693041695099,46,0.38586045367567356,10,44
586,0 days 00:00:21.917990,1858.479860596206,42,0.10030978111417205,10,11
587,0 days 00:00:22.487369,17.13349631224162,29,0.4317972903144701,10,21
588,0 days 00:00:24.850757,107.21668458439751,11,0.873346502500199,10,12
589,0 days 00:00:41.389975,13.243916751933648,44,0.4171223472422819,10,39
590,0 days 00:00:33.863226,1.3233225169906309,12,0.27792193934929266,10,30
591,0 days 00:00:24.504050,7337.910013801377,10,0.45419284614440725,10,20
592,0 days 00:01:07.786482,7009.034191612133,17,0.6194524520876314,10,35
593,0 days 00:00:27.909092,0.29295497783367136,16,0.12261337311840387,10,14
594,0 days 00:00:47.368023,348.4875878036847,37,0.8422120076537962,10,24
595,0 days 00:00:21.344815,12.365742931527947,20,0.5136304194847229,10,15
596,0 days 00:00:18.327131,9.565509044299812,22,0.5529358055880358,10,12
597,0 days 00:00:17.274010,0.000347187754797984,31,0.530796555796932,10,14
598,0 days 00:00:14.136717,0.01572383772523082,44,0.4813527061498014,10,11
599,0 days 00:01:26.995479,0.01708338899303659,37,0.4124911247212584,10,48
600,0 days 00:00:32.247683,0.0029277745654330274,22,0.5521856909389221,10,30
601,0 days 00:00:49.904797,775.4737945573316,16,0.20885200196002504,10,46
602,0 days 00:00:24.875217,0.0004830381587598383,25,0.7620853366311412,10,22
603,0 days 00:00:35.981814,0.00011472543313339902,12,0.2805552281217706,10,37
604,0 days 00:00:30.133452,3617.7914336709805,39,0.40994236471691714,10,25
605,0 days 00:00:50.055009,239.8719372036015,36,0.619228865588896,10,26
606,0 days 00:00:24.158608,141.7895643505545,46,0.5213626179175529,10,21
607,0 days 00:00:23.998289,2.66396047341003,21,0.15149696321455908,10,12
608,0 days 00:00:38.001266,0.0002567484276560414,49,0.5986213598899165,10,36
609,0 days 00:00:24.203604,2.146031900087157,38,0.1531855728783006,10,16
610,0 days 00:00:18.765309,0.000259217440279803,17,0.7282789665388888,10,17
611,0 days 00:00:38.836147,0.0013479325242081995,44,0.8723801368056915,10,36
612,0 days 00:00:31.764942,1.4101215364861968,14,0.8943135608824678,10,16
613,0 days 00:00:40.532111,0.01540115182939136,19,0.574223826938154,10,39
614,0 days 00:00:56.484390,0.2010554598957522,43,0.21841767478030985,10,49
615,0 days 00:01:14.828451,127.20891114656337,33,0.7953675376007194,10,41
616,0 days 00:00:32.565839,77.7749284497209,12,0.8265008591891904,10,16
617,0 days 00:00:54.253800,943.9651832334126,18,0.3034699637716668,10,44
618,0 days 00:00:49.818920,0.10294221435111761,24,0.3333965834891235,10,26
619,0 days 00:00:36.318319,0.0005972328352951175,29,0.3693495798505425,10,34
620,0 days 00:00:31.937843,0.002386063446441647,20,0.636853395276689,10,30
621,0 days 00:00:31.918413,0.41836139988058335,14,0.16750433881280938,10,22
622,0 days 00:00:35.735294,0.00011235648534326298,16,0.4868021933218636,10,35
623,0 days 00:00:56.549664,29.70329004498975,29,0.8596993452118301,10,29
624,0 days 00:00:45.252256,0.5909143731471233,15,0.8036337097241634,10,31
625,0 days 00:00:32.082199,3.389549897961401,26,0.66562532169138,10,24
626,0 days 00:00:16.428997,2.7982842041255296,32,0.2913914165526215,10,11
627,0 days 00:00:28.229406,0.0008514475177369262,11,0.7825324616038208,10,27
628,0 days 00:00:25.760656,5377.567321140613,29,0.8331991608135362,10,13
629,0 days 00:00:30.616787,0.15284356048517442,10,0.6702006155761504,10,27
630,0 days 00:00:55.541071,1.6788213442454964,48,0.6934310380701156,10,34
631,0 days 00:00:17.834281,0.0001237026418437122,26,0.18704597205424928,10,15
632,0 days 00:00:30.190302,2160.7063629413587,13,0.3187001897069712,10,25
633,0 days 00:00:53.903124,2.054572214998413,42,0.19857991188588128,10,48
634,0 days 00:00:40.802209,0.22132240565318748,33,0.719719491801233,10,38
635,0 days 00:00:35.826762,0.004069988361951934,45,0.5951900318173083,10,34
636,0 days 00:00:24.312831,0.024236625522677642,45,0.8336785019147057,10,21
637,0 days 00:00:58.657399,2345.4733752975985,14,0.773000883611427,10,46
638,0 days 00:00:48.338775,6130.652496694269,13,0.4260247860258999,10,49
639,0 days 00:00:23.969800,0.07540085613676673,49,0.26912932112405274,10,11
640,0 days 00:00:19.609695,0.00014423245648801373,23,0.5023958694450779,10,16
641,0 days 00:00:38.509158,0.00019296819490815042,23,0.6650644943658821,10,39
642,0 days 00:00:23.178605,0.08819542727797818,21,0.8792016945018604,10,15
643,0 days 00:00:27.941714,0.03349712575946619,45,0.4091630803677998,10,13
644,0 days 00:00:34.092988,0.0010602722171158723,30,0.5371059747509649,10,32
645,0 days 00:00:13.709405,0.0013478262111900512,14,0.17854125734345852,10,10
646,0 days 00:00:23.760255,1758.972603010151,15,0.2763191791411444,10,12
647,0 days 00:00:29.881169,4.534327804830278,45,0.7319974884921571,10,20
648,0 days 00:00:14.267456,0.003900311129803379,30,0.3742106514095752,10,10
649,0 days 00:00:27.823858,23.911160873299085,31,0.7349165073678997,10,14
650,0 days 00:00:47.502768,0.5682468425708772,38,0.18163580685288228,10,40
651,0 days 00:00:42.609445,5.927829791703087,21,0.7895041861547923,10,23
652,0 days 00:00:32.527869,0.30335463066999785,40,0.7191035754650555,10,28
653,0 days 00:00:39.160752,0.0008161630852269018,16,0.5870674922755263,10,40
654,0 days 00:00:28.926533,0.22374237079867368,39,0.64531075620038,10,27
655,0 days 00:00:49.094772,18.4356843606542,24,0.8963096767707781,10,25
656,0 days 00:01:15.727649,7192.55941999151,14,0.26334836681016266,10,42
657,0 days 00:00:25.946594,0.0011248925158352746,42,0.3730371883030469,10,25
658,0 days 00:00:27.371740,1759.9562072780125,17,0.6563043762428213,10,13
659,0 days 00:00:16.051984,0.0029040544741433956,17,0.17659428745692082,10,12
660,0 days 00:00:30.124096,0.002876186809930406,21,0.34124775361714776,10,28
661,0 days 00:00:37.128902,1.1951947904640106,29,0.17215293495724415,10,26
662,0 days 00:00:26.144210,106.72870422072513,30,0.687638246563291,10,12
663,0 days 00:00:30.363982,0.00015809713181327194,38,0.6654312924781556,10,26
664,0 days 00:00:16.248624,2.7907996254853016,38,0.39231274619281487,10,11
665,0 days 00:00:45.888798,1186.5135392545992,20,0.710439609607007,10,28
666,0 days 00:00:17.586867,0.00014948236361104,25,0.21214935696908654,10,15
667,0 days 00:00:19.758831,0.043428035872572227,25,0.24381470493182836,10,10
668,0 days 00:00:39.800309,0.19740338942108174,31,0.6373054757157097,10,39
669,0 days 00:00:21.652742,10.184002791239664,44,0.4241153804853476,10,17
670,0 days 00:00:45.594674,5.542184189410545,21,0.2488659439132592,10,35
671,0 days 00:00:40.418112,0.0006793601985067197,49,0.8399922558499112,10,38
672,0 days 00:00:17.560904,0.33223555892089224,32,0.7433049856182641,10,13
673,0 days 00:00:25.800891,0.00021890736719324912,48,0.19588431328159317,10,22
674,0 days 00:00:19.365597,0.018947630383692945,20,0.715267109840034,10,16
675,0 days 00:00:32.174928,7.578807578657393,25,0.7275509677440261,10,18
676,0 days 00:00:27.205262,0.05408885150694336,47,0.6824032788535767,10,20
677,0 days 00:00:13.114494,0.000135564890383165,15,0.5645610946633086,10,10
678,0 days 00:00:37.537827,18.535026635707805,37,0.7399362214664322,10,19
679,0 days 00:00:40.899302,4.310196608236857,33,0.7492098154425822,10,21
680,0 days 00:01:21.572327,293.61931037227913,41,0.46589966854203735,10,44
681,0 days 00:00:20.204545,145.66051922553606,38,0.7844089571616587,10,10
682,0 days 00:00:28.405261,185.1273946316983,16,0.4431910354041332,10,25
683,0 days 00:00:28.632208,0.46106128917826,20,0.7304135372285073,10,16
684,0 days 00:00:45.324412,71.95726478181538,48,0.6610373418430445,10,24
685,0 days 00:00:35.026869,216.20369417285173,47,0.27700105321179336,10,31
686,0 days 00:00:33.464650,9.063468228049711,37,0.2610684576393404,10,26
687,0 days 00:01:08.817456,0.09680718112118587,26,0.2581354916001719,10,36
688,0 days 00:00:33.330766,0.2604747811309133,14,0.141353025393391,10,18
689,0 days 00:00:22.811611,8079.475658714571,38,0.2951097575162234,10,10
690,0 days 00:00:28.569944,0.020490097789047687,44,0.7715817869959859,10,21
691,0 days 00:01:06.292446,12.877013831558683,28,0.8785963832602168,10,38
692,0 days 00:00:21.647592,1.0194330151911881,26,0.16187574142039587,10,12
693,0 days 00:00:27.556537,657.8260616546885,39,0.739751386170886,10,17
694,0 days 00:00:36.661935,0.00846540725669981,48,0.479199260218513,10,36
695,0 days 00:00:22.648784,322.099371467695,21,0.14400514733456796,10,12
696,0 days 00:00:34.171059,0.0001816394746366889,12,0.8664431219977667,10,33
697,0 days 00:00:26.147751,17.11241669660428,49,0.8520686208963638,10,13
698,0 days 00:00:36.761266,0.0005992473470651256,41,0.8636452505285831,10,35
699,0 days 00:00:20.778201,1831.9704776587596,11,0.7200464433405802,10,10
700,0 days 00:00:14.075975,0.0026528545702386133,18,0.7790902529133736,10,10
701,0 days 00:00:19.411416,191.42952815619654,19,0.6266718827565134,10,11
702,0 days 00:00:21.091529,0.0002033950871843563,33,0.7520677337987945,10,19
703,0 days 00:00:15.295518,0.008201727429353949,21,0.814964840272221,10,11
704,0 days 00:00:46.963529,1069.2921636974322,41,0.6334228989001744,10,24
705,0 days 00:00:16.782873,0.00023002628787529932,41,0.49315880227804587,10,13
706,0 days 00:00:24.561110,1331.5756520621298,37,0.8703912012746624,10,11
707,0 days 00:00:46.729467,0.0019343612003450742,26,0.713782541882945,10,48
708,0 days 00:00:24.915972,18.505285699381204,28,0.8561319151906832,10,12
709,0 days 00:00:19.013827,0.10769258683291123,40,0.7999854045609845,10,10
710,0 days 00:00:32.988421,164.596189640692,34,0.8824038733760505,10,17
711,0 days 00:00:19.547780,0.00011797267504399141,31,0.11426541165266038,10,16
712,0 days 00:00:32.472997,0.11432514795735436,25,0.6092876177069482,10,24
713,0 days 00:00:14.508451,0.001736184101317895,31,0.10628264693737188,10,11
714,0 days 00:00:32.930790,0.004855654978898037,20,0.6900183310663057,10,30
715,0 days 00:01:20.463384,43.37090925470927,48,0.33028775863773224,10,42
716,0 days 00:00:45.190863,3.6141459428681175,34,0.481111908880288,10,26
717,0 days 00:00:34.066501,0.09651399117582388,17,0.2023050836274785,10,18
718,0 days 00:00:23.841858,0.0023391542805865366,42,0.6375445919003968,10,23
719,0 days 00:00:28.173679,5689.470544210099,36,0.5017024881560318,10,24
720,0 days 00:00:36.799249,0.0045340323925492695,24,0.873711100579563,10,37
721,0 days 00:00:16.398413,0.0012527297204908436,26,0.835635036402719,10,13
722,0 days 00:01:08.605706,3290.905645416823,39,0.6641155547391093,10,45
723,0 days 00:00:16.143066,346.17640454086563,30,0.5634446998374497,10,11
724,0 days 00:00:48.303548,0.8667174681312201,19,0.18842990616728772,10,44
725,0 days 00:00:30.220072,2330.0048838510206,18,0.5939909548492717,10,15
726,0 days 00:00:39.235114,632.113234257271,48,0.15371241797513502,10,32
727,0 days 00:00:29.350190,0.06390736029971816,48,0.6333532242413721,10,21
728,0 days 00:00:48.079965,0.0005166551430526251,49,0.8033915246920305,10,48
729,0 days 00:00:18.416723,0.0008297546446502049,20,0.8355781169907484,10,14
730,0 days 00:00:29.095542,306.14527574518524,26,0.841462542579679,10,15
731,0 days 00:00:14.293621,233.5423729454922,25,0.5245562923180351,10,10
732,0 days 00:00:45.192609,202.48428157539635,35,0.6618319837295823,10,27
733,0 days 00:00:22.065431,129.7813737962664,21,0.37437272326246107,10,11
734,0 days 00:00:37.013950,0.44754277327820763,20,0.3338110257125938,10,32
735,0 days 00:00:26.163003,0.0007988541661861126,13,0.8915754887789874,10,24
736,0 days 00:00:13.952021,0.0037362953802104115,16,0.4713681783589252,10,10
737,0 days 00:00:17.502171,0.23862652860768085,48,0.5919316311340966,10,12
738,0 days 00:00:15.757963,0.017621790254892036,28,0.7794594628878663,10,13
739,0 days 00:00:22.914655,1.736980435863899,29,0.7547739735980913,10,12
740,0 days 00:00:33.918098,1.3438438006018714,46,0.13608522537183854,10,23
741,0 days 00:00:16.303396,15.484751273820649,46,0.3957127670134398,10,10
742,0 days 00:01:20.507443,1276.491329014012,41,0.3953823266919312,10,46
743,0 days 00:00:47.324297,3.6984508757237977,48,0.6911044100967423,10,29
744,0 days 00:00:19.670058,101.844811431197,48,0.4275557564962953,10,14
745,0 days 00:00:17.548626,0.0009247169445746417,19,0.27853831897934034,10,15
746,0 days 00:01:11.274428,12.017446062101264,48,0.7877969080754793,10,37
747,0 days 00:00:49.289561,45.74288480449574,39,0.8895629727299565,10,26
748,0 days 00:00:23.626822,0.0028726559491257615,25,0.20405303625445026,10,23
749,0 days 00:01:03.436386,79.5822074678535,30,0.8093942152370424,10,34
750,0 days 00:00:19.356427,0.00015031718859315397,29,0.33754334585750023,10,17
751,0 days 00:00:25.148377,1.6430132856534283,19,0.4180024163508639,10,12
752,0 days 00:00:38.786642,0.002310459983624341,34,0.5926224628244471,10,36
753,0 days 00:00:24.554741,0.00041161270103745633,27,0.37562530129696925,10,22
754,0 days 00:00:23.869903,0.24468983231589456,17,0.3144002308551553,10,14
755,0 days 00:00:31.536984,0.0008119085591368849,46,0.3274632348293116,10,29
756,0 days 00:01:02.730878,1.663111879431765,41,0.6774873202005021,10,34
757,0 days 00:01:13.736024,34.084994344691054,46,0.8044825397766308,10,40
758,0 days 00:00:17.805107,0.0001723720081314968,13,0.7563223265525907,10,15
759,0 days 00:00:29.170455,48.37481330552085,17,0.6536279261717578,10,14
760,0 days 00:00:27.873697,0.023496632416112308,48,0.5655697134696236,10,14
761,0 days 00:00:31.360163,0.0013312246377976112,42,0.5607933694491543,10,30
762,0 days 00:01:03.722206,7.109890516097581,11,0.7699279180040063,10,38
763,0 days 00:00:35.796683,0.0002844366671154188,45,0.10321330359063481,10,34
764,0 days 00:00:22.222738,0.0003188430237278608,22,0.18686681390234547,10,20
765,0 days 00:00:23.187612,76.29893920247493,43,0.458186670838319,10,19
766,0 days 00:00:17.869769,0.00044752309617949055,42,0.43538688296797134,10,14
767,0 days 00:00:25.583896,2.827300482637148,24,0.24414038550602585,10,20
768,0 days 00:00:15.548531,11.388367165378531,21,0.49262570195232314,10,11
769,0 days 00:00:41.437664,0.02785153110161046,30,0.4387825816070793,10,28
770,0 days 00:00:30.777246,23.086146469803833,38,0.5938465041088663,10,15
771,0 days 00:00:27.209612,1297.6795198997693,20,0.1983392978734525,10,19
772,0 days 00:00:32.773058,0.2787630508564761,10,0.17167616252190587,10,20
773,0 days 00:00:22.984147,0.0018289426945324793,17,0.34602202200609866,10,20
774,0 days 00:00:43.957996,0.00045304490812363884,29,0.45633692441954077,10,42
775,0 days 00:00:35.457775,0.024274866807861194,37,0.40042259259519575,10,18
776,0 days 00:01:13.131623,8821.746090621746,43,0.3687353439736537,10,44
777,0 days 00:00:57.858449,20.637280950316473,24,0.44778233184109084,10,45
778,0 days 00:00:45.985826,0.13956449255905168,19,0.8427901355903414,10,43
779,0 days 00:00:44.170681,2745.2792817624018,15,0.6551477229717637,10,38
780,0 days 00:00:50.016034,0.0003315270743469382,44,0.41034034452597723,10,49
781,0 days 00:00:54.032551,275.34393066373644,25,0.4141860036697288,10,48
782,0 days 00:01:18.576064,0.0280674478241542,34,0.37974457744591594,10,44
783,0 days 00:00:43.530192,1.1557269917697874,18,0.2529625390272189,10,22
784,0 days 00:00:19.756754,0.15270460657277893,30,0.5453463732253536,10,12
785,0 days 00:00:32.849432,96.01443657330297,32,0.8025560181372552,10,16
786,0 days 00:00:41.968066,954.9043757417705,33,0.82535140599411,10,20
787,0 days 00:00:37.800254,255.1591429176007,22,0.6167287055962724,10,29
788,0 days 00:00:28.070717,0.0001678394112084255,30,0.4252757720178961,10,26
789,0 days 00:00:27.777798,0.11270059526416153,39,0.36165858408545215,10,14
790,0 days 00:00:32.244630,402.51333279526085,45,0.27098599021831793,10,28
791,0 days 00:00:29.903527,0.11778696594442137,41,0.37605194529434216,10,16
792,0 days 00:00:23.851152,0.10055802999862218,49,0.5297406764963696,10,12
793,0 days 00:00:16.499743,2296.9863868077773,18,0.36800814000199733,10,10
794,0 days 00:00:22.575933,11.744607107724061,41,0.4633475414080298,10,19
795,0 days 00:00:40.136361,0.023937168587112437,12,0.6572331724210756,10,21
796,0 days 00:01:05.404918,3237.2561805633636,48,0.534499159580621,10,34
797,0 days 00:00:22.150427,0.017391031017501446,34,0.5344947777077413,10,21
798,0 days 00:00:18.412431,0.008374838608851607,18,0.835022063345125,10,14
799,0 days 00:00:45.727135,68.12759898714862,36,0.18250550969810364,10,24
800,0 days 00:00:32.189443,0.19610359741074504,15,0.3531915008247547,10,26
801,0 days 00:00:48.665405,780.8373688525861,37,0.8224702553896208,10,26
802,0 days 00:00:27.108038,1233.4449664619879,26,0.471464391779046,10,15
803,0 days 00:00:42.602183,0.00015120270912764812,33,0.5592223879400672,10,41
804,0 days 00:00:22.123871,3.759094316880878,47,0.48328797307448346,10,19
805,0 days 00:00:22.508618,9937.066857218373,17,0.487534751146263,10,11
806,0 days 00:00:15.274510,5.993475669793359,20,0.5019090974794838,10,10
807,0 days 00:00:16.156269,7.683303907294244,35,0.2986605757663977,10,11
808,0 days 00:00:13.704304,0.008312289267946204,24,0.8888511112201428,10,11
809,0 days 00:00:36.544356,0.033790528404325566,48,0.7595913183754325,10,30
810,0 days 00:00:21.002864,6236.544277533776,36,0.4979560318465349,10,17
811,0 days 00:01:17.770665,8.184950660998753,24,0.7015965045333463,10,41
812,0 days 00:01:09.903780,0.02659026979139772,22,0.14084823842432811,10,37
813,0 days 00:00:15.330391,0.0003022774582198511,38,0.6145726523445384,10,13
814,0 days 00:00:22.685748,259.1916442783176,22,0.11648452739091396,10,11
815,0 days 00:00:41.282224,117.6704076244916,11,0.13886442985839376,10,33
816,0 days 00:00:20.036045,0.23672017071204363,40,0.32165525312839705,10,12
817,0 days 00:01:01.809130,6395.6169243976265,16,0.11393791227664965,10,32
818,0 days 00:00:53.528269,0.1303079649585972,32,0.5535567504459203,10,48
819,0 days 00:00:14.406831,0.010380351320357997,11,0.18602886035127109,10,10
820,0 days 00:00:30.389723,0.004751917829643141,48,0.648967707409499,10,29
821,0 days 00:00:24.343885,1690.788951105593,44,0.7977520430678258,10,12
822,0 days 00:00:24.721843,0.0634356788827712,15,0.6518453761071142,10,16
823,0 days 00:00:34.104671,0.285268993739395,37,0.8456596210894117,10,31
824,0 days 00:01:11.926517,66.90846946460033,35,0.831634288245704,10,39
825,0 days 00:00:30.824219,54.72692764434852,12,0.24276093908715915,10,24
826,0 days 00:00:21.050541,0.002965759109610921,23,0.36482386271872114,10,19
827,0 days 00:00:47.809524,0.007879872805648787,36,0.8692301816110027,10,48
828,0 days 00:00:32.842866,0.040842723315034836,43,0.6056552024978424,10,20
829,0 days 00:00:35.581051,2320.5393575703893,15,0.33848967200391167,10,25
830,0 days 00:00:44.603908,0.09998514101039052,28,0.3055313034986125,10,24
831,0 days 00:00:58.915376,5.013229833885311,34,0.7425988896584886,10,37
832,0 days 00:00:48.881216,1.1042184604424097,23,0.5238749127054859,10,48
833,0 days 00:00:29.287358,0.052534329193360256,11,0.6136088772734157,10,21
834,0 days 00:00:25.382971,0.47939630991537524,30,0.5227796271903208,10,20
835,0 days 00:00:22.798184,0.006025142835700908,23,0.12495602318041721,10,20
836,0 days 00:00:18.926517,769.7404294314862,21,0.6148146767837405,10,11
837,0 days 00:00:14.567939,0.001005162455518883,15,0.5758103466896832,10,12
838,0 days 00:00:17.016119,363.74814867573247,19,0.3947906485189052,10,13
839,0 days 00:00:26.990895,0.00876932375317863,32,0.20691011117948285,10,25
840,0 days 00:01:03.185419,9902.671795693823,49,0.41004691479942723,10,32
841,0 days 00:00:37.919424,1.3467909055274152,27,0.4181844222436708,10,20
842,0 days 00:00:16.669484,0.4020538255176479,13,0.5789656868659301,10,13
843,0 days 00:01:10.542383,2158.795249601952,27,0.16342094949688493,10,41
844,0 days 00:00:32.332973,7803.668751168329,31,0.4656450676521985,10,30
845,0 days 00:00:14.346080,0.017322434267563507,44,0.3695578249031818,10,11
846,0 days 00:00:14.894448,0.00024263326569457799,35,0.4804149665271179,10,11
847,0 days 00:00:14.407278,0.00033898428045858406,31,0.6554494467910591,10,11
848,0 days 00:00:36.878054,0.2818972008317922,19,0.3493442853684237,10,33
849,0 days 00:00:52.284672,6871.560929680391,36,0.29433763699159055,10,37
850,0 days 00:00:32.675570,0.07984693120481891,13,0.42155100387710964,10,19
851,0 days 00:00:17.429267,0.2278295158609207,36,0.6599405557941359,10,12
852,0 days 00:00:20.922866,0.0528801526945835,46,0.1617817124728121,10,10
853,0 days 00:00:44.385792,1.489959940556521,15,0.5461619608555871,10,29
854,0 days 00:00:25.484507,0.00021302843120323212,17,0.4728648680965637,10,22
855,0 days 00:00:30.041457,158.7002198586831,24,0.7238630829740654,10,15
856,0 days 00:00:45.509856,116.02860927648275,38,0.34138389413375536,10,23
857,0 days 00:00:18.367567,0.003521837528472557,44,0.4212681766984515,10,14
858,0 days 00:00:40.347507,1.7838671363309102,39,0.6732954599368277,10,20
859,0 days 00:00:32.544837,752.8589446475488,26,0.17405508404527686,10,26
860,0 days 00:01:12.580402,1.6450953655701093,22,0.11116766190854817,10,40
861,0 days 00:00:47.722149,0.0756650969520141,30,0.27749518729818523,10,25
862,0 days 00:00:18.283816,0.0013704074028515183,14,0.8058349068570466,10,16
863,0 days 00:00:23.431910,220.59792408035295,21,0.7537763901972093,10,11
864,0 days 00:00:15.926137,276.23961834764924,33,0.4038096695375848,10,11
865,0 days 00:00:28.314391,1040.4114270335783,18,0.5390387070021253,10,14
866,0 days 00:00:22.027443,18.091051041209983,14,0.8722571223482392,10,10
867,0 days 00:00:37.949656,25.586882522249223,21,0.7727320424308775,10,20
868,0 days 00:00:28.059119,0.02740999138722026,26,0.3343281502160338,10,14
869,0 days 00:00:31.063587,0.0022140990073728144,38,0.8767331331846367,10,30
870,0 days 00:00:55.607978,0.11669004346191494,23,0.6316837598204896,10,30
871,0 days 00:00:15.695488,0.00030681402770082843,25,0.5376211111121758,10,13
872,0 days 00:01:18.082163,153.2367696226586,28,0.6184735097377965,10,43
873,0 days 00:00:58.868419,0.6085314049462308,15,0.6404270908410039,10,32
874,0 days 00:00:52.467451,0.04007825842590051,36,0.858023772252057,10,49
875,0 days 00:00:20.679555,7122.643266130218,45,0.1965677506419657,10,13
876,0 days 00:00:46.503852,0.0004780994141625182,42,0.22235593196201836,10,49
877,0 days 00:00:37.356342,0.5434433035234638,35,0.42328690929730095,10,31
878,0 days 00:00:26.280849,1.2301133688823667,29,0.633115541007197,10,12
879,0 days 00:00:44.461653,2.7223396766181995,39,0.2295856020853596,10,23
880,0 days 00:00:25.727481,0.20727105195101353,36,0.1447954588486108,10,12
881,0 days 00:00:31.478468,0.17128059529462664,30,0.5361544711486439,10,25
882,0 days 00:00:35.308634,0.4067521789600153,19,0.19892783188621488,10,26
883,0 days 00:00:24.578137,1.7582570176080083,17,0.48833068706993454,10,20
884,0 days 00:00:28.925519,0.047481448037789795,10,0.35171489293091207,10,15
885,0 days 00:00:27.542573,2.217662593798469,44,0.24788385479342365,10,22
886,0 days 00:00:31.734544,0.0007946268603001471,41,0.8519374976509766,10,31
887,0 days 00:00:20.753642,0.0010719600520086253,26,0.3464820580569475,10,18
888,0 days 00:00:38.773010,77.53421350058387,27,0.5918446500794671,10,22
889,0 days 00:00:34.383570,0.05523233338098773,12,0.32495720997284894,10,17
890,0 days 00:00:19.466896,0.00024424054386593444,31,0.4225898612737571,10,17
891,0 days 00:00:44.526514,10.327992737945243,25,0.7028113317485869,10,25
892,0 days 00:00:49.416269,3747.4873396551143,11,0.3022833477583463,10,44
893,0 days 00:00:36.291869,0.010315499647975778,47,0.3485965363808764,10,36
894,0 days 00:00:46.325314,0.07230252656357153,32,0.12232251687500506,10,24
895,0 days 00:00:22.792753,0.038773444243445324,16,0.4774376132570409,10,11
896,0 days 00:00:19.567241,0.07637477252375836,37,0.24142806326025268,10,10
897,0 days 00:00:21.948323,9449.23845297018,45,0.5482257219190604,10,12
898,0 days 00:00:14.544355,0.001249813422182126,11,0.45371429353821957,10,13
899,0 days 00:00:45.287626,0.001107564677657118,42,0.3401930794367152,10,45
900,0 days 00:00:22.722119,0.038911069878616124,42,0.43121218873738154,10,11
901,0 days 00:00:50.626429,492.99527710762476,33,0.8694868172641292,10,26
902,0 days 00:00:20.080177,0.0014601306161818937,15,0.2012280047934909,10,17
903,0 days 00:00:24.025833,200.03302909735552,48,0.5159706545307883,10,19
904,0 days 00:00:54.906350,0.4120571368225027,22,0.39105722263413856,10,35
905,0 days 00:00:20.393502,0.00015769665261694877,22,0.354083902151919,10,17
906,0 days 00:00:37.442872,0.0005592890548374568,37,0.1913394081220414,10,36
907,0 days 00:00:55.095545,39.90277240728835,26,0.17286653633122473,10,48
908,0 days 00:00:23.727514,0.8165924176673833,12,0.5425302717522903,10,18
909,0 days 00:00:15.923359,0.000805987681209278,23,0.1877253462981824,10,13
910,0 days 00:00:36.271846,234.37228116428335,31,0.25452782516386013,10,32
911,0 days 00:00:23.879483,791.9597761591068,16,0.3747749513348688,10,11
912,0 days 00:00:34.917158,53.89509804996687,16,0.3322561904288792,10,19
913,0 days 00:00:17.664119,529.7265273569545,43,0.3047606396809297,10,11
914,0 days 00:00:38.066654,0.005132721532779064,18,0.7219908027913208,10,38
915,0 days 00:00:30.565949,13.770283143684082,46,0.37180135341980414,10,17
916,0 days 00:00:18.623858,0.3633215943065543,47,0.3926925630911664,10,13
917,0 days 00:01:12.064512,17.53952671210303,48,0.3227041212315885,10,45
918,0 days 00:00:35.610429,207.74415248054825,39,0.806203043789837,10,18
919,0 days 00:00:22.821426,0.02187519806433503,18,0.4624127186871617,10,11
920,0 days 00:00:22.173009,7.7185961084062225,12,0.763847301669338,10,10
921,0 days 00:00:35.879149,0.05612137555281195,13,0.11117845753123534,10,18
922,0 days 00:00:24.585229,100.64014148494253,20,0.3160510713827327,10,19
923,0 days 00:00:20.760677,72.11677921201576,48,0.8808888166127133,10,10
924,0 days 00:00:18.376606,0.00031660054744599386,30,0.6509451513842291,10,15
925,0 days 00:00:23.976916,1.2302106921070548,46,0.5023305322895595,10,20
926,0 days 00:00:36.653780,386.22182633744404,10,0.7906906976232914,10,20
927,0 days 00:00:31.371691,0.00011987815220294867,34,0.16563072886089464,10,30
928,0 days 00:00:33.616021,0.010782991814392783,16,0.7976425720949062,10,33
929,0 days 00:00:41.256162,3950.188047986527,27,0.12685697608203325,10,35
930,0 days 00:00:15.865627,1.1110175431570222,19,0.428531215967897,10,11
931,0 days 00:00:46.849075,0.06359251114338706,37,0.5424565560937497,10,24
932,0 days 00:00:18.117047,5874.467095137785,32,0.4732117425467067,10,12
933,0 days 00:00:46.882067,0.3826508199711102,21,0.44852716578082863,10,43
934,0 days 00:01:29.403202,3110.0230706800057,16,0.8352012711474057,10,49
935,0 days 00:01:02.332560,5.105686818800194,15,0.5428304693127316,10,34
936,0 days 00:00:33.628299,0.7394269639210616,44,0.28338122780250014,10,28
937,0 days 00:00:15.584929,0.0011529610699066663,33,0.20806692030128984,10,14
938,0 days 00:00:44.876262,28.52517477430193,41,0.625465378538368,10,23
939,0 days 00:00:31.851638,81.02293184960058,29,0.6391160643147316,10,16
940,0 days 00:00:21.334156,3573.0294392729975,26,0.1770114745094321,10,11
941,0 days 00:00:18.244245,8.351444548766,18,0.3102164395861414,10,10
942,0 days 00:00:30.393647,0.4643928485920991,40,0.47513943185015184,10,27
943,0 days 00:00:28.501036,0.47054181317182475,42,0.5681752096508708,10,24
944,0 days 00:00:30.194844,0.001464672164236403,24,0.6342941413340656,10,29
945,0 days 00:00:54.872955,1.9061078253694912,18,0.3627668333064201,10,29
946,0 days 00:00:48.568299,0.02323007384745701,48,0.5848760183574638,10,38
947,0 days 00:00:39.414483,548.5807237836275,42,0.8332897456850926,10,20
948,0 days 00:00:38.292772,63.895029847792436,38,0.6603835621958298,10,19
949,0 days 00:00:23.628085,2.968077562135323,30,0.4436860138622888,10,19
950,0 days 00:00:24.222018,2.1148983272153643,17,0.34114837362366873,10,17
951,0 days 00:00:33.976227,0.0008992660768249639,14,0.4578266118235498,10,30
952,0 days 00:00:42.566231,0.01078245698006887,16,0.532482601429829,10,42
953,0 days 00:00:19.228684,22.5327054889444,27,0.6891441669796083,10,11
954,0 days 00:00:25.694384,15.751943869690995,22,0.6746060621749287,10,13
955,0 days 00:00:46.646796,145.74102847109052,40,0.6402914829284946,10,27
956,0 days 00:00:32.051486,0.523172461406028,29,0.2933324783006344,10,27
957,0 days 00:00:44.285861,0.003152601406723842,19,0.6272695508655154,10,44
958,0 days 00:01:30.008842,3154.9194702387317,11,0.8634101661227207,10,48
959,0 days 00:01:18.046713,18.17142238625002,14,0.6510462734630742,10,42
960,0 days 00:00:26.079654,0.041341377983936,39,0.22703052797405274,10,13
961,0 days 00:01:14.558955,0.10675239505384028,21,0.1848982018260551,10,43
962,0 days 00:00:42.836689,491.38936387330773,29,0.15512560513744536,10,34
963,0 days 00:01:13.188808,0.9129517644485138,29,0.7753287858722774,10,49
964,0 days 00:00:15.207397,0.0011046390044860774,36,0.364322169181446,10,12
965,0 days 00:00:26.877786,11.953764709502716,22,0.1201539494453014,10,18
966,0 days 00:00:20.110253,0.009093770808292611,18,0.4203041952417108,10,18
967,0 days 00:00:38.502995,99.41135076646857,38,0.6843091055660616,10,21
968,0 days 00:00:29.224359,4451.246466524406,11,0.1865462795694291,10,25
969,0 days 00:00:29.562245,0.04472798297521512,15,0.7898127813296173,10,23
970,0 days 00:00:47.488953,187.31216620860795,19,0.7915243773988956,10,25
971,0 days 00:00:31.386696,63.79070005016977,27,0.5374169026311396,10,16
972,0 days 00:01:13.032447,11.162725475581468,36,0.8736077277305544,10,40
973,0 days 00:01:29.559045,31.69579397722206,30,0.8684694032994742,10,49
974,0 days 00:00:36.588886,748.0424329789328,43,0.4225064182464028,10,25
975,0 days 00:00:55.818026,3145.526287196994,19,0.4875428622851138,10,45
976,0 days 00:00:33.320442,16.493817401646535,42,0.7937485735498563,10,16
977,0 days 00:00:41.351268,2318.243468056569,36,0.24922436601629905,10,37
978,0 days 00:00:21.104079,1945.0791417042838,29,0.2268721906929052,10,12
979,0 days 00:00:18.375370,3.241987566675875,34,0.6963109940358052,10,11
980,0 days 00:00:36.014017,0.019207194440171105,47,0.6258476467401152,10,26
981,0 days 00:00:28.500517,0.016469792007434605,26,0.3740841366690134,10,27
982,0 days 00:00:40.195918,0.0026577122702058447,37,0.8917444308820578,10,38
983,0 days 00:00:24.624482,12.161841407015762,29,0.5963564759671479,10,17
984,0 days 00:00:41.246699,0.0009542658968333716,25,0.3692365489461199,10,40
985,0 days 00:00:38.792407,68.97071481601337,12,0.4410644747064846,10,36
986,0 days 00:01:09.958008,102.14871634046182,27,0.8003610388782384,10,45
987,0 days 00:00:42.340762,0.00011396864949131962,41,0.7147330470208002,10,45
988,0 days 00:00:13.640663,0.0038691847607980885,14,0.3707328288165864,10,10
989,0 days 00:00:33.087868,0.0001127637737233909,40,0.7395536420951436,10,32
990,0 days 00:00:20.805016,0.6226187241201127,15,0.3423055535598455,10,15
991,0 days 00:00:51.824442,23.928979349987486,45,0.5014002745805234,10,32
992,0 days 00:00:17.992648,0.0014653693821113302,26,0.40189430935456094,10,15
993,0 days 00:00:21.723533,0.2484765286633734,17,0.4922614045144761,10,16
994,0 days 00:00:18.854325,0.005375608815527496,44,0.10700158576995022,10,16
995,0 days 00:00:54.929311,1112.971238880253,15,0.8693068346994868,10,43
996,0 days 00:00:14.997477,3.5951604437262414,13,0.39692365542407415,10,10
997,0 days 00:00:19.887313,0.03706899711469052,38,0.19656347864735696,10,12
998,0 days 00:00:19.053088,0.00866429486237189,15,0.42442598373494966,10,19
999,0 days 00:00:20.981446,0.00023049381784880305,31,0.32168339748877095,10,23
