number,duration,params_fair_weight,params_learning_rate,params_min_child_weight,params_multiplier_learning_rate,params_n_estimators,params_num_leaves,params_reg_lambda
0,0 days 00:02:07.885945,0.7616091435993945,0.021621239471164913,8.014029170579656,0.45211249780518065,334,32,0.31517515905681714
1,0 days 00:02:43.779016,0.8609639234104566,0.1300146768624247,114.45752117815181,0.0024327885223807493,428,42,4.085783149317944
2,0 days 00:00:43.795198,0.4201395026240978,0.11342909820696648,0.0030001673972103638,0.03437014349169076,100,61,0.11446312599605464
3,0 days 00:00:13.501294,0.4916717791457991,0.048215953238776234,0.004006053760512959,0.3039743225164141,22,55,0.0015560130184881298
4,0 days 00:02:17.678305,0.834768096686128,0.11470985311268067,0.1307593671340395,0.009826475022846006,372,58,1.0515955794895846
5,0 days 00:02:04.304761,0.4702491827953557,0.41015822539746527,0.8101985600612809,0.02174846295583156,421,10,1.5331544415785288
6,0 days 00:00:51.276705,0.6503549285932346,0.02510883244636257,1.5056117669223166,0.00584014754385,120,36,0.013146765671993365
7,0 days 00:00:16.688121,0.25948158611370453,0.01462310647957174,800.5873548992903,0.001270332699688683,35,27,135.01138984747078
8,0 days 00:01:00.430537,0.27044102360299394,0.13910863289807235,0.06223286543785627,0.1493265254856377,194,11,0.655200504577157
9,0 days 00:00:11.308774,0.9397306982496937,0.04658056583769374,0.001013733128759554,0.017111356882040143,29,3,5.03517847980949
10,0 days 00:00:54.853038,0.8289651503095191,0.015915480364393098,230.05983680518284,0.08984248686277732,130,56,12.775165028634692
11,0 days 00:00:21.523264,0.28810728711951566,0.036265651863780946,0.02499621427524048,0.09129857119480438,46,62,0.5532724012006897
12,0 days 00:01:07.157711,0.7067801889166214,0.22072335184367617,0.01701983089679265,0.13111716945017493,202,37,0.0010839695327949414
13,0 days 00:01:39.589340,0.7951495379820605,0.11710774213950174,295.26258576981405,0.013409482692131408,304,28,0.07713574329861395
14,0 days 00:00:47.113458,0.6206971644313966,0.012042973898351227,48.19671695023702,0.0031950084905005287,122,25,0.5681192062497155
15,0 days 00:00:12.064880,0.1313082236852754,0.37949310072582626,38.90602826032216,0.06624763559503302,25,48,74.70189257451439
16,0 days 00:00:19.763958,0.1629206704093093,0.036835829718691246,1.2097069517388008,0.007701845383424949,41,45,0.008968169234014558
17,0 days 00:01:30.996458,0.755256156252199,0.05338706573232742,738.2749736964691,0.0017291591639285887,217,55,0.5352310657165161
18,0 days 00:00:50.780771,0.3521710095510382,0.25742898545489906,474.2267547404286,0.021609783385003817,165,16,0.0012434105137948213
19,0 days 00:00:27.899226,0.9106344474562225,0.2967364239375344,491.1444351806744,0.00963384702177856,58,60,0.0326036146704732
20,0 days 00:00:29.487595,0.9909112112997418,0.17626921610768043,598.7779566695542,0.0064092692712280075,63,57,0.00314324115545564
21,0 days 00:01:58.400280,0.6404121224325702,0.023644051346315628,1.2992534937397964,0.2957283059573764,467,2,0.001607638362295782
22,0 days 00:00:50.990444,0.8363477811508332,0.15009208037229857,0.0023351919805941605,0.07676481775738277,146,27,0.2639651123807204
23,0 days 00:00:23.531178,0.5849072582882143,0.18501183072604502,0.13047427494102526,0.2946436511893423,62,25,0.10541150879841647
24,0 days 00:00:46.053102,0.5302599162894268,0.023793293822700838,1.477219865496095,0.0027104407901214437,119,17,0.7288940094858959
25,0 days 00:00:45.140035,0.8901259911734488,0.05769700431393905,0.8667764652391643,0.08572437567810763,133,11,0.051749714654317415
26,0 days 00:00:37.041553,0.7208514119919779,0.24771972039444515,1.7259442945352457,0.011271036565403614,110,40,0.6634482005611868
27,0 days 00:00:18.275517,0.20330401659275504,0.17221933293022473,0.04150053653300559,0.011412693881050645,49,18,0.005190608674651433
28,0 days 00:00:13.668245,0.4283010258142148,0.21113218805669642,24.875837919687697,0.0016353748586340525,29,42,490.36686332348137
29,0 days 00:00:37.793537,0.06676825547614774,0.04052413447905967,2.761680997345655,0.002847682889811332,86,24,180.22118815326883
30,0 days 00:00:40.350370,0.9734900436404024,0.027652256747855625,195.02517498538305,0.008870006001830575,89,49,31.913215657247637
31,0 days 00:00:33.093077,0.6094675113523987,0.23389125021050017,0.08439261043589258,0.0012852940941661339,84,47,0.0013986855966098687
32,0 days 00:02:46.252492,0.918210908093402,0.04158439438678558,0.015380913922492356,0.22842124428944036,466,48,23.67007881714162
33,0 days 00:01:06.167291,0.48675104323684587,0.09642476676013081,1.344951246689492,0.06675419278984485,189,39,0.673828501018262
34,0 days 00:00:22.311578,0.12445969754985924,0.11062799406828458,85.7225709962862,0.04539972447564141,45,39,312.36165265145644
35,0 days 00:00:12.273608,0.14462816414495963,0.025093699982035162,119.85887619060921,0.09148686200954712,23,41,0.07916874477405028
36,0 days 00:02:45.558609,0.3256654609549778,0.01992224925897049,0.1677011562881571,0.007311178922543198,400,57,0.015860796188828477
37,0 days 00:02:30.544672,0.9132229062984485,0.019769946758225083,3.4950085236109816,0.12086432036764103,371,52,124.95620470067104
38,0 days 00:00:19.360832,0.05066603584569518,0.04308235016343816,4.143879930551622,0.07817154131709286,49,19,484.1378210848985
39,0 days 00:00:17.894319,0.23486882924450153,0.49714500789978766,67.90705348711113,0.029207383509147516,41,40,0.014318028149757548
40,0 days 00:00:15.721355,0.13404922497085917,0.19430232837108163,285.45740096025935,0.05687295157979383,45,10,16.792293749376498
41,0 days 00:00:21.223757,0.4308517993504594,0.06406248080407347,0.4523722190794247,0.009063866946884326,64,9,0.0018563144813233616
42,0 days 00:00:57.624072,0.9855962087225769,0.35474980762433844,0.0018044515398156005,0.098550074842916,183,20,0.010151264864045124
43,0 days 00:01:35.401350,0.675487344421388,0.029631480341825445,917.7612821731877,0.017821476738040562,314,7,1.5160904151709624
44,0 days 00:01:11.663088,0.5283699799604531,0.02954563554637983,0.49531568539449367,0.49866304064988715,167,28,0.051159322361375735
45,0 days 00:00:40.550427,0.6591620896535416,0.02259233249192229,0.004491022899480352,0.03167907361455926,93,51,84.42059447976435
46,0 days 00:00:17.072578,0.8503066314041141,0.01721579763835998,0.3445808991080694,0.002124935645258856,35,51,132.93773680023878
47,0 days 00:00:11.882884,0.6837948732567702,0.05643946963057361,0.0023869544103638897,0.00252071638120085,30,17,205.84913546737752
48,0 days 00:01:09.313131,0.6259750688498139,0.28358269748560205,2.9741308636867814,0.28221131452016285,193,62,53.08402163471255
49,0 days 00:03:12.025339,0.8406218150646986,0.018826593372247596,0.012176929628741411,0.01122224913568366,447,39,1.137925150645594
50,0 days 00:00:12.587019,0.6031198382952737,0.030310127238059367,0.052737472668729905,0.031560427806104574,32,16,0.21784355843960976
51,0 days 00:00:10.906213,0.2977152801916961,0.02987921480100126,20.615215902024875,0.0063051284403860056,27,10,0.0015132035034559528
52,0 days 00:01:09.089004,0.481363078094728,0.4948843925567074,0.005819099991541589,0.0027007739557588866,234,19,44.191032016979754
53,0 days 00:00:14.887559,0.5207065982217205,0.025115762090859063,15.721493374313908,0.24798000953684693,29,43,0.13638067628531278
54,0 days 00:02:02.456093,0.8824322477474471,0.020357488730458288,0.01135023995550746,0.005181998252801524,416,7,0.821720241556294
55,0 days 00:00:19.389787,0.4286229906698794,0.4547696876878377,23.561710048466928,0.2621841128924863,53,34,0.04072773710482962
56,0 days 00:00:09.740939,0.43932203116192076,0.010309770361952119,0.05883015702002319,0.32628460280590266,21,30,66.34251450249029
57,0 days 00:00:10.012251,0.8842630251647112,0.027489052194230375,0.06372757572651849,0.030492787303251678,20,47,23.40323502858842
58,0 days 00:01:15.689499,0.24995251841300478,0.05422873813867694,0.03932384056322723,0.009598844845682838,232,11,50.20770703314392
59,0 days 00:00:10.109585,0.9250996612972461,0.4793364601904978,0.5506109195325664,0.3209413635276044,27,12,9.079091754525205
60,0 days 00:00:14.061025,0.860112328508597,0.2751543648638872,0.3633550960774167,0.007175860666467407,35,22,3.6998752351849724
61,0 days 00:01:11.405077,0.061851137976980275,0.01660699215518805,0.03653277255181543,0.08043777792369704,227,9,0.00447439486159364
62,0 days 00:00:50.727036,0.17257537561820188,0.08489061167209914,29.18210186492172,0.0036156552126782927,103,51,0.04448983654837881
63,0 days 00:01:57.207801,0.8931844024268419,0.05571831125757982,0.5061545618373644,0.0018062176224062094,304,34,303.6655656976636
64,0 days 00:02:02.677616,0.6064717776519728,0.02701862014562451,460.64848643272575,0.022798381938336193,314,39,97.73520137481137
65,0 days 00:00:55.387584,0.6545946129574844,0.15196550702564326,18.535887269715747,0.0033699787550077486,149,44,75.99912460218079
66,0 days 00:02:04.023056,0.38576012073698784,0.012403506245113612,0.14908726414406395,0.1446825580846883,379,17,0.001478535709926336
67,0 days 00:00:46.801137,0.5906603246238462,0.021044579151536708,498.56433081860104,0.05003832569334359,110,45,0.0013459136510586486
68,0 days 00:00:19.577428,0.758588878703151,0.10187433549204056,449.8316740646448,0.010939297342095462,41,60,1.3318221700582913
69,0 days 00:01:06.808169,0.005528388455315453,0.105086448055714,0.0553940192853183,0.009498513175331612,171,55,20.70519464940107
70,0 days 00:00:36.413413,0.015517800238847863,0.12873019218519793,0.014589471270984674,0.0010616016536718156,93,29,182.07795315293112
71,0 days 00:00:57.543999,0.6651144894589027,0.016798959683055333,20.226859636594643,0.0580015161851539,188,7,0.45934081293958084
72,0 days 00:00:18.102605,0.36267756818004654,0.05616552448432064,951.2066622736556,0.0021694751690896357,40,21,0.00943575023063122
73,0 days 00:00:33.523335,0.45083889417970274,0.09151459266066343,50.8114503646805,0.018552962677300496,77,45,313.0426589926338
74,0 days 00:00:11.687336,0.47581288558312584,0.19130396921566395,0.02275828256448336,0.0022614367582124797,23,48,265.6533725599601
75,0 days 00:01:06.362668,0.6499418094004733,0.017177941404517102,0.8416495544015463,0.006103288260804844,166,39,0.017092691975800933
76,0 days 00:00:09.545097,0.7101607433717614,0.03728002357733093,92.88478274010964,0.0012318170680819748,20,28,0.005946882734122247
77,0 days 00:00:57.155697,0.8156646422842555,0.027625761309607266,24.745190706586165,0.0052350998294944835,129,62,11.919766890816726
78,0 days 00:00:12.606046,0.14484616484851356,0.187588378157866,297.36883413796164,0.08134147568458165,21,61,0.004027838931294304
79,0 days 00:00:13.710390,0.15230674255744628,0.036810253790329386,0.1683836585756416,0.148061406459746,35,18,0.004734257245545902
80,0 days 00:00:10.952009,0.7004614232303485,0.03247176461903695,420.89623858333204,0.02159216226954282,21,44,199.61744273629344
81,0 days 00:01:18.181874,0.10572161600423093,0.03872288526835623,0.986810425406667,0.0025316555054059223,183,52,0.3232248812508566
82,0 days 00:01:39.213094,0.795863380081039,0.06766374138290114,2.693533824023159,0.008875687756960468,286,26,11.737998875994702
83,0 days 00:00:55.561551,0.8873007539387043,0.45757198523292275,0.04132622802993901,0.12043381466399386,193,6,64.93262974937323
84,0 days 00:01:17.998019,0.013527894775323849,0.0459274813904044,3.5509294189783662,0.050639955638822724,236,13,0.001806544179685857
85,0 days 00:01:04.986459,0.3196242798016428,0.04450291927255903,0.8681622361957914,0.0019134046038927605,164,41,38.10624298958925
86,0 days 00:00:50.378776,0.5396962816464463,0.21087376307435204,1.2607942661080909,0.043285915502087366,147,42,2.961310941236008
87,0 days 00:00:18.966680,0.5855857539401396,0.041122287732341396,1.8600803979845855,0.0013656018691604395,47,24,872.1930325424993
88,0 days 00:00:34.166432,0.3909797158642165,0.17002772387826987,0.03325171943037097,0.0067882015480062435,89,44,0.088576514617444
89,0 days 00:01:00.970670,0.7025146744728842,0.011740412272654805,2.9758787975331296,0.0056262447544872165,136,55,3.0163448150494436
90,0 days 00:01:57.002552,0.4779346760084724,0.013748637631235515,0.2745365676442886,0.40198543644895113,274,35,28.810931512309278
91,0 days 00:00:08.793367,0.4986033852069236,0.38896852221894007,2.1276131350041925,0.0270873249509563,23,6,0.206471748829685
92,0 days 00:00:35.532430,0.242857101559377,0.039967997500853954,613.457022385515,0.0030019102148293717,103,18,131.10208576336163
93,0 days 00:00:21.672665,0.43382370081410415,0.21771392365349498,11.39562054039299,0.0019800094019285387,55,42,4.723359198367876
94,0 days 00:00:45.123752,0.14596835024450766,0.03415339342385077,0.19341902240161912,0.09284539345141439,106,39,0.04332837981340074
95,0 days 00:01:50.371399,0.009209324121131852,0.2939809652055918,44.45543499017114,0.020123518746805374,326,37,0.04291552579721341
96,0 days 00:00:25.258109,0.2862702755583977,0.19475357159125867,10.907932284472556,0.023715165153328218,70,25,0.033630803639844706
97,0 days 00:00:23.982028,0.8714483670584442,0.1431502477414527,0.0010907907112079538,0.0016252293561041927,51,55,0.004383485063621004
98,0 days 00:00:44.194116,0.7308891050795752,0.4086905698082641,6.80686336692094,0.027901891296751212,153,7,23.624100979313003
99,0 days 00:00:22.414997,0.15221816440324382,0.05284953089842323,0.12228113309638618,0.010561630133233245,61,14,0.08798660051976666
100,0 days 00:00:59.907026,0.1885600980719927,0.0455465462491834,143.40096985365568,0.04377724003765723,145,41,0.0010644881736341261
101,0 days 00:01:45.717376,0.3272596528366998,0.02455310034649241,0.4334495962612677,0.004029633961910075,261,48,0.0029654898128393717
102,0 days 00:01:01.122470,0.18771202402199577,0.2747614194223747,0.006514131922466688,0.0017613813290985219,184,37,0.004624700965369981
103,0 days 00:00:30.336095,0.10322201369431462,0.017752137664895556,0.0021747223889054625,0.0010452672184204973,67,63,129.90004133230593
104,0 days 00:00:15.811808,0.5603519332528561,0.4788392809279891,64.17416366241213,0.01572900258086396,40,24,148.38524953988116
105,0 days 00:00:15.103529,0.4078455437320611,0.012882605103466158,0.5797876422274922,0.0012043688850326719,30,55,16.181772632738188
106,0 days 00:00:21.043553,0.12809133821770932,0.0665605458771817,1.3167335764526245,0.24581279619531485,68,5,10.314777559847629
107,0 days 00:00:49.882211,0.8335341534846694,0.2400645876121968,68.5450938972011,0.06614158097133649,126,42,670.5337624619951
108,0 days 00:00:53.686564,0.6804899758063593,0.025796636371142274,171.63420957959008,0.003914833689674338,133,41,0.005018514337047063
109,0 days 00:01:35.913838,0.24870632683138325,0.013513396719721908,0.02595865697494729,0.06710312478074698,356,3,387.1157326412017
110,0 days 00:00:57.105110,0.8646818179512512,0.10732263468120422,0.006124930404745865,0.005924078792018636,157,35,47.63893188640623
111,0 days 00:00:37.522846,0.5916924593094106,0.07193801208562565,0.0032387814142966027,0.05287532978055568,91,44,29.689710721704696
112,0 days 00:01:42.374875,0.611859954645239,0.08165104762163755,4.4352957438026,0.13869911923161193,259,50,105.01706432226584
113,0 days 00:00:08.874123,0.8303402101884032,0.010430604762850374,0.07157582728315962,0.12913650277794037,23,5,10.439689670893133
114,0 days 00:02:18.895638,0.3894534104885182,0.02397876075759756,0.0770631948071433,0.0046347578282851755,413,22,0.33529134346956435
115,0 days 00:00:13.329362,0.16484721894199306,0.236701830820085,0.003941016952697674,0.0014182671261641642,31,27,176.27863561387468
116,0 days 00:01:23.738914,0.8046926550357603,0.10723176499716933,0.0020312713351032185,0.006581715307513657,262,38,0.5130625228206042
117,0 days 00:01:10.609380,0.5195375540140106,0.10621275052924808,23.72274959051426,0.004131266625803834,206,30,0.002955964812394122
118,0 days 00:02:14.680681,0.8428242192793172,0.03613141607594439,135.12837036242902,0.0018459495068469908,424,11,43.83040803094684
119,0 days 00:02:24.081262,0.44686229461725835,0.33550039515770863,10.65480774737602,0.010259602732928655,410,62,95.11602372587083
120,0 days 00:00:51.799813,0.7534806775948131,0.12990727117934145,0.607918722883223,0.006933646471233875,175,14,0.031626608757395584
121,0 days 00:02:39.888491,0.4618301014737015,0.309742945337707,0.024841393736638167,0.0015146400141831868,482,55,53.16552541020742
122,0 days 00:01:15.018405,0.0407594689241295,0.06488409651367463,0.009334259991419678,0.06108051000498126,225,20,766.2979522764288
123,0 days 00:00:57.314548,0.942361853411542,0.06314393953493053,0.0027307654484128225,0.0014001294364673236,145,45,7.780715954419234
124,0 days 00:01:49.653018,0.44042660306694587,0.31294145868765666,0.002070006929161765,0.002381837699434963,404,15,0.003796896340085231
125,0 days 00:02:01.168617,0.3208496802215551,0.06399350272578534,0.004578212006510921,0.00209947638347926,323,55,79.79012978205469
126,0 days 00:00:34.118462,0.9542592613592307,0.01842679062837912,210.3805527020191,0.18358578902223296,79,49,0.37064624716528405
127,0 days 00:01:55.671953,0.7226961949349944,0.38424228032464147,0.010092691736530995,0.017551194037620902,381,44,0.009468399947402444
128,0 days 00:00:36.874619,0.6460668144951219,0.01854744963608401,0.0011381081808925803,0.010599046431363036,80,37,0.004513034108879994
129,0 days 00:01:30.987954,0.9297959696855356,0.3586133384087442,12.115403145413177,0.008966550078584549,271,62,0.004370702957323386
130,0 days 00:00:47.410746,0.6344064631866754,0.20797155200047893,0.036903015944649994,0.001601019441870781,167,5,255.6953242468647
131,0 days 00:00:19.206887,0.6592637623914593,0.03518684287282145,43.69124126917047,0.00996448938377982,48,31,103.66837884295326
132,0 days 00:00:37.824481,0.6201379085624293,0.032944138172777304,776.1583748524722,0.045550795974478094,88,60,253.99815705541357
133,0 days 00:00:46.994899,0.4547421445074653,0.011821868369594908,334.72665782400236,0.021659040380563706,153,7,2.9348677747161696
134,0 days 00:00:56.162428,0.4792895901696275,0.4259204503206254,463.12265653742554,0.014259768103452083,172,19,8.327758377381304
135,0 days 00:02:02.874898,0.960807947399182,0.4375594770409105,0.08662546484805024,0.07224934104475991,372,63,0.0011328957421307784
136,0 days 00:00:10.176769,0.08044708423337053,0.21295773616474611,0.047402802623507566,0.0013205118330059092,20,51,446.1137494952538
137,0 days 00:00:11.002357,0.6033042210277703,0.013129700353917381,337.64838797827485,0.0018737554297485173,28,10,6.360528022598221
138,0 days 00:01:42.938813,0.035166869595514544,0.4808917770559792,41.496455732518996,0.0016373198200524213,295,37,376.7392567230017
139,0 days 00:00:13.759850,0.11920181360727179,0.023562092618835833,0.0014411851739760742,0.09554953407144208,27,44,38.80762887979369
140,0 days 00:00:17.420962,0.1635178628170757,0.07451125009147314,14.507990237059232,0.004443838719528111,44,19,0.0037477478518541437
141,0 days 00:02:18.316225,0.952321420947282,0.017751276061530825,4.0556673365784865,0.01038663764729166,372,32,0.09534932568997377
142,0 days 00:01:29.392832,0.7228605947555988,0.13248573414618403,1.2526004138674869,0.038907438320623204,335,2,335.7025765062936
143,0 days 00:00:24.868826,0.34711854753653515,0.1908822782330083,0.011465944293978517,0.04965988088931235,72,18,0.07907184731102848
144,0 days 00:00:16.213143,0.42824524227716904,0.14423908484065873,54.50486406347607,0.18184453965258132,34,52,0.01679777309272005
145,0 days 00:00:43.276198,0.3685543973602654,0.06572525529462848,0.08532069295229554,0.006874645451683891,100,61,1.6658653819687934
146,0 days 00:00:16.877822,0.4783261771171576,0.14580162487560067,7.190117151214308,0.003686939523564677,35,60,0.03555835631203725
147,0 days 00:02:05.383725,0.46110585097345397,0.1687525969106913,2.609913130218401,0.18291048320064848,414,22,0.034174082690634836
148,0 days 00:02:08.216431,0.17533846983638993,0.3718606121897103,0.019383278280902277,0.010187782611570086,452,7,0.13772271853814566
149,0 days 00:01:49.131073,0.030394833446381768,0.011016750444811787,324.9941617588082,0.08099450777724068,370,7,71.66858338976931
150,0 days 00:00:24.958030,0.5119493396144573,0.3047104506925379,0.9066295917238425,0.032905222470247956,54,55,464.835211938539
151,0 days 00:00:37.578941,0.9125914335090983,0.033840973548427494,0.0017535139659468244,0.0012643636677287524,102,26,1.9634395406876226
152,0 days 00:00:31.969398,0.7840843459472454,0.11371122186979932,0.0032187427336125276,0.006447060423130754,79,60,0.005054971425981044
153,0 days 00:00:55.243827,0.5144532227547086,0.012208955530098337,0.5999693010826292,0.00362160385341747,189,7,1.70960918825565
154,0 days 00:00:39.286324,0.8051283022356551,0.12902721687482943,0.0013466980031324777,0.007065304760071323,98,56,0.13467091153762886
155,0 days 00:00:10.616531,0.15524083592402765,0.18090408927159027,41.98190182775515,0.012862815503575424,29,4,0.04233082438302235
156,0 days 00:00:25.782726,0.84407585790974,0.060234649648595866,27.176397683579083,0.08877763216052101,70,19,0.0016176931046358427
157,0 days 00:00:09.649300,0.6957532214692072,0.1039019173088644,146.88893182291676,0.004736966170673557,26,6,319.83371831342356
158,0 days 00:02:16.198348,0.27558179089123036,0.24754533754023383,0.9814656538371147,0.10062592816957382,475,8,3.0104834191167344
159,0 days 00:00:40.092602,0.9801965933257287,0.49104300956805336,162.6232867576664,0.019196986599114202,126,16,0.17451884671841777
160,0 days 00:00:20.209272,0.6598526715818869,0.012077235335530337,0.01965896243388787,0.045473952896262784,50,24,2.3971457148318223
161,0 days 00:01:27.845244,0.0788474450965555,0.07220894788732783,0.038536725296262245,0.4538945384019577,296,5,923.0484247934518
162,0 days 00:00:12.765255,0.059678015300707654,0.27621105438323135,0.843691717577096,0.1933632593299826,28,35,1.7498911958048378
163,0 days 00:00:13.523869,0.9000984365262789,0.07204220598113481,5.738045881839026,0.0054526258745301,27,50,4.817392309342218
164,0 days 00:01:29.943414,0.16987327772115682,0.2861314834680297,0.0014770497403326164,0.001448101815906809,314,13,0.1198723131751905
165,0 days 00:00:23.832925,0.4277197191934609,0.05930108933784753,1.6890892584695467,0.003885507920616666,65,20,0.12520588890369846
166,0 days 00:00:52.148059,0.15035862611082218,0.4416187499878709,60.51975509853341,0.0010868873879906406,170,6,584.864485497146
167,0 days 00:00:31.814061,0.040435428737438564,0.17753623028168564,75.99231074001327,0.06766580618292221,80,33,374.958019295315
168,0 days 00:00:11.371141,0.6717416916588274,0.08571228020275495,0.018723032347172645,0.42025995252572607,26,21,48.06835310834308
169,0 days 00:00:19.712348,0.9048683588179814,0.17152150915183353,0.015367535558894148,0.23385253034586537,45,28,102.05883723491971
170,0 days 00:00:30.540361,0.48259653838409355,0.1949907651037082,152.5045133995201,0.012929714331759002,92,11,0.0014711628234787958
171,0 days 00:01:35.453818,0.6445895405020483,0.02600929845815602,235.7447850544274,0.15736151959612285,325,5,98.67110201568883
172,0 days 00:00:24.493728,0.0035114418667915414,0.02606170219325076,2.5352333822915973,0.002236710060408984,74,6,0.008428720374234379
173,0 days 00:00:21.804428,0.5818873829627429,0.013143060198042523,1.3830333674839406,0.003861199364155049,64,5,0.08347037301947101
174,0 days 00:00:32.474297,0.07046787324993012,0.34365646712752035,1.501235521087,0.004477326222360736,94,34,0.007792468877893148
175,0 days 00:00:57.491375,0.7152751815248447,0.05561385084115518,0.07091271751606441,0.02176873957143057,143,46,0.0017050110177412488
176,0 days 00:00:22.014804,0.9989379626762468,0.016940511149544233,0.5892769745921985,0.0018563558303860352,40,61,7.245228921235937
177,0 days 00:00:25.557166,0.4748838125839912,0.32631115465807525,0.006952796017571878,0.006037900168343805,68,45,3.9921186735916896
178,0 days 00:01:26.570687,0.8369542058839737,0.3937024865929296,0.4476474662464277,0.0766246563036531,312,4,3.715306237433041
179,0 days 00:00:52.956721,0.22069475237416733,0.2054289890687051,0.05990979945579389,0.09442284025804158,145,49,13.367011677835182
180,0 days 00:02:08.462148,0.5806597346578487,0.0631183169871317,0.10398513570592294,0.016108139754881286,421,14,2.34219700765831
181,0 days 00:00:44.735638,0.4583955919982271,0.39288523078722876,0.025417142973063054,0.18219646666545464,136,40,7.373545026377879
182,0 days 00:01:37.229724,0.6133075578000693,0.17377230389896584,0.332195474181771,0.08071725386821155,313,27,0.04993452861344937
183,0 days 00:02:12.112568,0.10331914867681338,0.011468458925202391,0.30755585376877115,0.0032777242939757887,365,24,0.01982832053699797
184,0 days 00:00:21.126992,0.22421454963017265,0.06477126538258864,0.0038907438418904743,0.14827413742187556,71,4,244.35769247775704
185,0 days 00:00:39.413333,0.1888561572606217,0.25467856614199225,0.006008033082356836,0.25688667372780327,99,55,72.83375877552305
186,0 days 00:00:16.631747,0.14632232963325548,0.17353081899268522,5.813961329459893,0.002276373098754202,40,15,0.004757386467920661
187,0 days 00:00:16.411046,0.8468283280023302,0.01116625439529313,133.34913152340633,0.05044694220012896,37,38,104.8005434397072
188,0 days 00:02:41.659321,0.7927569488933722,0.018644081778970176,0.005279398174852507,0.02907500268691322,390,55,1.847113935274175
189,0 days 00:01:01.670653,0.7392587133487429,0.026458724275323725,0.902712349866025,0.0024632915015962093,140,60,0.002242686889857771
190,0 days 00:02:17.197770,0.25676872029222453,0.09079298488023348,0.38944033472632844,0.10774115913965056,386,33,12.394263818273162
191,0 days 00:00:12.590949,0.3814999079615894,0.3936836723209887,0.12087921292877819,0.0022668930539015484,35,12,0.8497789122172441
192,0 days 00:01:40.739454,0.39504080518782736,0.11342447872575534,0.7322169430239408,0.11848872977756222,313,29,0.31069957235534584
193,0 days 00:01:15.814769,0.5199105850494585,0.08892946082219376,0.0182702239411478,0.279517038174331,269,6,354.07310433206123
194,0 days 00:01:03.337222,0.854055276481701,0.121061328211286,211.90396298555626,0.009253104740826181,223,4,273.1775543811124
195,0 days 00:00:15.201569,0.21579096933442757,0.057763194744499945,0.0038642332456166038,0.26773478447046817,45,6,110.84027082237112
196,0 days 00:00:46.008445,0.2659314774647354,0.45622556993356755,0.004033263888892615,0.12986975052443459,141,21,45.18676921854248
197,0 days 00:00:32.081988,0.7873556757880091,0.03048099550429229,0.011684050753751434,0.006318423444389831,65,43,13.33106660595324
198,0 days 00:00:17.886333,0.8897261119330723,0.3876603509512126,35.65466875398584,0.16281559172001392,53,17,0.10799346780819456
199,0 days 00:00:47.610625,0.3926953575069992,0.20821015306614596,0.00773806361216056,0.05860987954499586,130,44,0.13971279271260195
200,0 days 00:00:10.723656,0.6502071929808289,0.08009478944427867,0.7833457054573747,0.002039628901446718,28,12,7.308944007153342
201,0 days 00:00:57.561878,0.5442043879133711,0.0558120069513594,0.4958279070527013,0.3497265499582354,153,29,0.12479661870428317
202,0 days 00:00:44.605468,0.09900925202499006,0.19354339278819793,51.85253961722711,0.022848459997362593,146,9,26.93995772271628
203,0 days 00:00:15.060502,0.1411448253894945,0.17958472886419208,0.018935693965994,0.011008046086045987,29,62,71.87631411770748
204,0 days 00:00:19.845662,0.34471583236961717,0.08366710774988921,0.11653219471146986,0.2894374925235915,49,30,0.062421786161220065
205,0 days 00:00:27.557203,0.3426253638292841,0.020692182353923432,0.10821270479248739,0.006322661536817727,61,58,693.7649450135514
206,0 days 00:01:46.966646,0.4075872391368684,0.42105555986310955,12.03550942442906,0.039583075868606904,314,55,128.25110969696289
207,0 days 00:01:08.536547,0.0810388543996229,0.07837958694144215,0.08034824655211002,0.004299372655720165,238,5,0.22909550176167645
208,0 days 00:01:01.314894,0.10421834006806682,0.0334783117675831,0.7463723751673873,0.0016563225847049273,150,46,197.89800618341866
209,0 days 00:00:19.879111,0.6682073199317561,0.14321520788042416,0.003783174724739907,0.022056838271170765,51,24,42.399320434152784
210,0 days 00:02:41.162657,0.26038585324302604,0.02767932159414491,368.28536961516704,0.08831560795871375,387,33,0.3139706134613238
211,0 days 00:00:17.775735,0.5244590346919782,0.14953851508989913,2.8375312028764714,0.028155539228059318,56,5,89.05944774783217
212,0 days 00:00:49.703479,0.5942629363505852,0.03990966637766039,21.141018265020566,0.34464573543077653,132,27,0.0018953072557899933
213,0 days 00:00:32.545589,0.8591280222856161,0.06027268125589223,22.685949863434317,0.0013072714299786755,79,20,0.0975535210460325
214,0 days 00:01:45.470016,0.989535035405224,0.024046861946788668,0.28333991382409013,0.0011953443284737312,347,8,0.1015932730392547
215,0 days 00:01:46.265571,0.4452990223146103,0.010239708416396128,0.2449656425567008,0.431478927973605,346,8,49.17425770642428
216,0 days 00:00:47.180372,0.044697658284985946,0.05904780889987635,155.69891118760233,0.003471505990782991,109,48,0.7435426282021756
217,0 days 00:00:19.669187,0.35267802467604253,0.4872959240444028,0.10691324404848014,0.0036903166584690713,56,20,0.06881259281184328
218,0 days 00:02:18.139990,0.18949836571980022,0.4935867971979203,0.020298660671838577,0.3428652771185561,436,41,0.024574803166061428
219,0 days 00:01:19.072245,0.5611259941799606,0.014807281936335716,12.72049318447698,0.10480992806814353,224,23,150.0521894584049
220,0 days 00:00:15.508436,0.20046816433408005,0.06916887645949697,0.763392299861296,0.005834509275358088,33,43,0.15462976083351865
221,0 days 00:00:19.572115,0.3229189400073536,0.22632839640790206,8.20131017139323,0.15711237395435784,48,28,3.434122804844037
222,0 days 00:01:52.190015,0.8666633361850349,0.1111372236707599,1.5795311217551207,0.004697749403484861,370,13,525.8086148570519
223,0 days 00:00:24.048067,0.35478990512791797,0.035455634204100514,0.24880670593089188,0.002791611566979846,52,57,0.25415194642982325
224,0 days 00:00:11.703120,0.48650888264526126,0.2362388418548318,0.12102373440217526,0.0018825086335972423,24,37,0.0026157064870171026
225,0 days 00:00:23.390826,0.9204624097333141,0.02152549288983954,0.0015879420867926446,0.0079412036535513,46,52,0.010311966753717238
226,0 days 00:00:25.528814,0.3302453142847869,0.044769028010111775,2.85167013401701,0.00443067687665025,48,62,11.621158490833022
227,0 days 00:00:18.418876,0.7743091427496525,0.4920661585009586,258.12375093935987,0.10253467068617754,42,61,0.01876517240323596
228,0 days 00:00:09.121067,0.5466537963129767,0.03239728837869852,0.04376712401956578,0.00236893581210685,24,5,0.0070087471064726944
229,0 days 00:00:50.258850,0.7663863642108327,0.21769612730944743,3.4175926761165973,0.07537111482129526,150,36,0.15557335599725855
230,0 days 00:00:17.736545,0.7002469118675033,0.11611095028827588,203.86746236607925,0.02976479605673353,40,21,0.006772184361832995
231,0 days 00:00:12.260073,0.2019747747834432,0.07779726649746428,18.953804525290135,0.09317738946300638,25,48,0.44974995719748295
232,0 days 00:00:54.981995,0.16150537263605544,0.05567585826712789,20.380959213305257,0.12401128508534814,129,53,0.012240472227154126
233,0 days 00:00:21.010891,0.5756844801705133,0.09872829779719973,0.9694754171136084,0.08481562559717618,46,54,0.09238841409308195
234,0 days 00:00:47.423000,0.6466660796666175,0.010235439132429709,53.9597571461754,0.2504984040951504,108,55,0.1443160522394412
235,0 days 00:00:14.258537,0.6286209814778707,0.035355223205258725,16.918271333683894,0.011561826914345975,38,12,0.001655836447292745
236,0 days 00:00:15.009856,0.1982350114602866,0.033355682485641594,0.05828571032921312,0.006640615724213743,26,62,0.062175552719947194
237,0 days 00:00:55.166259,0.8401044004816384,0.4016946496227584,28.942519186565345,0.05265695084927061,142,53,669.3688389322525
238,0 days 00:00:11.610362,0.36696406938589826,0.01847319832920372,0.03275807803645941,0.06045709953718893,25,37,32.97557298404391
239,0 days 00:00:31.980388,0.16081321915082336,0.33869652611477397,1.9987607346731497,0.3699579408217876,78,62,0.0953075354223615
240,0 days 00:00:20.096612,0.20985215136333968,0.06390628271373576,0.013060573024818292,0.0024285623173330613,42,55,0.09701493627595
241,0 days 00:00:30.872411,0.36853937376901424,0.064454731081965,0.002868450501840777,0.40881048841887196,80,33,0.12257436375065597
242,0 days 00:00:52.540726,0.2316682392631696,0.029721933364112746,0.2754969889172348,0.17521803360312932,120,34,0.0035676240765418195
243,0 days 00:01:04.923969,0.36454802271918724,0.07011917641781606,0.08576457551640644,0.009667091173518574,165,48,0.0037383044016416913
244,0 days 00:00:48.155909,0.0193493771541716,0.3269052094951644,0.0016832903707157739,0.002539793628415269,135,62,0.216115194482996
245,0 days 00:00:13.804541,0.5448885530929098,0.35400237824118236,0.012405670766762208,0.32417974279842554,33,24,311.9810522870363
246,0 days 00:00:13.191055,0.41854295186600754,0.04085973686198681,0.6099020161112287,0.0011222966079375157,34,12,0.2764941399761687
247,0 days 00:00:10.439151,0.7938383904031815,0.4224178923599086,604.7047205919885,0.33503408731198836,30,2,73.93953766680035
248,0 days 00:00:20.471458,0.6296707793252985,0.024139969814257266,1.6948779618227223,0.2881375657347604,50,26,5.751698794997262
249,0 days 00:00:14.860587,0.8634768946247672,0.03857815919262713,81.59879914115493,0.0010054088844391026,29,61,0.006316711453229784
250,0 days 00:00:37.271335,0.5268370685032743,0.022049093883093757,0.002145514547279683,0.02043322694774452,86,49,0.20320488459294123
251,0 days 00:02:18.585302,0.5742481236762955,0.49584533054985236,0.039613140037021745,0.0016864705910389017,472,15,0.16764768610907121
252,0 days 00:01:00.181490,0.5259759905016658,0.019322523990306376,0.003568931123245347,0.16475706870611934,147,38,0.0017213684968322685
253,0 days 00:00:47.754328,0.9298267475621342,0.02137801143805078,0.35592909577241616,0.0040509983591144145,112,46,1.0432545429406206
254,0 days 00:00:25.926718,0.8052117852538669,0.07550072951345996,0.0010425069576581892,0.006358993178360478,69,28,0.0011671195152077342
255,0 days 00:02:06.819133,0.9847143463426437,0.07628123599003321,0.0032577517756878383,0.0041810915176420495,367,50,0.12378007936385078
256,0 days 00:01:55.942290,0.6758359501545484,0.012455260516427823,0.0029709247298888874,0.20602743688131012,291,37,146.06959611664803
257,0 days 00:03:06.021431,0.12291331797054242,0.20184850573282356,666.0983845820025,0.02742825340974188,439,53,444.74244109786304
258,0 days 00:01:48.772390,0.07677190465532971,0.011399536773239714,0.8594740492043187,0.0114760895364817,363,7,0.1326936276510616
259,0 days 00:00:16.387495,0.1939037062775869,0.09788731883792692,0.6037696319288132,0.011012949898523337,40,17,0.1084212664154919
260,0 days 00:01:27.301527,0.2082050199421955,0.019817620159083782,0.2820558180865262,0.016501438228171416,235,18,0.034063649636030466
261,0 days 00:00:20.094228,0.8070514226720841,0.25798090694629766,0.004805300841517901,0.2769104351513629,44,41,0.07229825227604023
262,0 days 00:00:14.796647,0.8000088943260738,0.016934820597119923,2.3858719367385515,0.0016785573472335546,31,55,124.0776986103022
263,0 days 00:00:39.367361,0.2010143577238553,0.3962790548021849,29.291725040672862,0.10219739610689298,124,16,116.86471913065839
264,0 days 00:01:43.455333,0.8978476784847138,0.13971403573349855,65.34885686115929,0.03447980280509135,302,36,25.049563970880662
265,0 days 00:01:00.649350,0.7035591474637811,0.219795252016148,29.66984265818956,0.2761589393182687,173,31,91.97715499548977
266,0 days 00:00:09.316253,0.9451104120074979,0.02287437171113635,6.700976658927591,0.05177641045844722,26,2,0.4229379872796319
267,0 days 00:01:15.354362,0.6737012025514572,0.15633282121480424,254.14961285280697,0.21373796996828076,202,42,4.460150275207648
268,0 days 00:00:16.240267,0.783194566405422,0.0183660293968836,287.4982171369459,0.09262857252831463,47,10,8.54890289698784
269,0 days 00:00:30.903662,0.3485888625320352,0.1962650218719569,0.017589906162396945,0.014441522309411613,77,47,53.80740198248777
270,0 days 00:01:26.075151,0.06358495394303636,0.06336059364378736,20.906266067036974,0.0025938401434119694,324,3,957.0565624902549
271,0 days 00:01:14.402455,0.5957899053872593,0.037604155776006044,97.89284782516364,0.00397588072927229,245,8,6.764478034925304
272,0 days 00:00:12.390335,0.05045331126041382,0.044001267560148695,0.04360976971594642,0.395859313004804,21,62,0.18919710666289893
273,0 days 00:01:31.252191,0.9663080962449557,0.2655955080087463,3.437871126611063,0.035486802009326766,275,38,0.3361283636802372
274,0 days 00:00:24.880395,0.017047268294074585,0.18448454220953087,1.6682933558034192,0.1316448149491605,62,33,2.2856557318825956
275,0 days 00:00:17.122176,0.5242359268200508,0.013644700499356005,0.08936026797222077,0.011262536429907377,56,2,493.2532576723173
276,0 days 00:00:52.222224,0.5802387746933126,0.28994756361898993,0.22875186099746614,0.06936228671553406,172,6,0.046121502576226596
277,0 days 00:00:14.374569,0.9897418079823229,0.013450296242837743,0.011746827193739127,0.07826744424235411,28,60,2.4189096140100483
278,0 days 00:01:33.250570,0.8159648913877992,0.025250751382020247,0.11378599345502373,0.0014157597373659159,264,18,0.18341138836478388
279,0 days 00:00:30.343856,0.10552662142558308,0.3971159939436101,7.458942453938035,0.002953061793799521,82,49,0.032228781045881484
280,0 days 00:01:50.908893,0.010609449144753244,0.24755796289095913,0.0010450235397906796,0.1742104568707394,332,31,56.68213278900841
281,0 days 00:00:12.361710,0.13326664141371644,0.05353919931969331,6.648852055123817,0.3307532081811276,23,56,1.1959266738970955
282,0 days 00:00:35.256471,0.2685301673990922,0.035717193141058784,0.0015558672680618408,0.09562967423197545,102,7,0.025342469693332013
283,0 days 00:00:27.865559,0.15067632052480784,0.03106837541208115,0.007078715446998259,0.22102081114049443,67,35,0.08295628118985901
284,0 days 00:01:00.529821,0.3065682598630394,0.11273024712886127,0.12040173591975818,0.033142949594339714,191,9,5.758873440165343
285,0 days 00:02:24.473954,0.002571336056079872,0.012771569971477626,0.02919070839035516,0.012714164108470241,389,27,25.983332636382638
286,0 days 00:00:13.352475,0.8397410370132157,0.04343034669750422,2.1333184844500437,0.0032944977052916406,29,42,0.022833136984502834
287,0 days 00:01:47.666982,0.4570176091313748,0.48273587212482244,1.8481450857257038,0.010679691255762777,392,2,0.008884354150129952
288,0 days 00:00:41.322174,0.5393263496859834,0.09362027974325247,0.005988501719366334,0.0074199980951167015,115,17,2.1677028170043613
289,0 days 00:00:08.636954,0.014349499119164302,0.013483651921766239,0.006545430242959621,0.15198899581344347,24,2,0.008875780181319938
290,0 days 00:00:10.984122,0.786420859549956,0.16965732284316815,51.77349890808146,0.029088003684702154,21,63,0.6499766563459279
291,0 days 00:00:10.286588,0.5668015767594088,0.05436474128476364,0.49649494351700807,0.4823982549594932,21,34,3.3663047928721146
292,0 days 00:00:41.280239,0.8515221496291533,0.16972336290402534,9.686116713755027,0.13904381431908838,118,25,0.08113850125544324
293,0 days 00:00:21.741874,0.16279763726862806,0.032793098611437456,0.01596584976786199,0.14414969838423164,59,20,139.28646354975112
294,0 days 00:01:28.021717,0.09120946832415669,0.02027439376743116,25.433589551183864,0.15269159855747186,247,22,800.1936790996957
295,0 days 00:01:32.606449,0.8836197646374689,0.03034696468116626,0.004774489121335595,0.0028773368126517617,231,45,10.814168981363043
296,0 days 00:01:06.162046,0.3854416978583107,0.3952832233684598,0.005396406702807039,0.07451182002075368,224,22,3.0993176073805015
297,0 days 00:00:32.503182,0.6435220205665709,0.015493512733476128,161.58267508872913,0.003292344261013611,88,17,0.11541148813420761
298,0 days 00:00:32.182670,0.773191758949674,0.036810073683143214,0.006725019302851995,0.2239972805741811,107,4,1.2255101128230728
299,0 days 00:01:55.315599,0.5166511806067297,0.0835104229969958,5.308735208085387,0.0036975384196449084,342,23,379.19847683027064
300,0 days 00:00:27.199214,0.6572688613069919,0.06120391186055713,4.479383085998408,0.0024121134575660346,69,27,0.21974293997463648
301,0 days 00:00:19.112926,0.9599430654707958,0.028053020892952522,39.18194102136896,0.0011254897591863216,39,58,0.035394311628072675
302,0 days 00:00:46.984471,0.8913641984315991,0.14782360785521115,31.192380057609984,0.19143524335401718,118,47,19.75960893713248
303,0 days 00:01:33.249591,0.17991452728439006,0.47371935219565486,1.95214819385421,0.01441851864250806,282,40,0.11323584246945687
304,0 days 00:00:12.545628,0.08945594973246361,0.02431304565453262,0.009788684038197252,0.003729975098803164,25,23,0.2962340384671031
305,0 days 00:01:13.633257,0.9499170861712961,0.04521139630293395,173.88909437821331,0.018407269078579713,167,59,10.648947059359074
306,0 days 00:00:41.205675,0.1466908222952359,0.270700114056291,133.83553606201374,0.0030115611287049007,120,23,15.019440943678717
307,0 days 00:00:25.976817,0.20055574317967528,0.12174442858740103,329.5134104883037,0.01563582478792279,70,18,2.3043009432972212
308,0 days 00:01:42.213976,0.8848366129407694,0.023163691559407663,0.34578908218824933,0.0016540438865465682,241,63,0.015607874789912931
309,0 days 00:00:52.825758,0.2767745925089248,0.022328933458788055,0.0017652198564107992,0.018202910238345426,134,40,59.861907217190065
310,0 days 00:00:13.552319,0.815136136877707,0.3323855668794439,196.13269601932225,0.3485320080383497,28,53,0.4970520691162443
311,0 days 00:00:52.096091,0.40381503057436874,0.05514746895524065,342.31948378395754,0.4586311025219474,124,36,4.522091275665541
312,0 days 00:00:35.177745,0.8408415811348615,0.3407830032673182,2.4333716201880473,0.036009509102518225,99,27,290.94413010921073
313,0 days 00:00:48.759526,0.5425719532425087,0.3783540127928503,54.52509471795631,0.0013574708087724858,151,24,0.004087631739025253
314,0 days 00:00:59.432882,0.22533518550219128,0.050012868396591116,93.8173869940273,0.005313577222797812,193,9,134.10242687410366
315,0 days 00:01:41.993895,0.5899145099661044,0.4422159290749153,0.5455464293145681,0.20999933242377633,342,20,2.4745858792024378
316,0 days 00:00:14.129903,0.19214570103701353,0.0507065142006152,543.8490407712972,0.03031776081386143,27,60,41.63824607918878
317,0 days 00:00:30.658505,0.7689896743677435,0.23296955283834345,467.32560638225425,0.13849316113055435,73,39,1.3025810943088567
318,0 days 00:00:26.403607,0.700541737298972,0.0972670598935064,136.2381160759045,0.007027360527270305,59,53,0.001015440270361608
319,0 days 00:00:22.776354,0.5278596226340215,0.023333845252859104,4.56346904058527,0.003913618796302941,66,9,0.18173295829810043
320,0 days 00:01:32.102320,0.5505055757216886,0.08350851636525283,0.031169644773434552,0.01881520876872575,264,41,0.012398636217852478
321,0 days 00:00:39.624186,0.2553538479047738,0.11418900613033611,0.005078651335875204,0.002041088221203709,92,35,219.82012117051147
322,0 days 00:02:36.271412,0.45429366649445824,0.18908378665928666,0.0015784695155485905,0.024230321769219413,479,38,1.1538849724691786
323,0 days 00:00:12.279396,0.016235850789542317,0.1162538107463924,4.091607418796493,0.0031441922516537548,36,3,5.56840966350875
324,0 days 00:01:17.368578,0.4946365095333089,0.10924045708328707,0.0143857157108891,0.00630584011397123,219,28,590.2834236009126
325,0 days 00:00:48.500672,0.9413197396084035,0.13522886324631048,66.6658346728402,0.0039405240481975605,120,41,279.9633725793403
326,0 days 00:00:24.312588,0.5385644312351401,0.05278577898805579,0.006931367976790185,0.08265806367069925,54,39,77.40666554135518
327,0 days 00:00:19.659782,0.029914175154982986,0.02795249262093538,0.8316234708285569,0.003964968233550864,43,44,1.5690052079353094
328,0 days 00:00:30.860722,0.9545324537031051,0.2808820554876636,0.019674084977780816,0.01300865834403595,92,22,8.062682621148515
329,0 days 00:01:39.867360,0.4005627939032949,0.2952642278351858,631.4328425509897,0.0015820760754645836,259,45,0.9436502547404908
330,0 days 00:00:14.996145,0.5357781192895935,0.13503697198631107,0.4469645471462325,0.0046347032060989075,31,55,0.37268836574168873
331,0 days 00:00:14.972936,0.7861510881231148,0.1789327999260416,0.0021539758559902095,0.04684569228909553,33,42,0.366895273487618
332,0 days 00:00:38.564582,0.5730955955858372,0.1469344815822904,82.7965159235262,0.44425115283954764,125,6,0.001945112605109757
333,0 days 00:00:57.841230,0.2966163913229619,0.07003184390911278,8.015089207294992,0.004278662117342618,159,26,65.81842450339012
334,0 days 00:00:19.839148,0.08158692163966516,0.018994304844765792,13.856089525400916,0.016804412192402963,41,33,0.08090838447496473
335,0 days 00:00:15.163867,0.11445778263195826,0.1880114944048814,98.25975424595745,0.03201267477653243,38,13,0.032253399751738576
336,0 days 00:00:35.716803,0.4493292126919807,0.16225883037327543,492.469225375056,0.21438110837673088,99,19,930.2861667962452
337,0 days 00:00:22.273852,0.68898819403942,0.01876602573295435,0.37462670058413244,0.38491425587109457,48,56,0.0039945609413562
338,0 days 00:00:12.398529,0.5140625121234199,0.015243692313565677,90.6278505339406,0.016917106958103362,28,24,0.49398553511501536
339,0 days 00:01:18.380508,0.15779274554319606,0.02415490856058205,7.385361178213589,0.007620835300540826,171,62,9.64273705590946
340,0 days 00:01:47.043716,0.6756087969809219,0.03461092796676455,2.676522488582945,0.0068697241028800255,331,13,0.051914598622346764
341,0 days 00:01:57.546565,0.45961552196592814,0.039445567736418795,348.94891724230854,0.016374719191306016,273,61,0.0019229367623644028
342,0 days 00:02:25.811159,0.029604059396953136,0.21240676694910504,3.139067048913432,0.0049380764147934466,454,49,0.007002257248686381
343,0 days 00:00:10.918919,0.47157493938291595,0.2828739484980814,181.47508731611165,0.03111597565506027,24,28,0.023144567071639092
344,0 days 00:01:12.931651,0.7477437632343691,0.02115056584358581,154.03176385611675,0.007852202201380184,183,28,1.3772341994608464
345,0 days 00:00:26.203954,0.1094191335264212,0.010303152339238467,0.03409666475103973,0.01966355138263637,54,48,0.043718303301374335
346,0 days 00:02:16.560701,0.6949519007977988,0.09006972640995056,17.223655553014748,0.02581378432898353,411,27,1.2011283463387867
347,0 days 00:00:27.577245,0.44243610879871653,0.3645630158097539,0.023534543526440826,0.021048929417298627,70,60,10.629472450873516
348,0 days 00:01:24.458806,0.3509513256592213,0.4068148466285028,1.1881339378540048,0.16010009288826305,264,47,1.1115901861667368
349,0 days 00:02:29.774996,0.38574198347180144,0.17293148954942603,0.021548185898461553,0.0025682773557621666,495,45,0.0018866985884929135
350,0 days 00:00:13.487310,0.9393252331217976,0.21157902550167887,0.08056603957724653,0.004353892117399125,33,26,8.404026982499923
351,0 days 00:00:13.953510,0.9091772838524632,0.06378332437862075,0.0014297312212427878,0.3067243939044577,34,28,4.899619479724167
352,0 days 00:00:36.013876,0.4841561101828405,0.16059073796494222,40.158105297681594,0.012328329299591935,85,39,441.54470208256754
353,0 days 00:00:18.077285,0.9336327637582265,0.011400657543220593,0.027280291876842073,0.08822094947171479,39,41,0.4906734788548895
354,0 days 00:00:30.577578,0.7130565259239331,0.2689802805349581,0.001082310809629461,0.041710612904236395,75,41,507.1483520835774
355,0 days 00:00:32.275016,0.5525313313735909,0.383970404937795,1.35448637115993,0.003527706450669955,86,49,115.42293663965266
356,0 days 00:00:14.384767,0.05604126094217168,0.02131496191046307,2.3156968114983245,0.0010259708692364053,30,44,0.28697934040858286
357,0 days 00:00:21.954126,0.04910221232620705,0.16988656845417188,1.7946699384420828,0.001453989554613848,63,9,802.2053457038224
358,0 days 00:00:22.882088,0.46899806025485385,0.08672995123163271,69.83328093722469,0.045353847954602615,53,39,0.0076420365062219685
359,0 days 00:02:30.489414,0.7222857487347389,0.05348253828330732,57.0021105227282,0.00980093961771025,390,56,0.0175506409742709
360,0 days 00:01:30.844854,0.8113396187308624,0.11119266010629412,319.3996974485874,0.0249417195179424,227,60,0.011083299292038431
361,0 days 00:00:29.174305,0.8114788164909835,0.1125382469581133,0.0018778699442622978,0.03431623293618479,61,52,0.030676218483864467
362,0 days 00:02:04.264827,0.18971891963274898,0.10923443881425886,13.76413882702963,0.04869258181525314,373,42,0.4133655519686924
363,0 days 00:00:13.389620,0.10443812574536282,0.04652515285492651,0.02259616943182064,0.024911276907705417,38,4,0.6774927871511451
364,0 days 00:00:23.371133,0.7431209305534678,0.011353581984673983,0.10049185558660857,0.0021491419241278,62,24,0.015352108055332948
365,0 days 00:00:20.348340,0.41127277450814514,0.018877959319500627,46.16924595801337,0.11211105224190417,42,55,0.008190456637810449
366,0 days 00:01:05.185802,0.10064683972183235,0.4045805789088603,0.06155774690145542,0.009933896056503392,195,48,0.03256965833462113
367,0 days 00:01:28.396197,0.3492833031618963,0.01498659937279462,0.01845005368323655,0.08107289630390646,259,21,0.022634694109217018
368,0 days 00:00:49.286432,0.7516127203139126,0.09521813189960025,0.061456868173138036,0.0070197534053966825,132,37,1.2884316561836524
369,0 days 00:00:14.517046,0.42264163236910884,0.0388985892626841,0.002450907653526704,0.1366388984428198,36,20,2.5937780542094058
370,0 days 00:00:14.429422,0.9495630031429546,0.28755751805766105,53.10867742083805,0.002193947030528675,37,16,847.0462408803819
371,0 days 00:00:29.221482,0.2902633263779908,0.2952870672082431,12.535676990850744,0.04482461298665669,74,57,0.0285570570004699
372,0 days 00:01:39.473304,0.2143644360881852,0.3239952073249182,0.14314061005246836,0.003731249886380417,308,53,0.004978762295226882
373,0 days 00:00:38.680762,0.06419535437730471,0.02031715430297746,92.91412147180829,0.07821502207816887,90,53,0.053179980995542185
374,0 days 00:00:37.243701,0.4149000645304362,0.1016375112041668,4.961922602039415,0.006089489231383182,81,44,308.8680372870332
375,0 days 00:01:30.584174,0.07996903695471627,0.20619645020852756,2.2050477643508226,0.0308591554681351,284,18,157.08949391225363
376,0 days 00:00:43.821954,0.396479460965699,0.4066512279525782,0.00932665627336259,0.0042939729415184934,153,11,0.5756105856826556
377,0 days 00:00:19.238152,0.0826390182088617,0.013520880221180757,0.0011039729121185909,0.09582483598058678,45,38,0.03670087454889119
378,0 days 00:00:30.149799,0.5042766814021981,0.05081718768867078,8.429016979083075,0.005813296794979214,75,33,2.4352327927291215
379,0 days 00:00:59.747751,0.8426706216397637,0.39848525496786874,9.020249445514217,0.038208300283841895,192,23,0.23047773029090793
380,0 days 00:01:17.073145,0.43124209312222955,0.18010732804032384,818.3053682257271,0.355353391599075,206,30,7.925389155103213
381,0 days 00:00:27.235434,0.7678738755232921,0.062009654798023395,0.0013375679969975043,0.4828074203572832,68,36,0.6655135578882228
382,0 days 00:01:40.110113,0.8728882983151212,0.04072315847452983,123.7169763484801,0.11484354814364779,250,49,0.4036106215719925
383,0 days 00:01:43.893509,0.5330278311103338,0.018254273518919586,0.07266080552560482,0.01160135444119128,243,55,0.5275654473376237
384,0 days 00:01:06.403009,0.4552384566120141,0.026049450395657942,100.36728674450153,0.010261039617406719,155,30,4.60537486954171
385,0 days 00:01:32.866071,0.7336305041312249,0.012603115152980626,122.38668730900015,0.030481126051962033,255,29,15.422960196266114
386,0 days 00:02:33.938864,0.9195164746489125,0.1475124807570661,16.054313866557553,0.06152988002716664,431,53,189.30873408411384
387,0 days 00:00:49.417217,0.7772660770247777,0.31944797487139687,56.9460675020029,0.002006535807502443,127,50,103.91806037009034
388,0 days 00:00:55.534356,0.9965627894076167,0.02415562642067586,0.00856445074529496,0.22063293751340868,183,7,0.03580688066365418
389,0 days 00:00:10.937472,0.780499685450112,0.14850159496065102,3.6448426226010886,0.23674130350122297,21,37,177.10072776246932
390,0 days 00:00:12.757742,0.6052116122545477,0.041106144273468606,3.5090328411418925,0.0030572672973388825,33,7,5.138807626215733
391,0 days 00:00:40.472203,0.5970332949133071,0.0802365993833266,1.4982945240983543,0.004235370900805156,112,22,0.002763136078586471
392,0 days 00:02:09.131949,0.6500856741400255,0.4846855834541778,0.4483744613154635,0.02390920681477899,438,11,3.229531715663678
393,0 days 00:02:47.867673,0.05932037850810708,0.03326535080962479,8.214384651446165,0.0010944095159054722,426,49,34.228781662199395
394,0 days 00:01:37.773718,0.3355182940678814,0.029039139698155705,25.267071049155554,0.04416730993440024,259,18,41.27042618353393
395,0 days 00:02:04.356487,0.4466522592215596,0.45027215955957545,0.0016996753560815639,0.005843007173367311,379,31,473.33309942644445
396,0 days 00:00:10.922725,0.823060218538327,0.013936840171751088,89.86065853972963,0.005077214593221051,21,54,1.1901858427240368
397,0 days 00:02:13.169308,0.4309696817798912,0.0163497026912496,408.46244243319114,0.4825043765602493,386,17,0.04157726324062387
398,0 days 00:02:36.710109,0.29962710396882464,0.39242762664855185,140.55849025845447,0.05267561698020266,439,41,0.002568940502710187
399,0 days 00:00:11.388436,0.19959761974401832,0.20859137099387712,8.004694204130734,0.043412168898574535,30,9,7.996712535122554
400,0 days 00:02:31.265066,0.5746813807862894,0.016432269657071927,37.97156638222724,0.005371314601393671,463,15,11.546829946177295
401,0 days 00:00:41.314933,0.19483719814157535,0.33701996532723,0.0010106844425293233,0.005170903700186921,134,27,0.00411726851600587
402,0 days 00:00:11.675989,0.6868595290599219,0.44777751288372986,0.019561896848184494,0.385421259369962,26,33,566.7253142028326
403,0 days 00:00:12.262269,0.9930017922378436,0.08264048364658551,176.5777249670661,0.3335383528814579,29,20,179.55622299627325
404,0 days 00:00:49.536159,0.5844726127446002,0.027233743254458875,0.00229885366618683,0.13346551026589193,121,34,0.07661169257295575
405,0 days 00:00:10.780883,0.8030104339767064,0.364165008896494,7.859962183463573,0.07715189012579515,24,27,12.278410421729426
406,0 days 00:00:14.416874,0.6579573287254328,0.034373871683479364,0.0016644869851358878,0.0066188797080424,30,28,3.2371757166958512
407,0 days 00:00:10.717870,0.03178722204056284,0.10771331009945546,0.07391697423965919,0.017431976291720785,23,36,79.13986868803326
408,0 days 00:00:13.230977,0.45358082331092586,0.015186789309836399,0.305571710094931,0.009255073593574381,27,51,0.3422595379532496
409,0 days 00:00:34.143040,0.543797354831252,0.10661617086928557,0.0014027322146230791,0.0015476411595752608,111,7,285.5765433072634
410,0 days 00:00:47.329036,0.8242874975880561,0.03465580799084651,0.001720546534388982,0.010042565658610152,139,14,53.25559591918484
411,0 days 00:01:26.703297,0.06788874420048659,0.010427996814267352,2.6150610692500686,0.07750256894551048,209,44,611.0073829824333
412,0 days 00:00:11.824101,0.4220912900101751,0.027261820117280452,16.711142399989107,0.01509769445070257,26,27,0.04554824452339939
413,0 days 00:00:10.536740,0.9643182680098742,0.03377089667260647,6.799747666403641,0.0012599050173786718,20,54,0.5986072007639531
414,0 days 00:00:15.017826,0.5765602223850282,0.010461463260358964,0.6732270986779798,0.08823280806985442,32,39,34.08806110888017
415,0 days 00:01:47.805811,0.9079325644105409,0.01411704874609998,0.05186602166710753,0.3820052632779283,348,7,317.0698874452505
416,0 days 00:01:09.986490,0.18606451831217846,0.44699313396836554,0.00763682879127583,0.029267753839309175,230,19,0.02965888066604529
417,0 days 00:00:55.140849,0.2635855089769007,0.0139975826816485,0.4177537523539182,0.11728823967791276,125,63,0.3548966887546426
418,0 days 00:00:28.188432,0.23434123335593549,0.01947430359126967,8.987282077332997,0.01769040947100753,57,41,0.3457810421788693
419,0 days 00:00:09.477669,0.3705941447356702,0.44451135405805586,0.005971222750077477,0.022188607550191947,22,26,0.003732894049082512
420,0 days 00:00:22.281463,0.5642898143202376,0.01940992117868736,0.026634865561741078,0.028354911107496814,47,28,5.6183727465186015
421,0 days 00:01:27.385024,0.6167915128904491,0.2581882781676352,0.007511210822854237,0.028198000749642734,293,10,11.336361638056973
422,0 days 00:01:11.098019,0.6750660720895691,0.012939492243152634,0.06941239361941445,0.09547063077811578,166,51,0.0012808660363056036
423,0 days 00:00:14.613995,0.6745624277788088,0.011005286633901955,0.010405616434762226,0.034121478711249806,29,52,13.589327100040434
424,0 days 00:00:19.744279,0.5602667392012171,0.10348396724436176,0.0027016909038314854,0.06842325403201824,40,58,0.025683345657376618
425,0 days 00:01:23.484086,0.7243955673467324,0.4750263847917873,9.768299836213476,0.0038162158312136213,247,25,138.2361315184176
426,0 days 00:01:22.685808,0.64790151566893,0.05237123100523735,0.01478192493973604,0.14331031966553692,216,40,0.0020889662350930846
427,0 days 00:00:31.085323,0.890436625999387,0.3621165715561559,91.53354536204361,0.042495609147020656,107,3,1.3530090259353538
428,0 days 00:00:11.663178,0.41120788351141613,0.036901189163810355,139.19511024566125,0.001376883782099841,30,16,0.024052336736306607
429,0 days 00:02:31.694060,0.8775898391397484,0.229262441398868,42.1458129604654,0.0012295893070787323,428,40,467.9818003888496
430,0 days 00:00:53.459090,0.6977892100631047,0.017914623090666614,54.36832446984012,0.11590421358748161,122,52,206.8264668427724
431,0 days 00:02:15.756123,0.501809471980016,0.011817137058927693,0.09424471790708853,0.002375680878242592,369,23,0.004776369438994404
432,0 days 00:01:31.861067,0.7321499202077664,0.014303595155933607,0.4559023857787411,0.009568525856832013,219,31,0.011353322014984343
433,0 days 00:01:29.737704,0.3720110713628102,0.07348294414640576,109.95091885406505,0.004967517074947221,273,20,2.0719066809077282
434,0 days 00:00:30.663615,0.23613829691665544,0.018671806468666938,0.04482193183689719,0.004427369408878664,66,29,0.18590989102213576
435,0 days 00:00:50.431730,0.7751127157445928,0.23181748347590111,0.013642188356876698,0.16659107861122951,121,57,821.0720797973377
436,0 days 00:01:33.788039,0.6141890556062993,0.05209720904462872,0.003652278201268831,0.49727128710286606,312,4,9.50023745568446
437,0 days 00:00:14.128103,0.20310933818119564,0.47360008297203154,642.65920393509,0.24645427526015237,43,4,1.6141263611279064
438,0 days 00:00:34.502325,0.8764379366503451,0.032908631632242565,0.0013867958555438776,0.0402222565519111,103,9,13.53733790280266
439,0 days 00:01:06.849303,0.6631987165237655,0.012464580419957768,0.05118958226834803,0.16536701418255909,153,49,0.4678366947907588
440,0 days 00:00:24.646235,0.75034307640365,0.01650187868327405,1.22676915201158,0.015604562876529515,71,12,0.0035015687152317844
441,0 days 00:00:42.268503,0.7530456353964248,0.013924399540518913,594.4893391720236,0.30880194508556663,94,60,0.3516254238834734
442,0 days 00:00:30.379545,0.11205432711900218,0.08601266660324762,324.2884529571338,0.13113015634366135,74,31,0.006525063391935572
443,0 days 00:01:04.634223,0.28891003731448706,0.1055651015053748,1.4570670814952762,0.039724455537328694,162,53,7.178547144745823
444,0 days 00:00:38.023158,0.5684898019224384,0.28545330315485307,0.04452366066336006,0.0023069296028033694,101,53,59.9583635010867
445,0 days 00:00:21.368252,0.7370834171044128,0.479994389661581,0.00693037333427877,0.15290644894306316,65,7,0.013933476951576316
446,0 days 00:00:18.165049,0.8715933245675759,0.011616227356367326,0.21076643282175533,0.006510308298112369,38,51,353.88608483995927
447,0 days 00:00:15.351356,0.5293249788949037,0.013263905540956645,0.1434700732630585,0.005138972681601921,31,55,0.8100068095241879
448,0 days 00:00:31.628720,0.3545865178044959,0.03308083183689363,3.286149739064022,0.06847728623312903,69,62,139.30708027256375
449,0 days 00:01:05.316730,0.039800779624227324,0.01085039998393351,169.59593629155208,0.02485947563116145,192,8,664.1186644227201
450,0 days 00:01:37.983360,0.0802191682176221,0.15355630188868236,60.11700438771896,0.06931763420885415,286,29,210.95909177547736
451,0 days 00:00:17.614483,0.33246823698804556,0.18601617122800002,0.0019876731958941313,0.007193257079342146,39,43,0.6725241991193618
452,0 days 00:00:34.948985,0.2506010922234626,0.02045977475327782,0.8057162183751111,0.22518017693233736,89,31,169.30172324353458
453,0 days 00:01:31.691126,0.5341463987623489,0.010959730997201723,0.04509008501990612,0.03226535493052462,227,36,824.8576642633612
454,0 days 00:00:14.365308,0.5971715455117694,0.316552923235873,199.00258883753278,0.007628134591348112,29,56,4.993939533538008
455,0 days 00:00:16.910690,0.40548864431967824,0.3017046015960093,0.08331063024533057,0.010424890842512488,53,2,2.49515888979583
456,0 days 00:00:10.340524,0.26125728196186254,0.0647956183350239,0.0036671180954410388,0.002022728527693792,26,9,7.792883520640863
457,0 days 00:01:10.724603,0.6484816776259343,0.13650642509770472,22.07863760784986,0.0018051316513982793,194,43,4.069027374997918
458,0 days 00:01:51.443873,0.6936730530618923,0.08334698114741171,67.67065862767079,0.39333706584072986,321,32,0.5608943712642274
459,0 days 00:00:12.435504,0.5102775551460571,0.3080303990234432,0.005407144536931402,0.022961852550784444,24,57,88.2935692746168
460,0 days 00:02:30.218566,0.15012776637751024,0.09030431134567532,89.32962462276008,0.13345793231080733,403,50,0.11697332361969764
461,0 days 00:00:35.483544,0.8478281370123981,0.21652684658539872,0.0010346818566956367,0.011617143800856669,97,35,13.744475121533828
462,0 days 00:00:11.547558,0.36836698256177475,0.04800611505224297,0.0029989092682219894,0.19186562959645578,21,44,127.58901623149082
463,0 days 00:00:25.907784,0.009196628205587663,0.01694322241016951,0.038945174070083285,0.048435333963944956,56,60,7.7360939289724735
464,0 days 00:00:45.893798,0.5325045696732917,0.15332818233005543,0.23695150781794636,0.032261947562927884,137,34,0.0010957590317108637
465,0 days 00:01:33.369260,0.9005151599859393,0.011916721380079816,28.242872294421588,0.46297372028888273,243,26,0.0071873036750163335
466,0 days 00:00:24.711208,0.8216288471229815,0.11687867169097087,279.4872603335369,0.10004871959898237,66,16,370.31100309428547
467,0 days 00:01:03.291843,0.6722629292623415,0.07093192223581797,0.026223842856181987,0.002129052149293161,184,17,0.49208180844945865
468,0 days 00:00:48.688656,0.8462537343137565,0.01538925216226703,0.004391748337687492,0.004910678338449733,117,29,2.1251542251297804
469,0 days 00:02:16.628858,0.5885916410908905,0.018763571025624246,33.10253046620646,0.0383496226729871,396,16,0.05632308285901644
470,0 days 00:00:34.632641,0.7884622376929782,0.020540737146005444,13.877901421131599,0.06456846757598383,82,46,849.7675317981466
471,0 days 00:00:15.726145,0.25270414068688546,0.027186954436430738,744.2495875638816,0.004267973418515038,45,7,425.1520760051216
472,0 days 00:00:33.224026,0.5931883591575836,0.056505241961757116,0.02732107293543076,0.035141934641250296,80,33,0.0024469358425886645
473,0 days 00:00:29.858285,0.16317295780610072,0.09902279376963351,0.004276604864125979,0.011106012824974388,70,34,0.010437255130003278
474,0 days 00:00:10.820846,0.5359848725894701,0.27848663764242687,1.1042494466909951,0.009880555844996601,26,17,0.0010190458208745436
475,0 days 00:00:27.604243,0.23422590351755124,0.15287534279852907,0.1510098312673507,0.011673086302270999,70,34,0.012750048743061952
476,0 days 00:00:44.841022,0.5716546809002456,0.22669110614854807,7.185075359632541,0.14612661413378042,129,34,0.34818102407973517
477,0 days 00:01:46.187602,0.9014485439601315,0.25630787078865686,2.5363238954663916,0.005325809304649467,381,11,17.302929944405538
478,0 days 00:00:33.670408,0.043899952358648034,0.08265028725922896,0.06504289333215799,0.0037319777151443786,93,15,0.38432700409714454
479,0 days 00:00:45.844381,0.4311192425413827,0.02878326851845102,0.002282775207242663,0.013599506973782708,118,24,0.020152292414172178
480,0 days 00:02:04.555347,0.09887203479672454,0.16834137368273372,0.16440784300298875,0.0013139162070887479,414,27,0.0036116712226434045
481,0 days 00:00:08.888005,0.8298294969107401,0.022836488569892566,0.0011318040667260938,0.320209498203632,25,2,0.01775451700325732
482,0 days 00:00:53.199251,0.8687479022161081,0.1617710379954598,0.15606115093059827,0.46049687582661886,168,9,433.7783703337251
483,0 days 00:00:38.355183,0.19351784217263462,0.026649102985651096,0.06349139868282695,0.017449870031496083,100,23,0.06318073640689374
484,0 days 00:00:28.442244,0.03739443254821531,0.025795435929643763,0.0013200889794888083,0.029345013387177793,70,18,0.010334593307358182
485,0 days 00:00:51.557752,0.3267252332156932,0.11366671556045282,2.056234635674058,0.0023965607671765604,133,55,0.07809753349783728
486,0 days 00:00:20.067065,0.060024415754390666,0.017773083346961954,0.3761591579417901,0.013362536245029834,55,8,18.397770500875584
487,0 days 00:01:01.900537,0.32644704952571996,0.26354781019658485,31.05042404368117,0.1582997067799001,161,55,9.880726664419923
488,0 days 00:01:06.835915,0.007675030316737008,0.11370569217342322,0.12686743406538983,0.4732395320096489,187,32,0.17807289013319108
489,0 days 00:00:32.299139,0.4857516638591551,0.16805425986829134,112.44639488003345,0.007487662339504146,73,61,84.66928468878562
490,0 days 00:00:27.715684,0.31034771141577205,0.06634700612279322,0.3759325433820546,0.01579067880462792,73,25,0.13784616983700643
491,0 days 00:01:40.203699,0.11485433051948753,0.01201254156823402,0.04497815673316465,0.08011458814792996,389,37,0.31124886913154454
492,0 days 00:01:31.831089,0.7585166665515557,0.01591990306522263,0.0011156400405955896,0.005941223933402036,401,12,0.032210342846472596
493,0 days 00:00:26.721431,0.03213946762841574,0.010618881000849444,0.18283580423773135,0.14427584659124104,70,15,1.5635812979876065
494,0 days 00:00:16.194467,0.7210892825074934,0.038587896148394155,346.88192832896374,0.2981181639794214,56,2,220.18698050332227
495,0 days 00:00:54.807488,0.18211272987454763,0.2429059168693866,1.131314979692421,0.080138668519781,229,37,0.1256031126692881
496,0 days 00:00:20.525864,0.6951076270745036,0.3729879998840231,0.0029973170541713946,0.0027569431220950905,61,16,102.05806373689342
497,0 days 00:00:12.710295,0.52829334433455,0.1782058190414195,0.007454507134445967,0.004274767240152486,27,36,0.0856456504933817
498,0 days 00:00:25.990809,0.626574958688899,0.012187532149926062,0.0114258112427651,0.3754271070780752,85,51,0.004019604988835099
499,0 days 00:01:08.527702,0.8646933773581661,0.2140566930084259,0.18223901537764703,0.0013551051703717565,435,55,0.0014935236040443326
