number,duration,params_C,params_a,params_b,params_gamma,params_max_iter,params_n_estimators
0,0 days 00:06:07.420770,5.007682696705291,0.7610441628276067,0.921325186509285,0.7167528923480181,10,15
1,0 days 00:16:18.748947,0.0003815913708109826,0.6981554356267661,0.7641537279124299,0.4000092113786753,10,41
2,0 days 00:16:36.918020,0.1194302829728585,0.46031539677775757,0.16710148757193832,0.9011816499384754,10,43
3,0 days 00:12:16.169594,0.0016221281470965017,0.8944303298252135,0.2733374234573974,0.21113501441977223,10,32
4,0 days 00:09:14.612015,3.030842874397175,0.8360720794712899,0.7237745324532022,0.21804451730903374,10,24
5,0 days 00:04:44.753046,0.0001239176199380812,0.8775201318066659,0.020609980901069226,0.14099485943981904,10,11
6,0 days 00:04:31.121722,0.00039981491121873677,0.5503832001765228,0.943705687861607,0.7696439620551858,10,11
7,0 days 00:13:29.988825,0.031511207075255586,0.7359207477139061,0.851626948854053,0.4473529352281358,10,35
8,0 days 00:04:17.948367,0.004901610537298217,0.3230109499915642,0.6863367504248519,0.5334699789235905,10,10
9,0 days 00:17:15.767356,683.3268391893502,0.3262737959385787,0.5311294114802794,0.1620807517691124,10,45
10,0 days 00:17:02.495583,2677.0646093157275,0.3492041996466485,0.8603997873038007,0.47439353150474484,10,44
11,0 days 00:07:13.350843,2661.636415532271,0.144713263761529,0.07517832612501368,0.3633753718805727,10,18
12,0 days 00:07:14.837810,0.004142269846087205,0.59288741386092,0.3652624780916293,0.8498991145028495,10,18
13,0 days 00:18:27.486314,34.39871062810514,0.14144705286445236,0.6508641279264962,0.5727974709262847,10,47
14,0 days 00:07:00.323025,0.00012392644678873202,0.57687844160437,0.7942827880078522,0.5251926811752794,10,17
15,0 days 00:10:22.518423,0.5582062180873557,0.2331604023929775,0.177876425325308,0.7265151451107906,10,26
16,0 days 00:10:12.646674,0.10760039690591655,0.49396399084403264,0.03461583865791554,0.02836189365252273,10,26
17,0 days 00:04:08.983821,1939.7180841055417,0.9768641729652665,0.5137824265760654,0.8363045071563446,10,10
18,0 days 00:08:16.607870,423.99294972238135,0.7465617536448902,0.8927370563508744,0.48457169247951637,10,21
19,0 days 00:09:43.445303,0.00010245411451975622,0.9227616445189931,0.9786663525287372,0.9814231229096911,10,24
20,0 days 00:13:12.842015,0.0935103634371634,0.36552396657443964,0.9406872435839869,0.656241000173903,10,34
21,0 days 00:07:41.231478,3389.056983547073,0.17005223596659125,0.8701154809432438,0.8049516418816628,10,19
22,0 days 00:07:38.326427,3.278294980039461,0.39322814875483203,0.27774169191627784,0.5820201968203075,10,19
23,0 days 00:08:39.385503,0.42550662666575423,0.5476348154908968,0.16738322805210099,0.7595699429761932,10,22
24,0 days 00:07:45.354800,163.47047662504602,0.3134893031471947,0.7452681557952275,0.4604341797110709,10,20
25,0 days 00:06:05.451357,0.08153839145772027,0.31595316033530296,0.46938007335155674,0.6668016864426448,10,15
26,0 days 00:10:18.239279,21.27822161957079,0.5797616969082133,0.6361716696249721,0.013279015206193456,10,26
27,0 days 00:15:54.198449,0.00014447897176180142,0.792417362392218,0.10332621526393941,0.1030539800056014,10,41
28,0 days 00:07:36.927589,109.54884994384737,0.563876278202017,0.7279742033971967,0.8152903052539943,10,19
29,0 days 00:05:50.492769,4.03106490788091,0.48668924352985865,0.45585780736938253,0.8713903805200514,10,14
30,0 days 00:07:55.525969,16.404768530257783,0.9742127075703267,0.37535943100953495,0.18779568611500397,10,20
31,0 days 00:05:35.399962,0.0002770868991945442,0.20774864050139685,0.03720600961732654,0.3976812845000872,10,14
32,0 days 00:05:04.926261,11.456420969265885,0.7198577923702036,0.015060788474227656,0.003484759556110828,10,12
33,0 days 00:10:06.785782,0.000283037987013815,0.920842292296833,0.4945851328012077,0.763543954340503,10,25
34,0 days 00:10:48.325664,18.300707221571905,0.8237635241952636,0.7804070565263421,0.2492016851899187,10,28
35,0 days 00:09:59.784705,0.0004618942836733461,0.4901386337360586,0.1890370636279675,0.8347275200755669,10,25
36,0 days 00:06:32.236655,40.47946109887371,0.8048796317726006,0.7870683977378756,0.167298507746657,10,16
37,0 days 00:05:18.254480,1.5118058528070306,0.4896672063901766,0.08781669249238863,0.2384490671538657,10,13
38,0 days 00:18:43.740310,2.3525536455138343,0.41382729046102185,0.4639629845503243,0.03866712250565951,10,49
39,0 days 00:11:17.043057,0.5002134841353241,0.33102877556034527,0.6646227900456861,0.9740725149870312,10,29
40,0 days 00:04:33.422135,0.05551201500381292,0.7633943095365732,0.11468359169167898,0.8557669495048951,10,11
41,0 days 00:04:59.977698,0.13657719984950534,0.3205243577118212,0.8357316611003296,0.03730351868776338,10,12
42,0 days 00:11:28.389757,0.0001938187623365017,0.11881656111083137,0.29644471479078477,0.44470265311883117,10,29
43,0 days 00:09:15.229335,0.08902064796914134,0.9123024732040986,0.7655789361849769,0.3164958757868803,10,24
44,0 days 00:07:44.941158,6650.628261914818,0.18826063912903196,0.30407972755023244,0.7497974331373735,10,19
45,0 days 00:11:06.741783,24.605059345313766,0.19016758536912803,0.24249194913886343,0.31512622658427336,10,28
46,0 days 00:09:54.830881,0.000508300624026682,0.26169912925301686,0.187918833953925,0.7669184242537557,10,25
47,0 days 00:05:16.384367,2166.9442391249245,0.4250195267743788,0.14974595459303422,0.012739802702008363,10,13
48,0 days 00:08:29.740336,880.4293083115948,0.42892907409955294,0.8926582983090798,0.5510004700053468,10,21
49,0 days 00:10:15.447670,0.03286158124406725,0.3569618838676859,0.8924000286088112,0.2698554697502038,10,26
50,0 days 00:07:53.805584,0.2812641987099127,0.3627583285894399,0.4540110908929825,0.12303440267271903,10,20
51,0 days 00:08:32.802938,4672.641944254053,0.9723850229300955,0.2791537847093968,0.43278681578770295,10,22
52,0 days 00:05:28.458598,0.013755600467187499,0.41035257114176793,0.8855862912581907,0.013838637479414162,10,13
53,0 days 00:04:59.856512,629.116127579987,0.2729958635734683,0.25202475253935674,0.6914086508154005,10,12
54,0 days 00:14:11.292911,209.65431653500255,0.9920326046268935,0.8542802078915417,0.00988132912088402,10,36
55,0 days 00:05:03.672617,0.037008732827479275,0.3868731094266188,0.5051820089430544,0.26363598879527195,10,12
56,0 days 00:17:32.954687,5204.962051039624,0.33830192124020425,0.9369760131771785,0.710319194449665,10,45
57,0 days 00:04:59.010567,1.4773079070936777,0.277459504192934,0.7994061108828774,0.8691081279509961,10,12
58,0 days 00:11:56.689880,16.683290575400278,0.12246737804947394,0.40161354321191295,0.1762795438558835,10,30
59,0 days 00:16:35.091430,0.061022497940484505,0.9745337917673089,0.11773128524452468,0.7810033235151845,10,42
60,0 days 00:17:23.485031,211.3816877553071,0.8122834399566984,0.3541056780306298,0.15608917867076078,10,46
61,0 days 00:06:01.546076,0.012970750030796162,0.4687060464237064,0.5740346123769162,0.49511848049871443,10,15
62,0 days 00:09:26.053014,5.217225531576669,0.6510652433331746,0.4191190116601393,0.47027483436053574,10,24
63,0 days 00:04:09.991924,0.0004733300090861769,0.3051676310656933,0.663151677418907,0.12689927269653112,10,10
64,0 days 00:08:15.975830,0.001733414344381925,0.7489204305947916,0.5781127287635749,0.8738396305221892,10,21
65,0 days 00:09:17.060102,630.7625333427917,0.6086855009907712,0.2743658684242449,0.5471058371280404,10,23
66,0 days 00:11:16.196988,0.8072646054558728,0.6761599045505647,0.16999464150103355,0.11087284033918399,10,29
67,0 days 00:04:55.299759,0.6585023455372618,0.1516584602092506,0.35170181173931636,0.5290052703224852,10,12
68,0 days 00:13:57.574402,0.011170131867335486,0.34855085837282723,0.11713621222013748,0.2325791964504983,10,36
69,0 days 00:05:15.064131,0.6874608277427738,0.9848694636376242,0.4300957136458212,0.8382586583921208,10,13
70,0 days 00:08:02.145199,11.5183136234379,0.6891491824965574,0.7586558813891593,0.7328513124926332,10,20
71,0 days 00:12:19.151773,106.74258044694712,0.6706771507092414,0.5718885010895435,0.6696612099917834,10,31
72,0 days 00:11:53.907118,3350.5217150646777,0.40308159086935524,0.3581687820844686,0.3451153128493082,10,30
73,0 days 00:18:50.774104,0.00013887860704202856,0.9723492628183049,0.3995426569764003,0.6909181682527265,10,48
74,0 days 00:18:22.403472,0.001282681050975033,0.33644099903546365,0.06942186948799901,0.45100168100955496,10,49
75,0 days 00:08:01.363939,0.043170991287563305,0.9539555194586022,0.1308678603215164,0.9045145126692137,10,20
76,0 days 00:16:52.184110,0.8600292044320191,0.9705827846022456,0.5512634938483358,0.6184509011435078,10,43
77,0 days 00:07:04.283641,1075.55675470883,0.6947689259588679,0.12553445204729827,0.5464552639221298,10,18
78,0 days 00:08:23.129355,1.554923961414073,0.7464367494827685,0.23943708573980801,0.46727569765381305,10,21
79,0 days 00:08:39.970639,9962.5802792977,0.9781626285775953,0.36254725993098913,0.2486459672302942,10,22
80,0 days 00:04:23.429918,0.20832773495462512,0.4528903387331087,0.08202569454828101,0.11497072495477967,10,10
81,0 days 00:13:13.519252,1082.1406483297544,0.4850276984666154,0.07249300034262297,0.31777980068747225,10,34
82,0 days 00:05:29.235373,170.49062007608887,0.8573754398662404,0.11494361214250097,0.686369393699757,10,13
83,0 days 00:11:48.944093,23.155672351189803,0.22555260488528395,0.9974497586784331,0.9104930101933548,10,30
84,0 days 00:06:22.768649,0.03476647307113034,0.5710491342697143,0.4750699183913747,0.4463439304406357,10,16
85,0 days 00:13:09.536607,0.2331501355864732,0.12713734646544375,0.0734529776808326,0.15288542141617434,10,34
86,0 days 00:16:02.014075,5498.243104409244,0.10363375631562854,0.052706738631261164,0.6847494251599847,10,41
87,0 days 00:05:40.567107,8260.132407920015,0.8704177450528936,0.7608843321948277,0.06224974122362015,10,14
88,0 days 00:07:33.848535,6.691874231960062,0.9768212402895236,0.985755700171706,0.18495088959396455,10,19
89,0 days 00:12:14.210932,0.0002177141663247615,0.5479880321043626,0.3287609580946907,0.907961899030571,10,31
90,0 days 00:04:54.148542,4.705442671800369,0.254734483443546,0.7380784131986756,0.8237367679354185,10,12
91,0 days 00:09:31.630173,495.5116929715507,0.5840833473480926,0.4267524690542998,0.30969545217642525,10,24
92,0 days 00:08:37.501338,5.890210494557345,0.4356859019378607,0.6457095487471353,0.5830629236132824,10,22
93,0 days 00:15:23.504646,8.584502905985055,0.13573254946350058,0.2525233415449922,0.3498752545650632,10,40
94,0 days 00:09:09.086489,2.313653308079848,0.23753575793209203,0.18020409668650506,0.27656320186875794,10,23
95,0 days 00:17:53.241486,2.7872028954744787,0.996665491370407,0.6259507619391125,0.4506777681884422,10,46
96,0 days 00:05:20.819693,74.0913532640338,0.4094941460537751,0.5131469892249745,0.9031444236167238,10,13
97,0 days 00:12:53.585640,1024.8701420682003,0.9691976257780316,0.31728510981450414,0.43335021984379807,10,33
98,0 days 00:08:23.355945,96.72780950086623,0.7615080956412432,0.39801731425938863,0.7131316738997517,10,21
99,0 days 00:08:58.248709,0.00042424394217198744,0.9672507018410026,0.7799338180074945,0.06265021134615334,10,23
100,0 days 00:06:12.144722,262.3386674655723,0.5376851507835348,0.32886237407423546,0.9980202809551544,10,15
101,0 days 00:14:33.011336,0.1621510254460432,0.8445835634219926,0.02640397351068495,0.0960757202740925,10,38
102,0 days 00:04:14.992326,17.54806167733949,0.7702736437090787,0.48370551519652233,0.4872147156773776,10,10
103,0 days 00:18:47.445363,0.00043713176002659743,0.8522038622156259,0.5300502471630802,0.549613707879858,10,48
104,0 days 00:04:09.705077,0.00016260652371670174,0.49208603647703775,0.7205720988519282,0.7282968077107962,10,10
105,0 days 00:05:02.962168,17.19780421654179,0.16971547065543213,0.4806981913392316,0.5096279892725543,10,12
106,0 days 00:12:21.771103,5535.61074933348,0.264758132743973,0.6340361919307441,0.3118431394611917,10,32
107,0 days 00:05:42.098839,674.5839113199911,0.7158009372708155,0.3245510756807154,0.2449743061270404,10,14
108,0 days 00:13:41.473573,431.4943491260261,0.8382505895257222,0.9820403091794884,0.9929987403945247,10,35
109,0 days 00:06:59.345108,0.002721506126372126,0.13668470849982695,0.8469712705832918,0.8943447064110764,10,17
110,0 days 00:05:59.742939,212.48350566180264,0.29578990017056767,0.5699972849787655,0.4706013042642987,10,15
111,0 days 00:08:59.588602,0.02261233899418633,0.6024271324758748,0.3692650017609728,0.4497801740912247,10,23
112,0 days 00:04:19.523988,0.00017966133267391908,0.9824228515068135,0.34289405483374213,0.9899207369433624,10,10
113,0 days 00:13:18.847092,153.11922926094906,0.7693089958781123,0.24923654637712803,0.08907952255044294,10,34
114,0 days 00:15:13.172020,0.00014213817856091913,0.3122255128952588,0.6423720425330733,0.3461857745824416,10,39
115,0 days 00:13:58.427902,0.09972775865486601,0.6742929419771491,0.7270320063919531,0.8536428047731945,10,36
116,0 days 00:06:58.881134,13.321638436406456,0.16065900545326367,0.2456522210647624,0.2963283084955812,10,18
117,0 days 00:14:45.091276,34.839922983931004,0.825778217980806,0.27928380395669644,0.7474486471023313,10,37
118,0 days 00:06:00.277626,4140.138797025413,0.36304253130244213,0.8666880140262505,0.7659045991274064,10,15
119,0 days 00:05:51.905604,4067.9199283370504,0.5544901699045489,0.3955116396719898,0.1732305636525615,10,14
120,0 days 00:06:32.538687,193.4419865660567,0.20286631260861332,0.9996348813163658,0.2297032773680172,10,17
121,0 days 00:10:48.492533,7772.751645812546,0.47673646710919515,0.6541960944587354,0.7196409622730161,10,27
122,0 days 00:04:04.526276,0.0009845605606937037,0.3546862199630554,0.677937863109456,0.012250123848744576,10,10
123,0 days 00:11:42.641384,3.9363261522256017,0.8761179477273351,0.012367818008145659,0.3831794595527136,10,30
124,0 days 00:12:56.104896,10.149049386472763,0.8908579763713989,0.8964565015365862,0.7671854970775912,10,33
125,0 days 00:18:28.022200,8797.952074571147,0.1603939512070554,0.8185524013699889,0.43108849114415315,10,48
126,0 days 00:14:44.274046,0.014341122435883818,0.7577948214745026,0.5362763622551511,0.1465758845367302,10,38
127,0 days 00:08:05.741035,2648.5026186417094,0.7143971789378063,0.7572319507701403,0.38797604918048356,10,20
128,0 days 00:08:47.117890,0.055689939048354564,0.9090363411867397,0.7211342269882406,0.6196193519289074,10,23
129,0 days 00:05:50.944889,0.09394452102971347,0.8019731249651436,0.36236710712621223,0.9959640077505046,10,14
130,0 days 00:08:23.687989,0.0005722470324892304,0.8688551195862326,0.26751478954023333,0.2601468364264494,10,21
131,0 days 00:07:21.154621,0.002364843930340572,0.5713423913187057,0.688394312286071,0.5715101903502603,10,18
132,0 days 00:10:26.282845,0.0002444029531060931,0.6485593187102716,0.7233894966644892,0.0915300021435902,10,27
133,0 days 00:16:20.291517,53.426901342248726,0.5006411284591206,0.12395788405133826,0.8425297616891063,10,42
134,0 days 00:04:06.144452,0.00020167091718043353,0.4762269640412341,0.6014940620558507,0.38694036976772983,10,10
135,0 days 00:10:24.425963,32.02387832883501,0.729200337354305,0.6367026328907195,0.9372616051436562,10,26
136,0 days 00:07:12.664804,0.005881350958348127,0.16992203495657288,0.4132214080544023,0.5593134511961098,10,18
137,0 days 00:10:06.552336,0.00016147616118624902,0.2631062755582983,0.7780004482036791,0.37818196383241487,10,26
138,0 days 00:05:21.376149,2.7299758583251768,0.28687990634247684,0.3859144836173875,0.865138828033995,10,13
139,0 days 00:07:31.768380,0.5455994405798182,0.564696426249565,0.540578171907946,0.19786173781929706,10,19
140,0 days 00:07:33.350845,5.355519199843838,0.33009977618758335,0.28869071549040615,0.05705946578448606,10,19
141,0 days 00:04:51.765323,739.9318801410061,0.9582174329554903,0.7474753759365066,0.527470964534545,10,12
142,0 days 00:12:11.342679,4912.3725852838625,0.6694237496142464,0.28136657608755866,0.596989790806331,10,31
143,0 days 00:04:29.986190,43.64856533171105,0.4599793658928364,0.16036588075576208,0.9564644489963515,10,11
144,0 days 00:14:10.719975,0.008193008503792242,0.7996866755042711,0.05521117263513421,0.0555005240838915,10,36
145,0 days 00:10:40.950269,1.0348797525461308,0.13317027943561355,0.2809935268455197,0.7112603640002944,10,27
146,0 days 00:06:50.849297,71.93345515143216,0.8913490636561887,0.5035570468173219,0.012563632430173444,10,17
147,0 days 00:07:40.100174,6016.193951187735,0.6125826605578201,0.648039021581624,0.5287064090665996,10,19
148,0 days 00:07:59.281987,15.355651657474478,0.9466283304062773,0.6280565775924187,0.3737411044675343,10,20
149,0 days 00:17:35.496045,0.005994175493517599,0.40631642610172103,0.27432943798719533,0.3350034571879613,10,46
150,0 days 00:04:30.503545,16.65113066792408,0.5032981362199441,0.6717638302780486,0.07673822978169087,10,11
151,0 days 00:12:39.910270,0.0013484565070831468,0.6193842119775825,0.04477930228858467,0.5594934731661826,10,33
152,0 days 00:16:35.418752,0.13298927846156702,0.3979364939919484,0.3170849918061882,0.41521995736733186,10,43
153,0 days 00:05:11.494687,0.06856148538911336,0.4912109647634765,0.04986186047579411,0.9182056875515966,10,13
154,0 days 00:13:35.626411,863.0869347324084,0.37670339043216006,0.3182939225209485,0.09930976921196999,10,35
155,0 days 00:05:13.222942,0.05196693225474297,0.9830239040670181,0.9622820544050821,0.3228791869282077,10,13
156,0 days 00:04:12.760074,0.0011239074422753964,0.44564985441504457,0.23939625970559336,0.8534237090754719,10,10
157,0 days 00:14:46.273050,23.58039671897921,0.510833966250154,0.45214452959621826,0.23958452565063804,10,38
158,0 days 00:04:11.155687,104.33817801797332,0.29190449351134484,0.1365653503335732,0.011288697191145558,10,10
159,0 days 00:07:30.325867,0.04733112554368575,0.9436576637889275,0.5236008348012859,0.8238056212334564,10,19
160,0 days 00:16:03.617705,0.0010697418370157214,0.34331566499429134,0.04629327539421192,0.2104447896206778,10,41
161,0 days 00:17:33.478503,341.5843578659173,0.4487614107837622,0.6847492999867307,0.01049877579665881,10,45
162,0 days 00:18:20.670377,228.0374904654321,0.47973236102667394,0.5335112509645378,0.6425817287829724,10,47
163,0 days 00:10:51.486504,0.00031344185540081764,0.6523418700192148,0.7682056638423064,0.33897570173808356,10,28
164,0 days 00:17:18.029137,7.8805464027755985,0.1760990629058211,0.05657602584841602,0.07404184883060028,10,45
165,0 days 00:12:49.242467,2.7898838752315998,0.7426115123120725,0.4862672535510952,0.6480294935594141,10,33
166,0 days 00:07:43.327007,0.03681448319643015,0.3820601147774757,0.23789562693292657,0.8864716143089446,10,19
167,0 days 00:15:46.041633,6.602556585815706,0.718097736647299,0.2872720497799363,0.9747313939620057,10,40
168,0 days 00:11:53.336742,119.04305055587962,0.3454176598929729,0.127007105114535,0.4366847785756329,10,30
169,0 days 00:14:13.303799,1267.8262886867126,0.4435518817409032,0.5784747265686891,0.8250370526306032,10,37
170,0 days 00:09:54.790120,2.5650344028770444,0.7429459276451839,0.12643178504104954,0.23245844139492555,10,25
171,0 days 00:04:13.026894,3.393190004934547,0.5076838973919423,0.9449783181192711,0.12440560705604575,10,10
172,0 days 00:12:05.196090,0.12294988313246508,0.3086205144077725,0.2834159005648221,0.7100820592245963,10,31
173,0 days 00:04:33.817571,0.0050616040561651185,0.3923081763611288,0.9670734308199217,0.9757058009711678,10,11
174,0 days 00:09:46.298599,1.5263427927513324,0.6123023171047984,0.6523222570528497,0.33010990405032403,10,25
175,0 days 00:08:37.376572,0.005433346036510107,0.4126230554225554,0.2407674378070988,0.8272899130037108,10,22
176,0 days 00:10:44.529435,33.03550441034413,0.5321264803170097,0.9830531468231951,0.006393021846466507,10,27
177,0 days 00:08:42.554770,35.224423368677485,0.9961183624355587,0.7594029790837228,0.7719398205745934,10,22
178,0 days 00:09:00.521871,1.151864339644221,0.20345561665951495,0.6862248269654838,0.8531375448568079,10,23
179,0 days 00:07:42.226056,4478.81629338227,0.6668798399705256,0.099981048994088,0.9056031151577021,10,19
180,0 days 00:08:21.518295,121.22714069505005,0.8482861353211443,0.13346212587336487,0.47787563337468597,10,21
181,0 days 00:11:43.596666,0.08441884189094954,0.7086282744271034,0.2404924054712522,0.5569397704484008,10,30
182,0 days 00:17:14.615009,377.6483669072382,0.8813071269022744,0.051805779177851216,0.5622766901226538,10,44
183,0 days 00:12:52.740420,0.010855145124511387,0.3738330205118431,0.24711528845098132,0.303384924352589,10,33
184,0 days 00:17:33.635825,0.004443690094387353,0.834633287102141,0.6281728256585606,0.22065682428695232,10,45
185,0 days 00:04:16.695331,0.006471881592996605,0.5527025623976287,0.6727178167553856,0.301730525958709,10,10
186,0 days 00:08:20.607958,2.03163977241441,0.6962594123834946,0.7819588396984729,0.1154676052805107,10,21
187,0 days 00:10:04.043284,27.698919175801727,0.78956372173813,0.8679394140163886,0.4236185866894371,10,25
188,0 days 00:14:13.304740,1.615324751936895,0.6871680433694365,0.7803748846185214,0.8437531964378294,10,37
189,0 days 00:09:10.201718,0.0022089292192789163,0.67938876719403,0.9896344848019777,0.7833849800322799,10,24
190,0 days 00:17:47.606325,0.008418978811555577,0.3444568855785998,0.12267354510345102,0.9502958898516781,10,46
191,0 days 00:18:03.417880,176.87894278825513,0.9300132240546279,0.8522442340183461,0.37958335473199056,10,47
192,0 days 00:09:41.360934,328.8747793330611,0.7967826294394119,0.37360747082931545,0.03429049016173413,10,24
193,0 days 00:10:55.051890,676.5896012266892,0.814817434952994,0.05752445200194998,0.047389981121961244,10,28
194,0 days 00:17:29.899854,1.706307518772686,0.7317167982186819,0.7733738739810508,0.7286840880119937,10,45
195,0 days 00:09:54.799214,0.000669414757379571,0.48541308225432833,0.2165337099924784,0.5030076575408123,10,25
196,0 days 00:07:10.119910,0.001674784836542573,0.24082897682551302,0.22841076993403028,0.06730733446982173,10,18
197,0 days 00:08:05.791175,0.002431687329079185,0.22043617063888055,0.8670564370054001,0.7836764231518502,10,20
198,0 days 00:05:22.770335,1.6131157905959013,0.5575766003034897,0.5133783828783527,0.4275552618914179,10,13
199,0 days 00:18:56.409353,2.0767502809533243,0.9942272693231832,0.409620330161781,0.7379706304924882,10,48
200,0 days 00:05:53.251635,0.03792516592360032,0.34387039562144617,0.2907198613361048,0.556778184362094,10,15
201,0 days 00:10:34.352075,0.09673014388029758,0.29275344140464654,0.21142332856959256,0.2215913978985612,10,27
202,0 days 00:15:52.906111,0.2956515885042037,0.692511524622769,0.45577778794673524,0.6415337822503127,10,41
203,0 days 00:10:12.275884,676.378109111056,0.9018227841936372,0.9258715827332086,0.8794244291956109,10,26
204,0 days 00:04:37.179391,0.02307461689058208,0.1784288915976976,0.5573370731948616,0.20772056587325372,10,11
205,0 days 00:05:11.001274,0.00013478588719103418,0.6924751935512482,0.27595664279629073,0.009244149016019554,10,13
206,0 days 00:06:19.713239,0.5388576063179064,0.40763475307581276,0.4109258556890082,0.4320789775799163,10,16
207,0 days 00:04:14.695307,5.9268839364377115,0.8207636493971717,0.3410855369558842,0.24601318772982117,10,10
208,0 days 00:15:47.704363,0.21110565260366243,0.8978131007265808,0.17750774082998,0.7101122094853513,10,41
209,0 days 00:10:06.620601,4928.473008771774,0.5923724581085233,0.6978420552631219,0.35919056360268986,10,26
210,0 days 00:11:30.749777,1.1875118114349712,0.699570837893312,0.29845142681723663,0.06209381186830654,10,29
211,0 days 00:06:52.382475,1372.6324713303952,0.5949357175808067,0.589511886275755,0.5832862059798227,10,17
212,0 days 00:17:16.428554,4.907783378884236,0.10109083617868254,0.6148483243018925,0.6391258584836852,10,45
213,0 days 00:05:39.844274,0.047303471291749104,0.9968475843437745,0.23441487534128233,0.8456073478890714,10,14
214,0 days 00:10:42.966729,0.002569647498361601,0.7760029235953955,0.5060665922052501,0.3184343466019115,10,27
215,0 days 00:05:38.237921,0.006406716721676593,0.36474750728095684,0.4840891982576825,0.9576793805557673,10,14
216,0 days 00:12:02.643508,6.231950682284854,0.10704739472558553,0.9218067075195658,0.366961738135963,10,31
217,0 days 00:15:43.060998,0.01587375222752239,0.8610457857579269,0.688723652056045,0.2111733410048764,10,40
218,0 days 00:17:07.624594,1386.691287824383,0.8338602315683749,0.49870668470191065,0.5883227200233605,10,44
219,0 days 00:13:26.092129,0.001512131466581999,0.8775725882190646,0.07811260159586156,0.37341255686803054,10,34
220,0 days 00:15:41.751565,0.00016633442988126017,0.8455967828961658,0.48292209993043644,0.2730415620466218,10,40
221,0 days 00:14:05.531673,0.002098842546696148,0.6858940418102427,0.4192656261303629,0.6602801008394995,10,36
222,0 days 00:09:51.299405,0.00015758461603140747,0.6195010185175913,0.8768699508336113,0.8620107085723822,10,25
223,0 days 00:07:00.136961,423.291098800966,0.38859259677350433,0.19537095632922857,0.36191872132256664,10,18
224,0 days 00:07:06.883730,1217.2081047113468,0.8391454284912693,0.7535350673084846,0.7990112199899856,10,18
225,0 days 00:05:11.581769,19.66969596898326,0.2248927052073384,0.4787187065234303,0.8772535150454052,10,13
226,0 days 00:04:26.771118,1.6151464751895659,0.4451367212113416,0.4169938301292824,0.4506418884536997,10,11
227,0 days 00:11:34.260361,85.18997728283664,0.588843476345819,0.6714713886253963,0.46512623962194755,10,29
228,0 days 00:08:36.625694,7.101590841937732,0.7859203444735883,0.31362102984988555,0.47822614080791104,10,22
229,0 days 00:15:50.687328,0.023317324165063998,0.6950385413598688,0.6744289529548914,0.9416658660127429,10,40
230,0 days 00:11:35.689822,9914.058285119514,0.43862427895107936,0.3787537898253922,0.7085323829947325,10,29
231,0 days 00:08:56.655989,71.40067056131146,0.6615194800623049,0.7937223705121306,0.11007657643620827,10,23
232,0 days 00:06:05.195585,0.002247231553975346,0.5725615959043662,0.05141799520489916,0.644197403802947,10,15
233,0 days 00:07:19.793854,0.00010292701944362207,0.3627985374576984,0.2792434623882805,0.7195616302770437,10,19
234,0 days 00:08:43.683058,0.0041236211633770255,0.6529871143951349,0.3670927350298314,0.42206147658395343,10,22
235,0 days 00:16:24.797192,9046.262018155006,0.6036116151654086,0.04830557878234583,0.41700812273740484,10,42
236,0 days 00:04:12.549348,0.1906033415197705,0.8131802530576907,0.8595003154626962,0.1494095414937413,10,10
237,0 days 00:17:41.484954,0.037294909262664176,0.13257708095827028,0.23601264064606053,0.040452968769925546,10,46
238,0 days 00:15:46.202073,2.9994219150822627,0.11882781461115748,0.34805482245317826,0.7844507725783008,10,41
239,0 days 00:15:56.465864,0.0030267785135573754,0.4998643100032908,0.05540055846564639,0.2836708135245264,10,41
240,0 days 00:11:44.764537,1820.791128031221,0.22774971190611865,0.897325412798395,0.12262513363893335,10,30
241,0 days 00:06:52.273274,1.6720541291060573,0.86950289294672,0.6245615321322538,0.9837360477056607,10,17
242,0 days 00:08:06.534197,0.3621809217516072,0.5752646989659947,0.9718175856189326,0.480315428203162,10,21
243,0 days 00:06:29.533428,0.007045477902355104,0.8782873323372308,0.1899175358243171,0.9059975069300698,10,16
244,0 days 00:16:29.815144,3.8451239669712503,0.9412235705101987,0.40981960497695435,0.6727835936117159,10,42
245,0 days 00:08:13.754705,43.92261215827912,0.2799744277213445,0.6392335619519917,0.7988964931811807,10,20
246,0 days 00:08:16.843957,0.0037440758675302737,0.16471079148144985,0.4643196700019428,0.9264703296420213,10,21
247,0 days 00:06:04.173779,100.4956937197103,0.1982292432123121,0.07421228636773265,0.03144365783949199,10,15
248,0 days 00:07:56.053878,19.865478129325073,0.7997931845853025,0.9780076212662536,0.7804476438965636,10,20
249,0 days 00:06:00.809231,0.008909034512227125,0.5364495205031163,0.8695331468964621,0.5620835651938522,10,15
250,0 days 00:08:02.489330,632.1719974500768,0.22858029455302992,0.4518145083955368,0.6671665060650095,10,20
251,0 days 00:09:31.159475,818.5524595712258,0.2076793420207823,0.7950783115115888,0.12160181339700626,10,24
252,0 days 00:13:58.780408,36.73282842784043,0.7024293811283276,0.09864062722548401,0.3172643401231888,10,36
253,0 days 00:11:24.223851,1406.2069438015374,0.27563297678021653,0.6437570578005455,0.5651589107017985,10,29
254,0 days 00:17:32.055067,5.065679168057272,0.2609136492444985,0.056253351473075204,0.48617408791448635,10,46
255,0 days 00:17:07.081262,0.0005902897301546157,0.41581867309335485,0.6307311350951652,0.6531911970158452,10,44
256,0 days 00:08:39.399957,0.11794167791526228,0.7664898685051486,0.29462836687484206,0.22682392925912254,10,22
257,0 days 00:04:09.598513,753.1156063150457,0.5301119834628714,0.05455750153250763,0.6020884912047277,10,10
258,0 days 00:04:09.433041,67.06351598269137,0.8968742493522094,0.17378657671550923,0.5705038825959872,10,10
259,0 days 00:05:20.211291,0.00019056426464073478,0.8958661727461122,0.21475926569079148,0.5221174766357682,10,13
260,0 days 00:04:30.254318,0.0018877435623220003,0.710891154982782,0.20227903013117843,0.7964591359585339,10,11
261,0 days 00:15:24.532397,0.05472811172807906,0.44602515235850837,0.4405809566120003,0.06995151615068629,10,40
262,0 days 00:09:01.044954,0.0014830504029995303,0.49072610321807053,0.1867592490578415,0.13106417606572174,10,23
263,0 days 00:05:46.511587,0.0001525080606586562,0.12638695082782128,0.6508662508581033,0.7046756799241242,10,14
264,0 days 00:08:08.860388,173.57064536475966,0.3601689657382504,0.25668798743745813,0.14128863938115932,10,20
265,0 days 00:14:47.652047,0.001816310296005636,0.17727805309551825,0.3979499430758584,0.009593950777016413,10,38
266,0 days 00:05:39.190352,0.0016641604159900872,0.9051515333279474,0.8720132808490779,0.43103026149093737,10,14
267,0 days 00:06:06.437728,1.3966899279689162,0.1253427652004078,0.8054564194633643,0.5160099278930536,10,15
268,0 days 00:14:47.116246,0.4404097312776547,0.6824995788281015,0.8435552165461938,0.25774940782210154,10,38
269,0 days 00:10:01.652837,0.007704710401680668,0.3559281956096061,0.636644051497144,0.7524107552331135,10,26
270,0 days 00:11:19.940700,5608.400981479602,0.751027633664238,0.9184580695338038,0.11256262042263088,10,29
271,0 days 00:06:06.412146,3458.8524680763253,0.6587937780938168,0.0991685551263873,0.8757790023212823,10,15
272,0 days 00:10:22.054627,0.0003568588667158226,0.9784486600986217,0.8451975782510548,0.6451988767818962,10,26
273,0 days 00:04:31.258606,5341.324936618952,0.5405904391724956,0.6001112708739218,0.3926135421616017,10,11
274,0 days 00:10:10.522459,0.07506476010960005,0.4284585617973494,0.9543298199389962,0.2737816622804946,10,26
275,0 days 00:12:18.223903,307.9315196118055,0.5009834200165938,0.15096002860305344,0.1630280209901387,10,31
276,0 days 00:14:08.945143,0.000556675728836865,0.3047661402430938,0.7789230858926907,0.5827175993577693,10,36
277,0 days 00:04:22.806050,0.0797163035683081,0.9145375880340765,0.6179325915898775,0.16406970303438062,10,10
278,0 days 00:06:20.419319,0.5863950640587311,0.46006422612236386,0.1353620723799302,0.464219680379659,10,16
279,0 days 00:12:45.297411,0.0004160479233483771,0.5876187668671193,0.5314643389446903,0.23509587856025438,10,33
280,0 days 00:17:48.763079,0.0016185338242854157,0.4930514221614154,0.8624743151899937,0.9079105373219376,10,47
281,0 days 00:17:40.915633,0.09848803735765514,0.10997218130404526,0.2943556916218876,0.9523261142446158,10,47
282,0 days 00:13:26.613300,0.0010429440959004558,0.28159919220389734,0.7519406754048165,0.4464161908334531,10,34
283,0 days 00:04:09.086984,0.0038296079195433135,0.9425427750879046,0.7185127738765592,0.21239091505013907,10,10
284,0 days 00:15:19.829016,0.0003718396439928818,0.25655848263824854,0.6323451241315102,0.9062101489786939,10,39
285,0 days 00:05:25.734783,0.1481306483433798,0.31840655072480434,0.8291089197025966,0.935950463020738,10,13
286,0 days 00:04:35.375932,2.2086256380967284,0.7915749381441626,0.19933923803256196,0.4320870201181134,10,11
287,0 days 00:07:12.346769,8.121173072117893,0.8583999788176366,0.1684637660729433,0.45764298813844084,10,18
288,0 days 00:04:40.224212,0.050868512045795934,0.43104266251862633,0.45455024244105013,0.12896040403674502,10,11
289,0 days 00:10:09.618844,17.422884277478975,0.6395421723109009,0.877822762216643,0.9772618239147535,10,26
290,0 days 00:15:32.235493,2.7711700025913912,0.10020454596026654,0.42745958364763803,0.44627311773898315,10,40
291,0 days 00:14:58.717916,2928.9701240090885,0.8286637154597242,0.9737731724217726,0.35989192418756455,10,38
292,0 days 00:04:05.424842,0.0009177561865394723,0.6040042331990105,0.10518167561122106,0.8814739426787254,10,10
293,0 days 00:15:54.925709,0.00019160564595774182,0.15212452248507327,0.4609518617939824,0.6947310255190234,10,41
294,0 days 00:04:11.869131,0.16860689315014696,0.49926182495546645,0.1448990089842847,0.9593703202303068,10,10
295,0 days 00:15:40.542194,32.43762970766998,0.5452442878221919,0.017135704241926057,0.06645718430690173,10,40
296,0 days 00:08:08.005706,3461.0010530260774,0.4621173338942014,0.5360479257118758,0.6058383442523539,10,20
297,0 days 00:07:56.430299,33.91356142685997,0.4540115862266697,0.8242068162974907,0.22197698948513722,10,20
298,0 days 00:09:32.580544,1178.7872748070006,0.563808818727371,0.5208243947241424,0.25195732249795333,10,24
299,0 days 00:13:23.609537,6.275061684405599,0.14315664402616257,0.21255555794289058,0.9144682855490922,10,34
300,0 days 00:18:18.101085,34.08010973926405,0.882399058896743,0.9509404233103886,0.4299551480259104,10,48
301,0 days 00:10:21.926460,0.027710188372855243,0.5222066097630039,0.21665183343361707,0.7680502547414225,10,27
302,0 days 00:15:43.100797,0.0008159935619924566,0.5152569142397685,0.23350316905353152,0.13652474327603525,10,40
303,0 days 00:05:17.748258,1.6300148884396257,0.44651240750292354,0.5068499378444016,0.9141642586954226,10,13
304,0 days 00:07:39.821877,0.0034306081565565146,0.33933748889047943,0.4107076200208016,0.5436364049283462,10,19
305,0 days 00:04:17.910239,5834.108335062137,0.15722281604263524,0.15997655375189326,0.07274027280310857,10,10
306,0 days 00:05:38.343172,4394.242314959797,0.47486758014916564,0.7438230090692955,0.5366092297801933,10,14
307,0 days 00:09:07.392729,0.003093579908596927,0.8877848463591133,0.03652504584161748,0.7765151500027221,10,23
308,0 days 00:04:54.782995,0.00012180045147221673,0.8543360900079517,0.7301209978693722,0.4123875468572309,10,12
309,0 days 00:04:57.189667,200.84154185162728,0.4643172990885458,0.8486708519045817,0.3521945327442705,10,12
310,0 days 00:17:23.429353,0.00016572715078298325,0.16636485609298624,0.267505703323482,0.97461510433631,10,45
311,0 days 00:08:24.473420,8.010806557044482,0.343490525523789,0.8164389645403305,0.5532017350285412,10,21
312,0 days 00:07:19.576306,472.4326964648911,0.6392247674114976,0.45053617251204203,0.6689548305315487,10,18
313,0 days 00:08:36.050890,1.9872960239469017,0.6424453476267122,0.32833101741155896,0.9986359666711293,10,22
314,0 days 00:16:20.740248,1079.7770290517255,0.8356679616161646,0.3834018740950432,0.4521274695354234,10,43
315,0 days 00:05:10.809156,0.6114001902280165,0.6716137416250431,0.5950776689397135,0.29387316789719165,10,13
316,0 days 00:08:22.049613,0.006682007458214425,0.2817267543966039,0.8478222226326488,0.6814497751374323,10,21
317,0 days 00:13:38.180422,178.1853715581742,0.6458210534902818,0.5883799409625096,0.88100806929528,10,35
318,0 days 00:06:29.139279,2015.7871506408858,0.6228249018029796,0.6465484940682424,0.3048299566925784,10,16
319,0 days 00:15:21.681251,1940.0912693688997,0.3961869060749341,0.11753887186065771,0.4845141506249647,10,39
320,0 days 00:18:18.809395,2.115912890998429,0.6278300933804417,0.9222742063785094,0.8272946493306357,10,47
321,0 days 00:13:55.955311,303.00757782750077,0.9013631726096146,0.23985449281375376,0.4818494897211951,10,36
322,0 days 00:04:15.697135,6.050797351327403,0.5070379061408081,0.19796929057318252,0.8030863359627384,10,10
323,0 days 00:16:53.411331,0.32320678979929374,0.8343438971385558,0.1442104270310461,0.756359318095607,10,44
324,0 days 00:16:07.901412,0.008411673068061188,0.8182097717822651,0.7543750918231377,0.5450701094808058,10,42
325,0 days 00:05:48.396158,0.0004126045118533946,0.8064279096091599,0.6798355413308372,0.31293621246203385,10,14
326,0 days 00:04:11.382045,1.6581516443583053,0.37257435078569834,0.6146495430750528,0.040653691025495875,10,10
327,0 days 00:04:06.877831,0.010772915414907658,0.3021115909228792,0.052333963558363034,0.09793092384637525,10,10
328,0 days 00:07:28.175519,6768.98295663939,0.43460031304666324,0.5159376363911601,0.3821701064053191,10,19
329,0 days 00:11:20.602910,0.32384856671637385,0.8166242445189058,0.44703312310686955,0.828961416921132,10,29
330,0 days 00:04:55.013869,0.04305221671083194,0.5950640528087441,0.7465051751916515,0.44410531021904753,10,12
331,0 days 00:14:43.665212,0.052532090547712025,0.37680772693968667,0.42997953828495394,0.14801386178860088,10,38
332,0 days 00:18:51.896560,4.938720504525993,0.7505161782502973,0.5721305959247773,0.8279280626232389,10,49
333,0 days 00:14:16.179232,0.2020356883653428,0.18230825317260324,0.8809102283718787,0.6710698622439223,10,37
334,0 days 00:18:57.237556,0.004070557278441535,0.6967026561009366,0.3001021680598706,0.4865078600593409,10,48
335,0 days 00:14:58.556959,217.10326610953365,0.21498015258503497,0.907079624537368,0.7331367707195919,10,38
336,0 days 00:06:03.825312,0.0005607809213432149,0.20973800389054248,0.1123147428109629,0.6465051264997447,10,15
337,0 days 00:10:34.479697,2.144372050470789,0.19241649183534468,0.9013704729332387,0.8655780514466435,10,26
338,0 days 00:04:53.965747,0.05119005737132216,0.563342701294811,0.3879080982540696,0.5666693128677802,10,12
339,0 days 00:05:28.633761,42.76949590618144,0.9236257771517965,0.8412256627633952,0.5678089677043793,10,13
340,0 days 00:03:56.915401,109.63705748235702,0.10743981363625735,0.7031083765696033,0.39667177274523524,10,10
341,0 days 00:04:08.980225,0.01349154750499695,0.5132168582807303,0.29384984719686474,0.48408308496706365,10,10
342,0 days 00:07:27.226907,363.536038170992,0.9386304200125513,0.4599709992576809,0.7601880678740761,10,19
343,0 days 00:06:47.153076,0.0005588375984112681,0.8157646393876385,0.3766713951540214,0.04093851671888915,10,17
344,0 days 00:10:22.964205,1.8773553688069777,0.5528442205577682,0.6850065244268964,0.006789558508855431,10,27
345,0 days 00:04:29.146841,0.05354552643603784,0.12469791845544193,0.6577307659452495,0.3394889206011975,10,11
346,0 days 00:11:22.396647,0.06192686816815365,0.7046903855541551,0.7084657094263249,0.5782035507673388,10,29
347,0 days 00:17:20.045385,0.10666700395537858,0.2082852763744373,0.048229253573097,0.6387509092151189,10,45
348,0 days 00:14:55.631599,0.31383395755070387,0.6648045042206562,0.020379398381993374,0.5638427313005079,10,38
349,0 days 00:09:52.721996,0.02974398313045484,0.7523795334070206,0.20609344390162218,0.12972110017073524,10,25
350,0 days 00:06:45.136518,28.90939315246617,0.629355875461676,0.6582579669856146,0.8927649677921224,10,17
351,0 days 00:18:11.017221,0.19415846904385997,0.4021666171345126,0.9672860481930857,0.12573495617650765,10,47
352,0 days 00:12:42.575833,1.5366923646911825,0.32400371832905395,0.36150004113137607,0.377295430707949,10,32
353,0 days 00:05:20.522517,308.81022660392125,0.3552156787793267,0.39969357936127387,0.005205406107168908,10,13
354,0 days 00:14:23.975892,0.00013590963879563553,0.8971879148186488,0.9554214294847638,0.47516572627404385,10,37
355,0 days 00:06:46.985656,13.000350713442497,0.5758839028337602,0.15514327785880572,0.26994375787981106,10,17
356,0 days 00:06:50.688759,0.024811509649940378,0.6062021185247481,0.1939410578126925,0.5145381412100453,10,17
357,0 days 00:04:54.898810,0.0227259323150845,0.9985315266891773,0.2136021288339592,0.36130431454606693,10,12
358,0 days 00:08:20.035258,3941.916500793695,0.16575978105070577,0.7099848111276312,0.31052446406207457,10,21
359,0 days 00:06:46.495548,8245.406378425527,0.3355885699009961,0.13024828526535726,0.14347093783847942,10,17
360,0 days 00:17:14.793495,1176.461051410897,0.4909000794691064,0.1508007333526126,0.3680307771666327,10,45
361,0 days 00:06:26.344559,0.0001883331532994052,0.3690093234506795,0.7501821655241186,0.9575291764385754,10,16
362,0 days 00:06:01.660587,0.0015494302313153515,0.74108072021151,0.5442386174708804,0.6282346453096167,10,15
363,0 days 00:10:06.507168,0.0012425060912161176,0.3656729995867879,0.3018827234246482,0.6548803838997255,10,26
364,0 days 00:14:13.711301,0.407087182062181,0.6003869408927214,0.37689456837183416,0.47395043685935123,10,36
365,0 days 00:08:07.813666,2910.6398523475254,0.4639085276599476,0.7626545614980798,0.7634199333459003,10,20
366,0 days 00:04:26.625212,4.474068187854265,0.8599204469589208,0.6870856311950639,0.43074514672086506,10,11
367,0 days 00:05:19.036419,206.90966038499832,0.6526409951939832,0.9881648761737997,0.033891313020648295,10,13
368,0 days 00:08:48.028897,0.0636900205763132,0.41348050694421146,0.3999041579653605,0.6936801696246383,10,22
369,0 days 00:10:11.909068,2821.5341947638694,0.3518261507424322,0.38187613786860153,0.3325752891268834,10,26
370,0 days 00:15:24.712308,0.010051936552375905,0.9640915020896502,0.5599905038247622,0.5964916698118591,10,39
371,0 days 00:12:38.909789,0.009287442810396057,0.17239823494069728,0.5074363051438412,0.7681100977551678,10,33
372,0 days 00:14:21.656544,0.6084252995530183,0.5723462140957274,0.5318199298643419,0.47841775011399756,10,37
373,0 days 00:09:23.757548,0.29498449269134047,0.8512861411533021,0.6002182946236053,0.2250209363636252,10,24
374,0 days 00:17:36.956578,0.0018269407656985753,0.9539890977033467,0.6569664878060395,0.5005571271879511,10,46
375,0 days 00:08:20.218768,0.002259432918414902,0.6782494600730591,0.41506114163448854,0.05766788581645499,10,21
376,0 days 00:07:36.442062,0.00026004375949692055,0.36260644250335283,0.2526645318055671,0.7454352302895696,10,19
377,0 days 00:04:13.335915,0.016071990001095167,0.6549617343866696,0.3278872691813439,0.047862701140344965,10,10
378,0 days 00:04:06.927105,4822.454246641325,0.278091046769788,0.5215420306035554,0.6290802168398912,10,10
379,0 days 00:18:39.486607,0.004890681000879133,0.6723731321685293,0.9491957269425338,0.13104754533084007,10,49
380,0 days 00:15:44.791227,1.8779845862727733,0.7687066495959605,0.5649206804794732,0.5857676543385841,10,41
381,0 days 00:04:52.996758,2022.9110181818392,0.6247809453345867,0.44091577238541796,0.21253105458344967,10,12
382,0 days 00:10:51.364457,0.0345238002641117,0.31134288363981377,0.8962655686792578,0.5047471288813116,10,28
383,0 days 00:05:22.961042,6997.4711172528905,0.3331294341281513,0.049695133284154834,0.7479825717165288,10,13
384,0 days 00:06:16.955993,10.790408695007052,0.6891100012736301,0.3414614943027857,0.9334248860314015,10,15
385,0 days 00:12:14.661055,101.5962677124733,0.825796029705664,0.39932385639833556,0.07229561187533917,10,31
386,0 days 00:13:08.101250,0.009266541621840457,0.624588376483171,0.5073508836224805,0.7307463365031959,10,33
387,0 days 00:05:57.051425,0.02113827438915476,0.6711716441514176,0.8163838837022792,0.8942300784594024,10,15
388,0 days 00:15:06.915925,0.19331592296324984,0.1880992943696118,0.5745098609565011,0.491240273665169,10,39
389,0 days 00:06:10.062694,0.009533270473224307,0.4976769384033257,0.23260365665817595,0.5039856455043142,10,15
390,0 days 00:04:03.073836,6368.645731735595,0.39122073606318686,0.5407362356094301,0.7102410229117376,10,10
391,0 days 00:05:58.831597,2.471634412367805,0.9348456667027953,0.9161639420255747,0.2904289416956358,10,15
392,0 days 00:05:18.636694,0.0024124190439138004,0.31518795588632254,0.5657389675589064,0.36877667653459845,10,13
393,0 days 00:13:25.242749,0.00015078809255975352,0.3503340603017293,0.482307639301418,0.6620566257336321,10,34
394,0 days 00:18:29.304453,0.00013162039056490688,0.9477737075803102,0.846827227782076,0.3490080366174355,10,48
395,0 days 00:05:17.961704,0.00027749905750968685,0.2048709745384632,0.9829126737369155,0.41939107981800716,10,13
396,0 days 00:07:34.883236,0.03281627103127756,0.3442549597724417,0.1682634606755999,0.7170271396719595,10,19
397,0 days 00:05:05.494082,0.21632434185226185,0.6906894810092731,0.9746600504568721,0.2286636054678728,10,13
398,0 days 00:09:02.345818,34.78341884422918,0.2813847681018154,0.5659184393226394,0.016738717187290808,10,23
399,0 days 00:09:06.079212,3.9695640213220367,0.8096066620609998,0.4901019624336618,0.46018640143850764,10,23
400,0 days 00:14:51.070108,0.023045205432861475,0.12618365131117967,0.2204722733808025,0.8999980592180664,10,38
401,0 days 00:06:04.525051,0.030561052337833718,0.6955704461749316,0.10616576286626937,0.46707998522819794,10,15
402,0 days 00:10:25.366728,14.930491863817881,0.4869762191495619,0.8286287291091146,0.9858632092576006,10,26
403,0 days 00:08:00.610077,0.1464519223973799,0.7715615932653981,0.20629189238191054,0.018434103693479753,10,20
404,0 days 00:04:44.581387,0.007618324446980794,0.2522989659595175,0.3391305014349864,0.23268508743557992,10,12
405,0 days 00:11:06.671123,9928.378928696895,0.20117991560343396,0.7050855561922026,0.2198977387039771,10,28
406,0 days 00:08:30.522066,0.0008180149071712524,0.6776338475800414,0.8850993881656734,0.9789623795422285,10,21
407,0 days 00:05:28.165361,0.6727854181871068,0.7619847059551538,0.9912931532326075,0.37294029376476967,10,14
408,0 days 00:12:04.231596,1.0188903849987505,0.29164330043669323,0.924121778663358,0.02117849940683858,10,31
409,0 days 00:06:11.692143,0.013040140742307095,0.8141535481363923,0.5404687643759248,0.7582464456717214,10,15
410,0 days 00:12:11.408545,9714.291790300538,0.2143103540029775,0.049711598569732715,0.3103000017702141,10,32
411,0 days 00:06:39.080366,0.0009322092301245774,0.47657882710425403,0.5970850673707263,0.6672522363465466,10,16
412,0 days 00:09:53.598524,1.5236318540382106,0.5748584799289164,0.7333495130685865,0.20426179218091844,10,25
413,0 days 00:17:59.981149,0.02517367381312378,0.8341636702916955,0.9500119272425127,0.5851807774393103,10,47
414,0 days 00:17:28.073205,129.65401554060716,0.28855994667604057,0.18285900496749083,0.7207132414941512,10,45
415,0 days 00:10:31.918876,0.005401654695633835,0.29941580918793465,0.011273967203589376,0.631368703602615,10,27
416,0 days 00:11:51.258585,2656.58725168864,0.8645003624114944,0.2528566651507159,0.40489264062924557,10,31
417,0 days 00:08:16.726408,0.027711492327218958,0.44885422208608783,0.39996067874732416,0.0350258040112601,10,21
418,0 days 00:08:06.692400,2360.8209752617954,0.372755394134763,0.6502227791619125,0.05998530049575823,10,20
419,0 days 00:06:50.131434,1.4414820214864796,0.3854169394637108,0.8740471591733344,0.5672649597389239,10,17
420,0 days 00:04:14.574553,28.84688018556475,0.13625803771562395,0.19911408902625694,0.7901379396384354,10,10
421,0 days 00:04:38.469452,0.0008807355349759271,0.7179330510240344,0.6457932382363495,0.9698676997439307,10,11
422,0 days 00:14:45.194138,0.00010265204175892826,0.44567891425136585,0.266979781194409,0.12326722895721365,10,38
423,0 days 00:11:35.631814,1.4109817657364983,0.22756239713698445,0.17136115978698463,0.48543605827192915,10,30
424,0 days 00:04:06.469307,0.0003986704167052657,0.7801301299393922,0.0379521715198145,0.04589140840883632,10,10
425,0 days 00:04:35.276307,3.0327603187376484,0.5749068944490772,0.27422022811875324,0.8732560799943697,10,11
426,0 days 00:04:30.207946,81.38939382714904,0.2859272326861181,0.89132009547832,0.5813026192018051,10,11
427,0 days 00:06:39.587831,0.0010803555325380413,0.7424859141173592,0.3896258087028123,0.9386137648091729,10,16
428,0 days 00:04:54.697826,0.7960866787217684,0.3832444306844851,0.21191043954801886,0.21867938241688767,10,12
429,0 days 00:09:17.627131,0.1680306137176676,0.1297963190624688,0.8100000262611254,0.6636934844467527,10,24
430,0 days 00:04:28.903065,50.72804152239964,0.16404553673373218,0.992387121939212,0.4831542746873613,10,11
431,0 days 00:07:50.068429,2755.8176880257975,0.930859603583724,0.4831988310436087,0.5121053985804486,10,19
432,0 days 00:10:33.619061,4.655268470679172,0.35493421019670024,0.05346028381477642,0.5507608441143076,10,27
433,0 days 00:05:37.724403,263.29114356119766,0.5349732534199411,0.6747137686459536,0.16208657982807306,10,14
434,0 days 00:17:08.874277,6298.538932339142,0.35418373269260495,0.6733896054257548,0.9023826310521049,10,45
435,0 days 00:14:52.851494,2.8742908011466697,0.3439778908536064,0.2847341523458986,0.6837483727049057,10,38
436,0 days 00:06:06.291150,18.14248877783835,0.9411532333050653,0.0554397988818344,0.10395451783217047,10,15
437,0 days 00:17:03.889331,2.4760270751199402,0.4122229212685544,0.35969556612894016,0.25541019812687904,10,44
438,0 days 00:06:21.486115,0.005482888186999504,0.6999785728635477,0.4727448163740044,0.15144074010975872,10,16
439,0 days 00:14:01.494250,0.06413883172848388,0.4332238062191116,0.03501124542711758,0.6429832619663626,10,36
440,0 days 00:07:10.895286,0.478160125882364,0.9797937160791067,0.8046165250716798,0.8951033737794037,10,18
441,0 days 00:05:10.783013,3.529519789184768,0.3174408198411753,0.6348993042534424,0.27441194956794956,10,13
442,0 days 00:12:54.428144,3.58314006047595,0.7222320781496827,0.15362104923976144,0.5344054684883106,10,33
443,0 days 00:14:17.193996,4502.940769196203,0.5340497860503787,0.06409589723176445,0.887229602102088,10,36
444,0 days 00:17:56.231852,0.001077236837697717,0.9952403491705779,0.4678980707606686,0.34924200172714703,10,46
445,0 days 00:06:22.258417,0.40150988789055025,0.8764492397878908,0.8561510483979035,0.0018811374957742322,10,16
446,0 days 00:13:32.705211,333.7665217146874,0.6649686921150604,0.29586790094263343,0.6113732223453697,10,35
447,0 days 00:15:44.851447,1.3672349928382226,0.1450886201749731,0.7999244004273766,0.17210141990457783,10,41
448,0 days 00:13:41.053869,110.57145749438182,0.18006071976142696,0.9704529054565668,0.14307245558535964,10,35
449,0 days 00:04:09.668509,0.003143181069516729,0.2871520328061784,0.13360803697451443,0.3084255315974477,10,10
450,0 days 00:05:21.400344,0.0041164750099227584,0.8008603335951958,0.8994098328311473,0.13208675132816539,10,13
451,0 days 00:09:26.767200,0.00988813564471547,0.1498951748043031,0.10790413752560798,0.8516540991581091,10,24
452,0 days 00:06:45.316253,0.00024771728642076146,0.17377611090994943,0.22395788134519043,0.6568188087173659,10,17
453,0 days 00:12:09.217683,20.444789275687278,0.38147490419998253,0.6271253155225274,0.002084711583845933,10,31
454,0 days 00:10:30.511640,0.00023779339925493419,0.27584657783830563,0.17269514195537886,0.4907731991866592,10,27
455,0 days 00:05:37.408473,863.466537547198,0.6516390382885504,0.41720469512235125,0.8028060640768091,10,14
456,0 days 00:07:34.483556,0.9306830958525628,0.3525145761508085,0.6290783890492067,0.9746378808255094,10,19
457,0 days 00:10:17.437961,162.0166347484767,0.42243685469415504,0.011571776481438078,0.388518495389803,10,26
458,0 days 00:10:58.795902,0.07862968713272972,0.1204678096772921,0.8008633010905185,0.4190870045621564,10,29
459,0 days 00:18:28.550630,961.0924679285113,0.28932857208804075,0.12352281531610397,0.3650234132256729,10,47
460,0 days 00:11:47.168291,0.02725192799780596,0.8991439562854406,0.6286471902431394,0.08828125538842824,10,30
461,0 days 00:07:59.913522,6.614257584385081,0.9632525502720604,0.6686399254628234,0.8698051993699171,10,20
462,0 days 00:04:32.849244,50.5695720005347,0.4293241149635586,0.4896458587854541,0.9248938005699416,10,11
463,0 days 00:04:22.298403,0.0001662104059418376,0.7140796724935229,0.5589259646415339,0.5295868404653831,10,11
464,0 days 00:04:06.343664,6028.186655870511,0.6768847116954617,0.6006900509457551,0.7576799878454404,10,10
465,0 days 00:06:55.789675,0.007886505288613614,0.641130836259414,0.955502704870338,0.37460235503758943,10,17
466,0 days 00:04:10.880820,0.12094073673658225,0.19434465467505002,0.8309423023037913,0.7895687246115366,10,10
467,0 days 00:05:19.481972,0.0004229841755830136,0.5430401646340158,0.30345299574146267,0.21482889813250317,10,13
468,0 days 00:06:27.204675,28.146346545291493,0.462076136360702,0.9823914440518703,0.5368458656920724,10,16
469,0 days 00:18:13.441674,0.5321818935315769,0.36878373387471464,0.5222267640038946,0.7900109807773771,10,47
470,0 days 00:14:51.984342,0.003286761763875893,0.1813543967995748,0.3688868778251773,0.8391919257868681,10,38
471,0 days 00:18:16.856806,200.70022222762728,0.2628989111348965,0.07134478632994928,0.38734529927394146,10,47
472,0 days 00:06:26.270758,0.021811731758847184,0.7448623490356824,0.07357913358440805,0.13821782933684268,10,16
473,0 days 00:13:44.949744,0.00012463035812686408,0.3655383879474817,0.7732229696076285,0.7330686635396464,10,36
474,0 days 00:15:33.359675,1438.8828365875618,0.6534524361598957,0.7028774889106422,0.7555398995113455,10,41
475,0 days 00:12:49.140078,0.004761676408910096,0.20527915881291559,0.5694957331761626,0.9881799629460349,10,33
476,0 days 00:04:50.965917,0.30162297196139676,0.21349626217709597,0.8393842542713948,0.35859565495587276,10,12
477,0 days 00:04:50.923428,18.914720700460435,0.4710414656536729,0.745763905995855,0.3604097021930822,10,12
478,0 days 00:10:09.802637,2914.444091743995,0.18553097640747546,0.1250647566439363,0.2545694414830386,10,26
479,0 days 00:04:21.062689,0.0001941390863837671,0.5961141400746177,0.4178969165981328,0.140648961499787,10,10
480,0 days 00:08:50.907676,5286.218757747343,0.3783128391835987,0.24807041572571015,0.9927592161609531,10,22
481,0 days 00:18:52.439164,0.0031963286305068885,0.7540606490594562,0.47156413908011474,0.2627360495184057,10,48
482,0 days 00:06:44.630396,48.51236270574993,0.24460289230418292,0.51282206753153,0.9010838221470386,10,17
483,0 days 00:07:20.689941,5085.808629395124,0.7472207880890519,0.1174741005756261,0.1941168788008235,10,18
484,0 days 00:05:36.913862,2826.7086519773225,0.32484876672941265,0.5944418967913936,0.10283681158859148,10,14
485,0 days 00:06:05.368780,0.45746123833399827,0.4042017358446839,0.19545832022551035,0.38238361974069535,10,15
486,0 days 00:09:10.859400,0.0007612002874139112,0.7915584616939381,0.6622606352945156,0.85730283389257,10,23
487,0 days 00:10:35.182048,0.0011299575750437433,0.14708731575657963,0.7019285772021517,0.1566878841899001,10,27
488,0 days 00:13:53.360900,87.33995861912285,0.1376909842131487,0.4800367622886617,0.6073097005134067,10,37
489,0 days 00:12:49.715695,277.63106491816234,0.9731092184752542,0.6213117712415477,0.4187017147752101,10,34
490,0 days 00:15:38.734600,0.0005718742444018241,0.9917230871955137,0.49623748715500515,0.6807765170890209,10,43
491,0 days 00:07:41.601560,88.1417804246816,0.35950549872356163,0.73412826748657,0.244299911413431,10,19
492,0 days 00:09:22.366613,1346.551370966566,0.40218807007799895,0.12843255032097572,0.4603787620533236,10,24
493,0 days 00:08:45.331033,2200.880020632821,0.1238165021094146,0.8723621553678144,0.7944605820238222,10,22
494,0 days 00:07:21.525489,0.07258488531934013,0.6749808662564762,0.4166936882069818,0.9871415269996557,10,18
495,0 days 00:12:05.777593,1088.0562516966538,0.38448621436370245,0.12117858624334478,0.3769198484405095,10,39
496,0 days 00:04:41.962456,305.76374298514787,0.6334624831468876,0.4600154002416491,0.26696623691304155,10,12
497,0 days 00:09:26.911670,0.0429908094160184,0.2940689481617693,0.1690794918535062,0.46646609643388226,10,30
498,0 days 00:13:41.644046,0.0010982000985105126,0.47851139120276587,0.8036893796328799,0.653729706209369,10,48
499,0 days 00:06:28.612569,40.481779669037806,0.8375966069557259,0.9914150575864776,0.17146192107853575,10,20
