number,duration,params_constraint_fnr_tolerance,params_learning_rate,params_min_child_weight,params_multiplier_learning_rate,params_n_estimators,params_num_leaves,params_reg_lambda
0,0 days 00:01:51.905573,0.2689051306016479,0.09900340920702412,0.042001535014652966,0.00541751520530208,497,55,0.0022910909324867865
1,0 days 00:00:11.956912,0.43949812342363015,0.01990332376730579,48.2004895824038,0.05274512951318957,34,30,0.33146808864693844
2,0 days 00:00:08.808324,0.007713100561631541,0.35248725258527835,0.26872561241624776,0.005849429118370968,28,18,1.2027634573507366
3,0 days 00:00:21.142728,0.06607501358500671,0.02308088943195988,0.005641535954550522,0.09952266752602348,97,27,0.05069958269650363
4,0 days 00:00:11.552185,0.14098162623120164,0.1567539483456808,13.896594529516301,0.32446466931895634,86,7,0.00982987013003264
5,0 days 00:00:34.559345,0.010081610751131644,0.20657568151850847,0.005913843070101153,0.24375766932970855,318,63,816.2561859451797
6,0 days 00:00:30.894447,0.27359300275828236,0.11007345046741566,0.2977856531775418,0.053122089443345885,111,61,0.004833386156097243
7,0 days 00:00:22.941644,0.08001412364907468,0.03979644433255392,0.03615477045640004,0.04811294547774447,94,25,652.1250908053609
8,0 days 00:00:12.945439,0.011445984532240452,0.09380800992143085,0.020957437975033973,0.058262822739569044,53,29,13.459545221401461
9,0 days 00:00:43.123921,0.010933794895513166,0.04801276583025745,973.1877831224677,0.01643747592308465,143,43,0.003975922788448803
10,0 days 00:00:29.147457,0.4477910374236914,0.0419554118644321,4.1490460236005475,0.00851054617093433,108,17,50.17867150515218
11,0 days 00:00:07.205963,0.016822877695451214,0.06933517850525957,132.06339964566945,0.10061264706681378,21,40,22.047276689367376
12,0 days 00:00:25.160626,0.010921438867902044,0.011271448740768365,0.0039046875415369837,0.07566044912770874,120,17,0.0053183929703290635
13,0 days 00:00:09.175149,0.0203413074865657,0.1635753048416424,0.008715948703615379,0.311779609046036,48,33,0.05847190290761117
14,0 days 00:00:23.164776,0.08213447597958957,0.028327368885914774,24.48259571908724,0.006609300788224252,90,26,8.68091520790195
15,0 days 00:00:08.394004,0.043386894156731845,0.1638303028941826,0.4784426863365579,0.2674593665063123,28,55,0.32122906546910923
16,0 days 00:00:55.915620,0.1517875245549367,0.0385073321847177,11.458767911387156,0.4155112614864371,454,54,1.0232466882820812
17,0 days 00:00:04.957416,0.03362210786885216,0.02839920532663728,865.0225515581118,0.00982902190410181,21,5,0.6084715115404098
18,0 days 00:00:08.363676,0.006216549396958822,0.021781940151317118,0.11425974676743733,0.009354410255091908,46,4,406.84412168567843
19,0 days 00:01:55.494729,0.3618229853476443,0.01669169351415598,593.4541493556571,0.1999924621835087,368,55,15.36813288076747
20,0 days 00:00:11.939589,0.17964376989640188,0.01106551552636313,1.0632314050138119,0.012815357053102387,41,33,1.0659159861249936
21,0 days 00:00:14.956706,0.01770484961445146,0.04290401546973735,0.6684597360597332,0.0869979991940782,84,24,12.24235008611477
22,0 days 00:00:32.451538,0.021589177337616047,0.28677222322214846,0.006130980280168335,0.4134433666291183,294,38,117.59859961227303
23,0 days 00:01:55.488259,0.17969964488128037,0.03773513215813028,0.0010646832897139825,0.019288773397600857,457,51,0.6374622258382001
24,0 days 00:01:35.173969,0.23817126061678368,0.03189645289956726,11.15731146024185,0.17874403978637826,406,63,0.015102697341639298
25,0 days 00:00:08.084209,0.1454895107373678,0.03607994505122783,36.2088983153848,0.026490953945140474,43,5,0.02219469824824334
26,0 days 00:00:19.067952,0.030478444864736408,0.09405205174696223,0.005063090627186029,0.005924682146740298,65,63,4.609004326013771
27,0 days 00:00:11.359026,0.033369503284369474,0.04608754381036275,0.11843088784465891,0.02185594882743303,42,49,3.5428802228787166
28,0 days 00:00:07.167517,0.2513856921925967,0.19204121474340197,428.7434806313765,0.2987166927758611,31,55,0.15193060246334472
29,0 days 00:00:21.581052,0.13938122440271125,0.013033533319904337,1.6434212823116399,0.025588953656286544,89,18,0.3164796901039531
30,0 days 00:00:35.228758,0.08426057361234028,0.02680474425122113,13.44378822387874,0.02888282589986073,155,39,0.29457655366410845
31,0 days 00:00:44.273067,0.015519920447815076,0.3578014535913974,31.62916585619328,0.11972371270020653,462,7,0.0057074969637907445
32,0 days 00:00:07.009797,0.12410819113970074,0.05213672094147935,242.4060150101803,0.4521261649130244,27,16,0.017192797438598043
33,0 days 00:00:07.431143,0.09280396335886598,0.08105127599407275,0.4381739342544409,0.0181309676574272,28,21,0.1537751360229603
34,0 days 00:00:08.087371,0.006143200819735327,0.28706231871996885,0.0013741609619157937,0.014799794407047344,41,13,30.76792608893522
35,0 days 00:00:29.340838,0.16264146743659658,0.1706198941236296,0.18429016057691563,0.1690107623810179,295,10,6.6591463723233355
36,0 days 00:00:24.420208,0.4634868743267792,0.19137827329775484,0.12963427701513536,0.16173075860595382,133,15,0.02086317990155984
37,0 days 00:00:17.635395,0.03819225443070328,0.020808723439536984,34.62193924795095,0.47394123353469364,69,36,0.7417402322051505
38,0 days 00:00:11.883417,0.416616384476002,0.06452772136737281,183.04998926376433,0.3414118910738639,40,33,0.20883507846911187
39,0 days 00:00:10.842263,0.24479952781166875,0.460750120438752,0.0015454310121063165,0.005490600784944755,45,26,4.570013062319984
40,0 days 00:00:57.399003,0.31297029125427717,0.03351609980751297,1.9225396303688687,0.009641627636800876,265,12,0.6032555562003238
41,0 days 00:00:25.518681,0.030478385006794055,0.027122969847204845,1.1124771652162726,0.025053020554933983,117,27,0.0032686627720372226
42,0 days 00:00:10.609453,0.010963781615066183,0.027978025217115222,0.001766355112141971,0.0113863910802271,41,30,0.00843867462696578
43,0 days 00:00:25.641218,0.10568267916460931,0.4172685724933923,78.11392818072568,0.22459968822171722,236,45,2.061146047744022
44,0 days 00:00:31.545562,0.05569553520595168,0.019089733040153718,0.017087745005979232,0.49302528308158605,188,63,0.0017514880811921303
45,0 days 00:00:12.429535,0.01151531859929463,0.028467987055860348,7.397348341410939,0.045176530374195265,52,28,0.0809679976170702
46,0 days 00:00:32.419076,0.005601080717701083,0.06418418295064285,392.10275285209383,0.10661178481585175,275,32,5.257578797062468
47,0 days 00:00:30.249469,0.4612303151321479,0.010237898173822873,0.055177434391273976,0.1253503169810185,103,23,0.005153441631076706
48,0 days 00:01:14.214138,0.22576712325960527,0.035757058713931304,978.5004184254996,0.13016176131738091,346,15,446.2228453649564
49,0 days 00:00:12.928079,0.010568260062792469,0.02494851725118416,1.8198695370522184,0.005605503049387747,57,16,0.0033145551183931046
50,0 days 00:00:37.574693,0.1378861952646149,0.04704069110752726,122.6715426555996,0.32241184890872365,311,41,0.015456759349472195
51,0 days 00:00:44.914948,0.20964833972294192,0.3283340607417571,0.00356496931730351,0.020389180029829177,429,21,0.26120648109432487
52,0 days 00:00:06.308634,0.0967557073228986,0.4498812443429555,417.2696124660071,0.2060834460619204,28,41,0.006896637694628872
53,0 days 00:00:17.060311,0.18964639239145253,0.07595401899716514,1.9611356565937939,0.017030896752517066,80,24,0.2696180875907506
54,0 days 00:00:26.911791,0.23509868538307516,0.2472345813456476,0.05547968928258965,0.03242774670610552,192,21,0.3751874495441458
55,0 days 00:01:41.817413,0.026961239316972484,0.03379424125646874,0.10039996424166878,0.025627692648234123,398,60,32.25326680416804
56,0 days 00:00:30.906931,0.1816783192252515,0.025397365474339354,0.002217703406175515,0.01839122562945522,147,15,0.001110905726247691
57,0 days 00:00:29.723173,0.06273842645533446,0.049296955581272,160.88933740701387,0.005931379530567168,92,55,5.337548641531707
58,0 days 00:01:03.607389,0.14554004442172672,0.11479508367098559,235.45417181446692,0.007572584449309263,219,47,2.1073556042461505
59,0 days 00:00:11.435149,0.1549894524865341,0.021088204839463557,174.70806560611334,0.034261106534575106,40,34,2.5019962094752684
60,0 days 00:00:10.682308,0.06769831732432659,0.01246156752688165,1.5941032960589139,0.011763587593331093,37,29,0.3400372731104423
61,0 days 00:00:25.303763,0.0309253558970336,0.17303293442758677,0.09756481103200908,0.27353885325509153,227,33,0.6650378013598717
62,0 days 00:00:06.879434,0.0085447326474868,0.11585321036589338,16.11175796960031,0.23889725546508958,29,23,0.005772898939935408
63,0 days 00:00:49.631342,0.02492595900107479,0.4749246168987228,557.3709227387457,0.03412430282530635,497,47,0.17531097588125663
64,0 days 00:00:08.796927,0.05100603869375588,0.03523616981976008,63.65976067765472,0.025153774217064315,34,28,0.0057191199201689575
65,0 days 00:00:24.064297,0.06152717436514591,0.17264130110722625,560.3767115698765,0.06473140194927918,223,12,598.032714599884
66,0 days 00:00:14.252154,0.010006354866906252,0.033643800872810305,17.917621561142038,0.006320967933178073,38,59,40.63009234708217
67,0 days 00:00:53.861177,0.013727976190833309,0.025507379662817877,702.1081349926407,0.007579894812242556,156,57,2.787796396338485
68,0 days 00:00:33.769358,0.14980784601281474,0.25166314301272724,83.31480024338391,0.061061504919530475,293,31,0.014244298793453241
69,0 days 00:00:24.098308,0.4741331521705096,0.029026882620243673,0.6685321675129378,0.059601418582460625,73,56,131.1149893548087
70,0 days 00:01:43.695246,0.010879521475203982,0.016223057759870565,29.240209701816774,0.2012683293797898,390,54,0.4662494311349366
71,0 days 00:00:13.566792,0.01536212093418828,0.020042893961830698,0.30483598356998554,0.0785050251862039,60,25,2.25144595509054
72,0 days 00:00:11.446558,0.22694011069071135,0.07071750353073257,5.11758834742834,0.00521516966881244,40,26,7.654317053092505
73,0 days 00:01:09.819662,0.35733298826726917,0.1520800376973879,629.8898306469216,0.07640280862237821,320,25,4.831092871052787
74,0 days 00:00:15.068452,0.05859149325054768,0.03489098347419999,0.0023765560039949677,0.23569176969092415,80,10,9.514179221974102
75,0 days 00:00:26.936139,0.007286327478128601,0.32312785022146784,7.122109062238487,0.017334097279477007,214,55,696.7890855981409
76,0 days 00:01:08.811460,0.3340542719832552,0.050702343975846643,130.1389478796895,0.11843439544546389,225,63,3.2724409785630617
77,0 days 00:00:06.635893,0.08922316232749104,0.42410291884908685,0.17579184244814777,0.01585002008346242,29,15,0.3200601250534882
78,0 days 00:00:27.108837,0.3122512502464394,0.05051144518263079,789.2586329292808,0.421329149267646,157,7,16.401991299094433
79,0 days 00:01:00.558256,0.03979779307428263,0.027892722249775213,100.96996329058616,0.052258277205705535,287,29,768.4266268978502
80,0 days 00:00:07.032956,0.16436491585537658,0.024382098510018924,0.024774265788135907,0.18665091274455964,26,8,0.002621293075215058
81,0 days 00:00:09.655809,0.03203751215122317,0.04751598372351783,0.011729598978081783,0.09194691843579135,47,14,0.6334777027800326
82,0 days 00:00:25.432653,0.008330953030114883,0.027635171547874347,0.005087157644714395,0.33028221128757873,214,37,11.470726186341723
83,0 days 00:00:24.490137,0.009548394614126807,0.012726570519218789,0.0045971846777361665,0.02738372574813336,106,17,8.427147907150882
84,0 days 00:00:09.121508,0.06954192305949225,0.08522101727704083,0.057269257748937145,0.37342969940089465,48,17,2.354977865198821
85,0 days 00:01:46.277986,0.33762281304039754,0.05205933531445139,0.0015713465291735372,0.008389961592213746,423,61,0.26932460588274487
86,0 days 00:01:13.883142,0.06290817282246138,0.07624842519014888,410.0814302183435,0.01607562547829633,307,23,1.216979292872759
87,0 days 00:00:29.252971,0.018246889217439506,0.16803499137575365,0.007497341668062355,0.027365572662151248,162,48,36.89317794582921
88,0 days 00:00:14.354092,0.3699700265361195,0.3000249650405747,0.1393983091639692,0.06280266349671151,74,13,200.83139609967037
89,0 days 00:01:11.529333,0.006450581182145972,0.03626976602394181,581.0420103467067,0.026515328525444838,285,22,0.10596319175291585
90,0 days 00:00:11.886289,0.03379865936344872,0.29563606131269016,38.3129018319482,0.4791599330275187,111,12,0.002138885226961771
91,0 days 00:00:20.256290,0.363493266223031,0.4396395709260806,0.4473107292063466,0.16190485723259734,121,17,0.12166060679488275
92,0 days 00:00:59.077428,0.3116791159866976,0.370370337865884,558.1763869830397,0.05516062392033325,486,12,237.6618016337784
93,0 days 00:00:14.013747,0.16107688748460047,0.11819310886273254,0.010275610873349043,0.42923236627079436,65,19,752.3303607893134
94,0 days 00:00:10.621291,0.09137769019196385,0.32204624775119595,0.0862423622693456,0.40531112020697907,92,27,0.0012340702024206114
95,0 days 00:00:07.933104,0.2394117677307872,0.11449016302781936,0.31009633180746987,0.07309455231540872,44,9,0.03354901697235219
96,0 days 00:00:06.970816,0.4153028546836532,0.07226712090569656,1.9794855889431853,0.015431261857741867,21,26,123.5526294287319
97,0 days 00:00:17.809029,0.1461331533514993,0.012144835321221114,332.55269094196365,0.48642494857891816,51,62,541.5718958137734
98,0 days 00:00:13.322824,0.0763565859445161,0.0853537057846156,0.025911728036202036,0.007365450382566133,36,62,326.2915417331476
99,0 days 00:00:40.143542,0.020328695469905914,0.12414929186160858,120.81698260100616,0.1472712474642442,412,4,2.997060049298124
100,0 days 00:02:03.157442,0.12733880011691756,0.031026448949963478,28.577910035159046,0.013278162515950525,474,48,244.61150298611793
101,0 days 00:00:06.250281,0.006461627577394393,0.2779440539079094,0.006095816326359191,0.11589472261068963,20,34,20.666004139694277
102,0 days 00:00:06.897318,0.01739636534842086,0.050608911890320275,0.052469555177088706,0.04350975935697317,23,26,20.947434446382115
103,0 days 00:00:16.177653,0.31869535590486153,0.04232372547429166,0.10519340930227647,0.17571659465176295,79,10,1.6837903472121225
104,0 days 00:00:16.106605,0.08473441029908546,0.33779461897588703,0.3735674164924188,0.26446809578846525,143,16,68.65151120879771
105,0 days 00:00:19.902321,0.04339232677359291,0.05754382920204002,761.720370844278,0.19542764654814396,149,16,0.018446556558705484
106,0 days 00:00:09.199555,0.49716484215302303,0.02696303534094798,166.7898819238404,0.4937327397390408,38,13,0.01571200921293465
107,0 days 00:00:07.032667,0.0454994305799517,0.13894916659296133,5.883263975987943,0.09949777699654128,34,34,0.025646962128201476
108,0 days 00:00:32.533793,0.11466994087470522,0.03543974382626907,8.972080457399562,0.15232023142219092,254,2,0.014640403849190376
109,0 days 00:00:10.480603,0.01816097068242374,0.049597442287893964,0.0011070129907532898,0.16639511426906048,36,60,0.16492457330032975
110,0 days 00:00:50.325992,0.03719568591224079,0.010817293726421302,0.04899597712969812,0.2048812403966956,171,51,92.7407375659693
111,0 days 00:00:28.202686,0.007350190206434965,0.029572340866367352,0.01733934976178146,0.019462503068923526,122,48,0.027054376198072563
112,0 days 00:00:28.370605,0.24103477440231508,0.26750106250985894,0.7179396237914574,0.010033695085326574,103,60,0.04469240986386904
113,0 days 00:00:05.655253,0.14752183898020554,0.27244559016846154,0.13397542933068027,0.23754303071857033,20,21,0.06367214465652812
114,0 days 00:00:19.593559,0.011441534908725516,0.03463382781369813,30.83545216638751,0.26089401805910856,125,21,0.006379528596012381
115,0 days 00:00:26.464984,0.03559977359771188,0.015601632362116062,0.02591829844954315,0.33492915458272066,162,56,0.02830464541205358
116,0 days 00:00:48.053451,0.06456204511126544,0.09802766037840821,10.558909737233808,0.1750154588418713,468,54,0.03802425850816223
117,0 days 00:00:06.831783,0.0364006713357843,0.3249701002595515,757.559819094842,0.283591503046643,44,44,0.03175839911335034
118,0 days 00:00:24.377821,0.10207887165384638,0.24084556751628547,2.276682437068319,0.007807399210838026,89,47,89.01167399932245
119,0 days 00:00:33.987842,0.16197390284289806,0.013487598115667328,0.0019448036421816375,0.04307847666547885,257,2,158.69852547649714
120,0 days 00:00:12.920461,0.012973700617894619,0.09913229539718448,1.299225193239093,0.0439742260439211,45,58,0.023094976280777828
121,0 days 00:00:35.687517,0.005288548295194341,0.05233341547719576,0.006270013037190939,0.006356444061038219,172,43,2.980371839553516
122,0 days 00:00:18.585087,0.09784746434462524,0.010936800717153371,14.030668926175956,0.006339326742682305,52,52,575.7986487005694
123,0 days 00:00:44.864062,0.013475094529552594,0.42297465841839904,0.0013481762088823571,0.00699587429939304,240,47,1.133490373348089
124,0 days 00:02:18.556077,0.10356021520793006,0.01558647688727181,17.297182017265616,0.15176565942187117,494,61,11.147704056841784
125,0 days 00:00:08.369982,0.007605058808191408,0.25166432799541577,83.14877065161272,0.0411727291528132,49,34,0.005044620032072303
126,0 days 00:00:54.410729,0.005898646707642278,0.48569655566804815,0.14192206792603967,0.24330994312039234,426,44,4.1683822500666015
127,0 days 00:00:05.000841,0.009099303739709907,0.017281756220056642,58.489099686303256,0.015492690939292661,20,5,0.020330843653644144
128,0 days 00:00:22.724920,0.007512169116400694,0.2720938076253691,0.027982986108497875,0.022327465851179566,209,17,0.14582273825051825
129,0 days 00:00:35.513678,0.02278802844590916,0.09372620276375677,0.4134335904753334,0.0073197445151428585,268,20,4.7234368155334945
130,0 days 00:00:33.582556,0.0319766067812373,0.23727644570117495,20.633678744136567,0.2118051154599918,323,3,622.0482224055834
131,0 days 00:00:21.154071,0.2001542052307437,0.40988293301091294,0.007310318802629889,0.43905197770958837,164,61,0.883374432723874
132,0 days 00:00:08.905801,0.08438642180720779,0.487451630867911,232.63780443720378,0.2598292228067933,64,25,1.198484885708683
133,0 days 00:00:52.828359,0.023070060580035585,0.11254459644001119,205.8362755996151,0.01965762044797637,429,31,1.6010551177446717
134,0 days 00:00:17.398531,0.018873761068065726,0.013225510775058518,0.20547119407349315,0.2638225734113862,111,4,104.30871287326374
135,0 days 00:00:58.665837,0.01672015405709858,0.11898221115620279,2.138523025775512,0.008475545230592787,468,5,897.0703051178464
136,0 days 00:00:40.286657,0.03148044650672112,0.3460274081241418,0.0048165501125016115,0.10994839791309442,369,40,0.010169304782387627
137,0 days 00:00:11.652983,0.013979693039538462,0.42840170988612136,0.372828278810915,0.05287159150354384,83,43,579.964370403803
138,0 days 00:00:15.857586,0.0890821861723086,0.3216593063942249,0.09783269743428119,0.016467119249790444,61,40,1.3366680532168604
139,0 days 00:00:41.617822,0.04307790588249279,0.04116264159959724,138.37187804615502,0.015476244423388894,155,44,18.626960009324538
140,0 days 00:00:53.615236,0.026507300028214244,0.031879938210600256,0.5094382359573387,0.012369001450604907,297,47,2.2320889802234674
141,0 days 00:00:50.524556,0.00808940879372176,0.011527317853324786,0.3317180962045256,0.005746930666926087,180,55,219.53482362771575
142,0 days 00:01:42.894043,0.45697625190544566,0.04241768997838961,782.7313544134325,0.4147871257770105,453,24,2.301371802904461
143,0 days 00:00:13.896620,0.13294722519816676,0.02971495588662852,0.009990891428714217,0.11285939117529985,94,6,0.006886950518495105
144,0 days 00:00:37.351079,0.005589375709264179,0.01508864074320552,3.7673341696288065,0.019911118191873717,158,48,0.030674133720124844
145,0 days 00:00:14.301084,0.03816769148506004,0.18208065851808944,0.06615375419674635,0.04019001634797185,61,55,214.8460845886401
146,0 days 00:00:11.039973,0.026881689988331823,0.35287755936745063,1.9607244694662265,0.04207525344589308,53,34,723.8814124357153
147,0 days 00:00:48.340785,0.016727257797672552,0.015500539038984525,134.5769827662269,0.07138078289717054,162,42,1.2658583765243387
148,0 days 00:00:26.507265,0.060689558067747416,0.07590572995583217,0.12245080219344757,0.2796689923418084,244,27,0.007823522964251487
149,0 days 00:00:15.586169,0.02662445585122219,0.06679052240429473,1.607738029405086,0.2784141197554564,57,48,854.9942742223284
150,0 days 00:00:35.307567,0.028182934114950473,0.039501260004514364,0.0029055436821716417,0.49609613872360303,302,43,0.006784026512277641
151,0 days 00:00:24.393235,0.03238150531106684,0.10534520178575625,1.457131169598408,0.20764457042101386,184,53,72.84372855535143
152,0 days 00:00:31.479311,0.22484304327160776,0.18584318628624644,318.9897971434908,0.4460144057856743,309,44,1.094033624575586
153,0 days 00:00:04.139163,0.03662991348637926,0.23158647783014058,0.5329794430105247,0.050317649305399406,20,2,0.5166210157112623
154,0 days 00:00:08.110742,0.019901030201875287,0.2181678080567847,0.09622339213346724,0.005951541021021826,33,37,0.002073834087641568
155,0 days 00:00:10.075519,0.14930851985647486,0.049283423814405466,0.019937564476641953,0.1535599617035008,55,10,0.7939824318937637
156,0 days 00:00:09.966759,0.014192313221405932,0.4885701842031415,56.252913315125426,0.11188797287166723,81,35,0.810846670079267
157,0 days 00:00:18.801629,0.005640621461819531,0.4756937351915741,73.399858189197,0.006377673790646957,74,58,6.738873668143728
158,0 days 00:00:12.506694,0.01699404429577265,0.48222592438685136,0.0323562069383665,0.021096560470004196,51,49,5.999176978118126
159,0 days 00:00:33.904958,0.2533584962507699,0.11066836865052088,0.01960036930390789,0.07142767254862765,128,50,34.08776644614724
160,0 days 00:00:51.445774,0.013705495226030663,0.04608412180656517,1.1205739202898928,0.009133749481994073,242,20,18.224210742447852
161,0 days 00:00:15.226635,0.0472765216691938,0.058664935067708986,32.17153872292402,0.008580059877667792,54,57,0.048182560940509725
162,0 days 00:00:06.788186,0.05503883083361471,0.21360380739967041,0.00169537979381587,0.0843093667602294,23,59,0.07579939982754462
163,0 days 00:00:10.170930,0.05665624804972544,0.3648199146685398,0.006134443441639278,0.02261549745237036,43,20,26.99465461155464
164,0 days 00:00:38.771264,0.028386192082631236,0.05191519091250117,0.0015214203770357903,0.027854131244427933,348,11,8.583652479154997
165,0 days 00:00:35.391400,0.19726539288666334,0.012849411870487687,6.180098893060485,0.20035662515600816,118,41,41.365094075118726
166,0 days 00:00:09.844737,0.20939539462603707,0.11314833220764446,0.0014103292897656855,0.3266277978531286,69,10,0.001339782979621125
167,0 days 00:00:08.912768,0.011516326391868103,0.18079759555912087,0.10963993803669918,0.06938291625781533,41,42,0.8383736675488839
168,0 days 00:00:27.125480,0.42686518915780014,0.01017899795437206,0.006649125221598249,0.34114909775465024,107,14,0.09357564824203116
169,0 days 00:02:01.053516,0.16006867554468,0.010591486193685171,126.69210862868776,0.08600747259395472,417,54,0.0808426499638473
170,0 days 00:00:17.128434,0.010615694364570667,0.02671475590481443,0.008789859930604358,0.20826087039021596,127,30,0.14529109516336594
171,0 days 00:01:39.928056,0.018257167172785933,0.015082048836297964,12.595719132291281,0.2106694866534599,483,19,492.04900385513366
172,0 days 00:00:07.418257,0.22051316071313942,0.09588781051090946,4.285562557716132,0.014761836131326405,22,41,1.031937155830548
173,0 days 00:00:08.091703,0.04007369935309333,0.12851284821024983,7.048172235266932,0.017822432050901643,36,12,37.325453144488975
174,0 days 00:00:24.073943,0.009078097926184572,0.011755194647786123,6.778614232280426,0.043437683454140646,81,50,0.0019785224300479963
175,0 days 00:00:22.164498,0.447673379568687,0.04934633660804528,15.234646548723374,0.01806477967303424,134,5,0.2811875134211566
176,0 days 00:00:11.914452,0.005192373810004341,0.2172728076095276,0.3167695031917731,0.014474845574120175,53,21,3.0516510702938824
177,0 days 00:00:27.335224,0.04129308622060574,0.034416431683673344,1.2854801095202457,0.011034252110781127,89,62,27.677837996300134
178,0 days 00:00:07.661459,0.017405877319141682,0.01751082189393564,13.841770913605911,0.01121681115732548,22,25,16.906469938803006
179,0 days 00:00:11.852793,0.030849181960276764,0.05957322690419251,0.013473560878004815,0.012067559577204321,40,60,1.9279727900085561
180,0 days 00:00:27.268023,0.02350697834369788,0.08614246770101806,3.671171878630683,0.10689960075024521,217,42,0.09149761420989844
181,0 days 00:00:07.753274,0.03125710778998177,0.2514894293467951,262.43524649986307,0.12486237493438018,42,45,107.7891909253919
182,0 days 00:00:14.333915,0.20763229180523543,0.33637856827213364,40.24218310886127,0.02834540290419694,101,37,0.09979314975067985
183,0 days 00:00:09.305676,0.0614390729431938,0.13665970346762998,121.15671768788147,0.2854986009827496,50,38,7.56400345920893
184,0 days 00:00:22.115796,0.053775816775241334,0.02170044347653749,7.852991665588198,0.24672780537649458,97,23,3.5311682293479385
185,0 days 00:00:26.530532,0.025309482292471968,0.014607079898609201,3.1294798952503413,0.0629566046092019,109,32,929.6078634354694
186,0 days 00:00:27.390765,0.01826980007472869,0.015554043519722028,0.1106560703989051,0.0702477129487762,167,39,0.08648118878963355
187,0 days 00:00:30.206595,0.00651106301446367,0.11424718547987117,6.084694241173712,0.04488345452728512,133,54,894.2582353264114
188,0 days 00:00:13.055628,0.0208220917098189,0.023134294375043846,1.566986468779615,0.019293041465598237,67,11,112.83969999281476
189,0 days 00:00:29.984955,0.016088503050635194,0.09672203045618097,9.490904758016237,0.03938584061834782,223,63,34.102079811901525
190,0 days 00:00:09.239469,0.18963577416687447,0.01878057315277731,93.7372446625717,0.14855382973478284,31,37,0.32679438815751244
191,0 days 00:00:05.618279,0.014088097754567432,0.052771361663390776,0.1642623319365116,0.0319367337743203,20,21,0.2562726637497013
192,0 days 00:00:58.367851,0.10720955481968232,0.04872771186908625,659.6404190974246,0.016230318261886287,184,48,21.23497573145463
193,0 days 00:00:06.714710,0.006359993110900639,0.07721389442841271,576.1528523635855,0.01679087995488917,21,20,0.6257976172381466
194,0 days 00:00:30.229177,0.04197703107885022,0.19224660974890231,284.32848043653775,0.4412213429394884,270,50,639.7297347660946
195,0 days 00:00:13.796570,0.30214391831029846,0.08876432119478075,3.744668258978226,0.2652483405734216,61,51,4.524154486402288
196,0 days 00:00:25.522061,0.009392947248101967,0.02556027890440247,0.03044699758461884,0.03677805813637739,154,58,0.0041790161535760284
197,0 days 00:00:08.725029,0.028463241206018047,0.03526885936442662,173.47705678358,0.1653009132754587,24,60,0.0021872300124464146
198,0 days 00:00:36.586233,0.013755722832373366,0.011765411541123344,6.4697948215029335,0.310024007120135,147,23,0.009325839084573477
199,0 days 00:00:42.099072,0.010665959753573642,0.06941492294953569,77.46151836157179,0.12493462745207194,413,3,0.022610967565138463
200,0 days 00:00:12.232879,0.18544553991595897,0.010368370493216643,2.258883698158006,0.005162721025582129,36,50,0.5653214576907795
201,0 days 00:00:14.055432,0.012167192507635025,0.24403327522943657,312.62780389517354,0.01215232001341364,109,27,2.520567114574829
202,0 days 00:00:14.062578,0.006298966476352984,0.2774295243682475,50.47629412138914,0.03319008999978357,96,25,0.0029231900541304523
203,0 days 00:00:07.060707,0.037770606312749706,0.08209041998824936,586.144982088651,0.1776244844570491,21,22,12.638446040115909
204,0 days 00:00:20.197449,0.174217590792399,0.0594231508520385,0.41614110817798905,0.040637482933729804,139,3,161.25001326224367
205,0 days 00:00:06.670122,0.010730854438716023,0.1817331510943808,3.1455207292233354,0.041835989933050446,44,4,17.033163594672562
206,0 days 00:00:08.393586,0.2504030222937462,0.05770700475741965,0.014484250158263412,0.1058988689841953,28,51,0.08185890501097656
207,0 days 00:00:26.970258,0.07326045602429862,0.30848355017926216,552.773902917327,0.02223258441457937,238,34,0.14689816247863355
208,0 days 00:00:13.023885,0.009316373493538975,0.04745526607312725,4.029187750021339,0.06323479511091792,74,21,0.3574038962113308
209,0 days 00:00:34.459145,0.24933146673943113,0.010857279497520208,0.014332605973507814,0.013543480229743467,105,57,23.482898932954324
210,0 days 00:00:46.809855,0.007210856192203869,0.3076091496650703,0.023537884077266993,0.010183058355214112,464,25,0.0038248352051382735
211,0 days 00:00:05.717410,0.054843677814184054,0.288159752721743,0.002345818421159397,0.3371390666663947,23,28,2.110276243269081
212,0 days 00:00:06.725645,0.03113854909591864,0.3754365670813636,594.5764192379554,0.02838014845957207,29,53,1.593766152792335
213,0 days 00:00:08.983364,0.39843559187095023,0.04150461985748876,1.6440894484493807,0.06546920948152123,27,33,2.842561637169995
214,0 days 00:00:36.315733,0.00617605773074224,0.15603686998025304,0.014277343243556312,0.010656102405210775,334,21,0.007711044344385125
215,0 days 00:00:08.958955,0.027759989487653316,0.10835383648381254,0.001356335135247657,0.044220062072099185,37,17,2.6215029866995816
216,0 days 00:00:04.984423,0.3977958087655663,0.01502687101803251,0.02904020961705477,0.027762084519435553,22,3,7.259740112590986
217,0 days 00:00:27.863938,0.020304533544602717,0.14197978430708047,0.0043626801656165256,0.1542460628163468,256,20,0.21307839253144906
218,0 days 00:00:40.006593,0.11706522799380163,0.2649576171974799,0.019310022123154875,0.013333064730599288,296,21,0.0010415272630346652
219,0 days 00:00:09.797459,0.04419018915874127,0.3736722437879637,95.71703061155083,0.38477297886473,63,36,755.3781765023871
220,0 days 00:00:40.473399,0.11957937596267774,0.40026384943564586,963.5649228883802,0.054909431429592544,390,27,0.0011852966011922602
221,0 days 00:00:07.133385,0.2303981812711959,0.02084889730735875,0.13509375472938642,0.061956925463197886,24,19,0.01177230583705951
222,0 days 00:00:12.538498,0.05317741502486596,0.23124145702459328,0.01243642998921683,0.05008826106766345,48,59,0.047846090645348116
223,0 days 00:01:27.045762,0.0205400423351351,0.014266088034895713,0.05417191534644317,0.02990302186121156,303,57,194.91487615479687
224,0 days 00:00:09.896306,0.13931333071891433,0.156960305806213,0.052313706369130256,0.009140912780196946,40,22,0.6272561937420507
225,0 days 00:00:07.135308,0.0110691028756415,0.017795655919713448,0.2151779154240099,0.47517434277563814,21,34,11.028830447768902
226,0 days 00:00:06.389061,0.016164876432084578,0.37759837805283775,0.011138203715980536,0.028565330020862676,22,34,0.06567827322549653
227,0 days 00:00:04.739213,0.10310634139356786,0.17592996508773437,0.10371420722461412,0.27548358123926736,22,3,0.002791586177280702
228,0 days 00:00:07.600092,0.010390051067092333,0.03719053384193695,89.23340892823164,0.04603966169939027,30,8,8.03984172654053
229,0 days 00:00:43.689801,0.1644450499002753,0.019727674032997564,0.012286603731440877,0.018136903730552954,173,34,0.051923227551890105
230,0 days 00:00:09.621941,0.005431333072637862,0.19995038071880256,0.13006654449773322,0.06104331682958476,54,27,1.2082232255647622
231,0 days 00:00:07.351143,0.007012739878504224,0.04501259845673016,0.0032927056904831593,0.04705694379356601,26,33,0.14799064793738165
232,0 days 00:00:37.977013,0.09897393477416973,0.16141658737294387,0.005975050715260393,0.2503626765308088,224,59,34.783481819512176
233,0 days 00:02:15.386885,0.4629542619790573,0.47089121481300783,243.96678426285936,0.018467636150635687,483,54,377.97922699121125
234,0 days 00:00:14.701541,0.23646518293741103,0.01484606290243775,98.42897796952956,0.18981122884737134,47,43,0.011852319158735268
235,0 days 00:00:13.984001,0.007106227648974476,0.1445431874584505,1.3151169862116168,0.06773174917331125,49,57,382.48191546239
236,0 days 00:00:06.182320,0.18187240263899473,0.025975393446416372,0.3351358698340104,0.03340472317124044,20,11,0.029308982264776035
237,0 days 00:00:41.441613,0.01674212346165177,0.02343650971404853,26.56327518231937,0.14616271574076578,152,43,133.06229176252836
238,0 days 00:00:19.830600,0.4700087354471262,0.14409702933679985,2.1644872126371455,0.10722562459407763,72,40,0.005372907389767893
239,0 days 00:00:39.192876,0.023690202649883852,0.013900517319647991,14.810226710931307,0.33596398560650154,189,18,186.55545498168004
240,0 days 00:00:23.348556,0.03899638236246859,0.03381640476989998,0.15170571180389142,0.03873377160427063,90,50,6.951430622173111
241,0 days 00:00:17.399315,0.07589203889149178,0.10537081545073587,0.007513296552780265,0.2428853450882768,62,63,0.0203983640183198
242,0 days 00:00:15.553014,0.013577123586083793,0.03614699719644087,0.29512211062406024,0.19668954548166356,128,23,0.008735972664505284
243,0 days 00:00:06.347890,0.10783378731916275,0.1756571219416284,7.958119899097098,0.005223703482424389,26,12,0.011201237311681347
244,0 days 00:00:09.334607,0.04604141761315099,0.11649685281437357,886.3388452343701,0.08948404018088128,62,20,0.001047799190823412
245,0 days 00:00:39.056400,0.022891186678600323,0.017976019673080698,0.1154763685146748,0.13067361614238296,301,43,0.02269778642867377
246,0 days 00:00:06.318386,0.21036532263571547,0.024462591629530753,211.3547756957507,0.005479384671731269,26,4,2.51576697335767
247,0 days 00:00:12.845488,0.009903747576856949,0.012912727805624562,8.953478353959786,0.29820388570914813,38,55,112.8610253979349
248,0 days 00:00:22.070101,0.20012203004437304,0.2589106501685833,15.715675743625038,0.02865148234155447,137,25,0.002233328497719063
249,0 days 00:00:43.637722,0.053322433639713486,0.3172625407239388,0.015454795148851353,0.49023224845929664,449,39,134.50490085234128
250,0 days 00:00:14.110189,0.21447320307500894,0.04911625869908002,0.00799276073810967,0.015670973498714946,45,47,0.004864928668375559
251,0 days 00:00:09.171959,0.11618045989035578,0.06172647252751117,0.13077322948840403,0.020708589151173244,28,38,265.3946728867324
252,0 days 00:00:43.377283,0.014414742242765554,0.021280643119283016,0.020382549917504367,0.3446930812270588,378,54,0.010774078068761041
253,0 days 00:00:13.825268,0.04925001323687796,0.07375080526294546,0.08312747762602102,0.16481501416590116,118,8,2.0493070283667536
254,0 days 00:00:46.085630,0.0448377018017747,0.013654167186001405,0.018198309181859634,0.08339076037147394,321,4,76.15877561563842
255,0 days 00:00:25.733573,0.015650283790332585,0.16010931595347727,50.21027472316785,0.010626374060144522,201,37,0.00865187238995383
256,0 days 00:00:10.413099,0.005869620459370608,0.033457431869715816,6.016918779425713,0.07168494679024665,37,39,50.905205953178346
257,0 days 00:00:36.043596,0.05246218425306803,0.14779492256423846,573.9345970416042,0.023332434661364313,300,31,0.1355070283115541
258,0 days 00:00:23.354166,0.21959435422624193,0.018053866512479415,214.04928658395974,0.014608875524287015,112,12,5.927905465043367
259,0 days 00:00:08.234449,0.04235593492552761,0.017146857359326088,1.3419288777246825,0.04290792219116454,29,24,0.0027338179684643464
260,0 days 00:00:29.878726,0.035031782254664086,0.05646949517322813,40.65120729230153,0.3911402093214449,233,45,6.159063340673832
261,0 days 00:00:27.309031,0.007142764068307202,0.0537016691220051,1.1885732183422675,0.0610052483960993,191,39,11.684473893831903
262,0 days 00:00:36.555865,0.3160439233741941,0.2739875583696826,11.144653152588702,0.07036386551309476,287,62,0.03520207697494896
263,0 days 00:00:08.799202,0.053791671324421454,0.42815470874418937,45.83875716600725,0.005320028611761775,50,25,13.66943435509713
264,0 days 00:00:11.564457,0.03940591579551521,0.10891353963450473,1.2326902613696216,0.052543648820824705,52,15,842.7850079055625
265,0 days 00:00:47.404506,0.20484282759271016,0.23239255443587375,0.46794992294503807,0.2611615207090379,460,57,0.001728540306795933
266,0 days 00:00:43.899116,0.03758197825946613,0.09130487175808953,0.6052171565195987,0.006071229743043725,385,14,0.001534616621920023
267,0 days 00:00:23.510764,0.18291702750187325,0.3976548423191637,7.340636951414751,0.026945227811637176,189,37,1.9680103125085797
268,0 days 00:00:13.029343,0.05537295363908678,0.021269717317548172,0.5067734643065692,0.015016741304757362,53,24,366.67338967668036
269,0 days 00:00:08.702310,0.1783232676590804,0.10805847142158113,0.020692891536500266,0.028271152069419887,37,10,0.9350304229132346
270,0 days 00:01:22.969174,0.45916379359940557,0.08663923677898949,0.07323295085199193,0.17560802462737526,385,52,1.7706340550644772
271,0 days 00:00:25.944264,0.49210522544250296,0.13033659467886033,190.8861895759732,0.016281834206702886,91,46,0.0012501466158690207
272,0 days 00:00:28.721811,0.03421816444870229,0.06953638755778427,0.00771356973526061,0.015937239033847445,235,13,2.7884486495167145
273,0 days 00:00:27.066637,0.010571808385153338,0.482679963228353,43.99056685939478,0.0068856446137979975,209,23,1.1677774772243328
274,0 days 00:00:06.475871,0.037603272631897174,0.22267803306438053,356.24283065028897,0.3786275866594192,44,14,0.007439580010672366
275,0 days 00:00:55.945261,0.006049093205376262,0.07332014687624072,0.004114794781616689,0.008299074475476901,415,55,0.3201835263644292
276,0 days 00:00:33.548144,0.03994905957466328,0.01020197044240761,129.73870691468218,0.011347579057018845,114,37,171.80333301881703
277,0 days 00:00:21.665604,0.007501292364425869,0.08538455621350123,0.2224370916441133,0.006560568612053796,94,20,829.1149289046637
278,0 days 00:00:14.745382,0.12238609183731963,0.2700571706662805,15.636594713820172,0.012780003613356506,94,43,10.516988199170255
279,0 days 00:00:07.942864,0.15208897236105806,0.21499130616322668,808.4294363846666,0.09746113230327313,52,6,1.3903150400405564
280,0 days 00:01:39.896609,0.3172090188426403,0.015044024169029552,0.022348051346926755,0.011803327856144533,349,44,0.027073226262744957
281,0 days 00:00:16.706306,0.06156970590034798,0.07481899948264607,0.0012105384071464315,0.07669983514219136,55,50,6.125760577287188
282,0 days 00:01:36.386124,0.031008479096315666,0.08445710763321318,87.89907788734008,0.015039741286602777,490,42,999.6989188401176
283,0 days 00:01:10.731144,0.02351052226677404,0.13040018654295904,0.00891408314690168,0.006360796497930783,375,14,956.8312292328291
284,0 days 00:00:30.763357,0.01918090155173506,0.05614118038574525,2.9804879315105444,0.30408611545488967,290,12,70.78105380518613
285,0 days 00:00:43.914803,0.05485776908048042,0.12719395694125712,0.1670168204828988,0.03635426486769528,421,13,2.9611226613336967
286,0 days 00:00:11.586007,0.490274029081626,0.055706804253460245,1.3518142810562346,0.04081649863528725,39,34,520.8922041743419
287,0 days 00:00:05.592302,0.024012619869332855,0.26741766323801447,0.118833176345883,0.15394739760092932,27,25,0.022281124305176255
288,0 days 00:00:08.202609,0.34626415160185864,0.346208199879092,0.007754748885951382,0.034296992599979724,29,25,6.129995812406582
289,0 days 00:00:14.339919,0.11248421871495164,0.11388625876954425,0.029431462999631074,0.2317629130575052,104,21,5.0995283017496575
290,0 days 00:00:46.993024,0.027234495031339404,0.09422325185361184,14.058852249233546,0.2225173071542249,460,38,45.193125478131186
291,0 days 00:00:10.290014,0.123495892595007,0.019913864814896785,33.202827685643726,0.2693145168095709,37,33,1.075909671549673
292,0 days 00:00:18.598900,0.24882310618615325,0.23734686928215448,51.135503762413435,0.06829106068163794,162,5,565.4942776922985
293,0 days 00:00:06.431733,0.11399233274973192,0.07393003507794838,0.34963322354899623,0.012864350498159897,21,30,1.0720633278538458
294,0 days 00:00:16.581385,0.005328675172660074,0.05128109634047876,0.008427509291349191,0.27166121920460007,99,60,1.6608321020378576
295,0 days 00:00:07.498366,0.08690853736199582,0.2883957701204117,0.002710181007173165,0.016506484985902695,27,38,0.03911103571295487
296,0 days 00:00:05.228841,0.012778069756737906,0.3248167078554341,7.063648354420318,0.00760943823807759,20,17,0.00148334812669504
297,0 days 00:00:42.962929,0.1824380769475965,0.01779307592251866,0.22922884806749363,0.03349712149846377,149,47,0.022862202804176453
298,0 days 00:00:56.702070,0.005558460931223738,0.24636661562814316,0.01878976016281631,0.010044927988827966,483,46,10.249631629579326
299,0 days 00:00:42.718173,0.013155446082677814,0.321081905405311,0.06114838428877168,0.21342450349597675,432,26,121.37851356574691
300,0 days 00:00:15.741043,0.23260582377861075,0.02428390590123158,0.06597519068126072,0.005050154100669436,47,61,0.002598968121504328
301,0 days 00:00:34.952078,0.011512856237538376,0.11857760225640593,270.953460053411,0.010741208514784455,177,32,0.008206256559547917
302,0 days 00:00:52.845327,0.0708307567989427,0.05897004335862975,9.212916149514188,0.08466031657170882,198,47,264.8975468699363
303,0 days 00:00:22.775123,0.05530664486205061,0.3236790529873086,449.98898755404014,0.022226678790804515,210,61,0.9225977176054526
304,0 days 00:00:43.895495,0.03943128079948585,0.11809438688217631,112.73465677154569,0.010988701230216284,194,52,0.003935880178566
305,0 days 00:00:13.795562,0.40927157238911377,0.06868185543071609,0.005827039688360099,0.2851028870578625,51,14,0.0012828260982107277
306,0 days 00:00:15.287527,0.31250290604854963,0.010021191593438002,0.02774245866071979,0.31603388905557644,51,35,0.4673148108755028
307,0 days 00:00:45.287039,0.320363842037066,0.012768371727516274,61.20549024089543,0.0948396891743677,181,15,0.014469953393597407
308,0 days 00:00:14.900316,0.356728977855109,0.05699887475196472,0.44864452818812184,0.17511515077573286,44,29,24.52136729017412
309,0 days 00:00:17.348177,0.005763730129538977,0.16604565007575642,0.001533374617216227,0.018316663139664374,128,22,0.07963737357517929
310,0 days 00:00:19.959988,0.48415272537923615,0.3200256096714709,8.577509607056728,0.03987098038348808,95,26,17.672494791717263
311,0 days 00:00:12.032461,0.25857132601201605,0.05707458905129551,367.71727283324765,0.013568951197951684,46,11,0.4004630645102518
312,0 days 00:00:15.404360,0.3367963186116889,0.1963488939553067,0.00103738656695533,0.09969508287479804,84,6,0.2138885964039718
313,0 days 00:00:18.204675,0.014673840035887556,0.015257917097140597,0.3370705957769684,0.0872503127343863,71,19,659.974138738752
314,0 days 00:01:03.860139,0.017173747884691695,0.042666535011652386,0.001998825641109722,0.4169322987816364,497,52,30.889244424987286
315,0 days 00:00:47.825398,0.07204490674215401,0.15474105075806313,0.07869936780755538,0.2734178583713711,441,43,36.482225498537375
316,0 days 00:00:09.952401,0.07234823614757262,0.1848929354081081,0.18321511587999398,0.1552336855916329,59,36,0.018521597690406115
317,0 days 00:00:40.343849,0.03948535104971197,0.021607198642972277,0.06430639483354471,0.2417333050767082,375,34,0.4036370950400612
318,0 days 00:00:27.434058,0.011495022234157012,0.4196634098147,328.4124555868137,0.08732758610678865,257,22,16.838237550972835
319,0 days 00:00:12.215120,0.06787766393633014,0.0941114859752183,0.001018427257870283,0.060836203852649456,54,39,0.0017141759605004935
320,0 days 00:00:06.535497,0.10791035172850488,0.027049044712193215,0.006457740487169637,0.06435362956210365,30,6,17.229245230983047
321,0 days 00:00:27.848445,0.026020156007215786,0.05165288592691153,0.0023884022492253435,0.006071830296813143,132,37,0.010233838670580296
322,0 days 00:00:40.708411,0.07869576580245874,0.41985163706840645,6.512133827353447,0.00754344094372208,177,57,0.010983312802517067
323,0 days 00:00:50.629515,0.3742527005728277,0.0304491552854357,0.023468416649139765,0.11193960367836261,137,55,0.0012893668426419726
324,0 days 00:00:36.406246,0.05784538725003868,0.15372597156209192,8.512930215829911,0.23315955757540285,364,50,0.004928698744385255
325,0 days 00:01:10.059870,0.029629958129168982,0.041230956565259755,0.466853576592735,0.0493265203659875,458,26,31.996859023073263
326,0 days 00:00:10.926944,0.11948402519136742,0.018038772382285122,0.011678608471328967,0.013423761670767842,30,62,0.33257742539694224
327,0 days 00:00:05.103360,0.09717746249104785,0.32583265710858933,0.01474650053654058,0.009196587070749357,21,11,0.04143110348012508
328,0 days 00:00:44.522004,0.01530268092858309,0.01885225854107055,0.008654063415065416,0.014819586818598861,172,42,11.067192222363019
329,0 days 00:00:22.135411,0.055148470516420335,0.05089467551442806,32.16756671554559,0.23223044312759158,135,24,0.28592212878482687
330,0 days 00:00:15.672186,0.03389598627458372,0.029592604951419087,27.941455151073473,0.013962609912255996,78,9,0.004260902433279799
331,0 days 00:00:16.965739,0.23571384954472863,0.35860729961696414,0.03867971455495257,0.17275753571716246,82,29,0.5881121022225927
332,0 days 00:00:34.648990,0.12717903492851337,0.3762819424117617,67.85814382483198,0.06655877245569526,317,57,3.641538007942897
333,0 days 00:00:07.937901,0.007104128768408856,0.017111567583530073,226.33287229611076,0.007454330213570762,29,21,0.13952671879785428
334,0 days 00:00:17.135548,0.010881431824312457,0.2524899402941344,0.008559222926847389,0.0056969309971858974,153,2,0.02861207574129961
335,0 days 00:00:23.046990,0.00551666695325453,0.3723966225151859,0.0014507482397138778,0.08736665709124297,184,35,56.426893327215346
336,0 days 00:00:15.358613,0.012897604469017864,0.05527985342484935,0.0013597161247324457,0.06226180577725316,74,14,93.57400644385615
337,0 days 00:00:36.942951,0.01131167888449356,0.3458979103571521,0.007699989286415742,0.011016711080767575,139,60,177.1502565581991
338,0 days 00:00:22.925539,0.2334780093894591,0.03641491580402242,973.2304444768538,0.3007909958042706,84,32,0.04569127065382553
339,0 days 00:00:29.078618,0.07150069500751367,0.35524268915242013,0.0022844007081746645,0.013951465739792973,128,23,13.71526761932729
340,0 days 00:00:08.079148,0.3507968445499265,0.013659750886546373,71.53674147284549,0.031233883405365457,21,56,19.511675840895983
341,0 days 00:00:45.493606,0.006728975978838498,0.16035200126738788,194.75419561420972,0.012453857499908422,372,33,0.003281567613995934
342,0 days 00:00:18.532996,0.2573872577477556,0.07131811865850933,350.5131909921773,0.09515600376026938,72,27,0.026710079827840804
343,0 days 00:00:35.328298,0.005622877996545641,0.2202534894482828,27.699564626145815,0.24613765482384023,289,38,0.32644538572751497
344,0 days 00:00:08.403113,0.11411192544818019,0.3610701408198603,80.74009275309794,0.13392953158721485,45,14,851.9962975379294
345,0 days 00:00:44.279328,0.03116873309459843,0.10732471297064501,7.657047470469048,0.006778031055714098,344,5,0.03058771546032797
346,0 days 00:00:09.109242,0.2164959263869445,0.03650484647196778,0.002251242980918846,0.0830590954050437,32,34,0.5344447977612465
347,0 days 00:00:23.856840,0.22186940976787964,0.023316957169914186,0.3866284730228949,0.12234043522299858,89,55,0.002152553143747779
348,0 days 00:01:21.408473,0.27488232617901476,0.018677359410321063,0.001307168451023587,0.11950272498315959,356,13,73.95546108724741
349,0 days 00:00:10.201550,0.006754933785665015,0.06836453379701411,0.006348655154733878,0.16402127592720137,84,7,0.0022726646530067786
350,0 days 00:00:16.264757,0.4370316431887388,0.021065749551863026,1.9584740457444487,0.006320177230481395,67,17,0.003869677440182311
351,0 days 00:00:28.154585,0.013085312084355151,0.015086076568153873,193.5211924232022,0.08955243803402864,89,43,7.052679205448889
352,0 days 00:00:15.428929,0.15303594018607658,0.20612637530510927,0.00224432148047172,0.01377393077420613,48,63,301.12800155146533
353,0 days 00:00:05.348707,0.19605362983965438,0.22962396594022821,410.03994582507585,0.3958965629829574,27,12,0.001158732247675705
354,0 days 00:00:14.356099,0.06197540241230931,0.04589802597770002,767.1259813478189,0.012081849712065827,99,2,318.63979180696236
355,0 days 00:00:14.807814,0.03486103630865239,0.07465268524687294,0.0051641639096753995,0.041921643949452865,66,23,0.012472940831093043
356,0 days 00:00:41.105007,0.0077289829851233905,0.15710754237586974,22.20512298370688,0.04757456433556627,355,39,14.00275001749497
357,0 days 00:00:06.890476,0.007225312855676417,0.2731496095916989,2.1742742381237816,0.2870588796324701,31,32,0.4648584529931976
358,0 days 00:00:10.170605,0.3294808556519356,0.1684411798355537,2.978821903465834,0.3473549090485697,50,59,1.6746700925317557
359,0 days 00:00:10.924496,0.015772907836498682,0.013826685586936787,0.0012787362992366183,0.0820277323236505,41,29,0.7430994289643593
360,0 days 00:00:36.359003,0.007772664429183054,0.05143229567681465,0.18102332755798745,0.00723632544903289,149,39,719.4086910329087
361,0 days 00:00:30.875035,0.11600327761524697,0.14188227012770083,0.004913451219298357,0.0201216034668682,274,16,0.012456241429911094
362,0 days 00:00:21.972070,0.45759617618662396,0.01524589958209365,0.0016113171796413315,0.15933440939333327,62,58,6.988536996510249
363,0 days 00:00:07.385890,0.02233551712810174,0.46186565569001914,0.08945214143312191,0.12580833096613644,30,21,0.046906475407295166
364,0 days 00:00:10.377224,0.24281809838549953,0.03998248624356272,17.914988683993347,0.017355901079051016,36,24,0.0445170720814071
365,0 days 00:00:33.461368,0.07329805921381077,0.039974593079600516,2.300182197060665,0.10442051681230514,278,57,0.25201127249567135
366,0 days 00:00:05.949397,0.06857701713957043,0.19732801971140432,0.023149463056799685,0.27447597460277334,40,4,280.5745315310883
367,0 days 00:00:40.986203,0.03162461701247061,0.07203297871003918,29.28166156317827,0.12700461340493369,389,49,6.3497634941075685
368,0 days 00:00:31.194719,0.30132773832566234,0.011166629724734188,0.043229305751985955,0.2053225889655979,82,54,14.85611376156856
369,0 days 00:01:18.782239,0.018835716237677835,0.1952852122492414,0.28233686859436224,0.007481284588939809,451,12,726.6368470155516
370,0 days 00:00:43.963383,0.02238844155739231,0.059768351376773665,0.01906133285573987,0.007318028600713018,164,57,59.710209488112625
371,0 days 00:00:21.869979,0.015378035673194106,0.058288472335338626,0.7073187680839066,0.29052849101422834,183,54,0.012109505383533364
372,0 days 00:00:07.184212,0.015312090255909988,0.059107349810915685,0.0016357315436659288,0.1907360877478932,32,28,0.06733464339362634
373,0 days 00:00:32.680417,0.00949939774413931,0.08829671839826393,0.6001833606530305,0.08271020007979567,309,43,0.28218814818190124
374,0 days 00:00:07.354161,0.0054391267092334435,0.2850296730828798,0.3206894915510464,0.005879393430017186,24,52,0.012158592092707237
375,0 days 00:00:10.911285,0.014018442483164901,0.2611365263403346,0.3206191574126676,0.01856182333792739,44,26,642.2428538647935
376,0 days 00:00:05.437838,0.03051355649421715,0.14350687768323844,0.004000839708057485,0.382843935607427,29,6,0.0015519941705710344
377,0 days 00:00:20.083274,0.40631645573863856,0.020790698116656632,0.5961523684061226,0.008986529771205676,63,45,0.007340291215456452
378,0 days 00:00:38.919060,0.03387811086521314,0.11707085003443543,161.33511990262423,0.011909750941760604,309,39,0.017583968860743676
379,0 days 00:00:08.007803,0.009077698841400077,0.48373754791465245,0.00434616921773041,0.06758305772597133,28,33,45.919114276234154
380,0 days 00:00:09.419315,0.006965251786618439,0.03460335508653318,1.245582273079932,0.005621368121533873,28,51,0.0010503136715172454
381,0 days 00:00:20.728727,0.011001933028732503,0.058964386048568705,0.0028790860215805094,0.01762086095347295,167,24,0.02234505151780202
382,0 days 00:02:02.655853,0.2945032254658715,0.020972113359798608,3.376513662063186,0.015429221765385335,498,21,4.948273640683842
383,0 days 00:00:53.434216,0.10046979253282745,0.03805991312012011,0.0014865645857515108,0.08978790106359857,442,44,10.620416838721994
384,0 days 00:00:32.887279,0.013015364865030942,0.01399528449731747,0.031435506812700055,0.46874170634958506,245,34,1.4470986922369704
385,0 days 00:00:35.964684,0.007222459562751511,0.17987425361415282,0.0014805823628784827,0.009685030088557154,193,23,0.41231889894062357
386,0 days 00:00:06.540987,0.11138311014195436,0.13003710709763067,484.05695274388165,0.4495109944843009,21,57,78.62426370239179
387,0 days 00:00:21.624839,0.27215526897216247,0.011569933945968875,0.4053200797043865,0.03739286236257996,77,37,2.2902396512094785
388,0 days 00:00:45.474540,0.34932644670683627,0.06864914032130134,36.549126653240364,0.20650400928017124,208,23,5.050625124635249
389,0 days 00:00:05.388656,0.04253287773550763,0.05495854307644975,0.003225485013111536,0.025408236474683245,20,13,845.2569642535574
390,0 days 00:00:21.197499,0.05325746476824489,0.027525623501245405,4.746546994819278,0.010636884649573413,75,48,28.06520597270885
391,0 days 00:00:21.552790,0.018327869353408577,0.04559867185550549,0.8097947598002597,0.021574631534546286,120,40,0.008409045185195006
392,0 days 00:01:03.536729,0.027855442753003966,0.25078428614847503,0.06479550076170122,0.005586105038409814,405,39,0.012167710442033198
393,0 days 00:00:13.985041,0.06008329011858161,0.0807269749280768,62.68982881048151,0.1378765880254602,70,45,0.004674887397578694
394,0 days 00:01:02.309205,0.010326991770887427,0.019144217679647458,0.01400313193954618,0.17876199256258207,221,62,23.189555286283976
395,0 days 00:00:14.991785,0.13316734115723208,0.013653113110500012,0.006922687344987386,0.08601632120096435,55,33,3.3916450071228277
396,0 days 00:00:16.423780,0.04570562258169679,0.33951936101559127,108.99398395571778,0.011740671313477955,99,3,0.4628746351700694
397,0 days 00:00:34.558787,0.019669629377702225,0.23516615019909684,0.014284373319993349,0.3204431479096137,347,28,0.523863371171123
398,0 days 00:00:29.781299,0.10758681998625359,0.03825885013946374,0.0029032692883365135,0.27374841151052565,265,54,0.001514854620178059
399,0 days 00:00:29.111283,0.11203931222345617,0.17325423853834548,14.721760103636326,0.19037269242909985,204,38,0.15896494852443765
400,0 days 00:00:08.954845,0.05307866761735471,0.07155312358560595,0.1454828356515906,0.01246656186256669,32,54,0.001544519496075754
401,0 days 00:00:10.414951,0.045865200752906364,0.023302510489370883,0.00903300815766194,0.006631900119925739,37,28,1.8944361396869391
402,0 days 00:00:18.325166,0.03363807745066409,0.022544703629725552,0.1752834770940381,0.26143918410397576,133,8,0.00779733466854162
403,0 days 00:00:05.205948,0.09597379309104616,0.32025744612677187,0.7281705116930624,0.04117339434169931,32,5,26.1493084160279
404,0 days 00:00:41.319424,0.355159323457784,0.042708946787304795,174.1512788104903,0.06025224407072937,140,46,0.5649057756049711
405,0 days 00:00:26.933906,0.011490248275510258,0.26150192143717793,39.58557417504683,0.07619779513097945,228,30,0.7434687690984071
406,0 days 00:00:31.415268,0.04017775817496942,0.022606029331155957,2.4307601126161686,0.006227241778242419,183,9,0.4119821879228842
407,0 days 00:00:12.361683,0.009273347964440235,0.030062385159247904,0.10836571184620705,0.31096721519070997,61,12,66.33641186886211
408,0 days 00:01:51.937815,0.11287747455096185,0.04796019554761378,43.305612103843714,0.010772476665558257,401,52,234.16128103431726
409,0 days 00:00:15.843455,0.13309295368229007,0.07687805909080782,31.518792158719336,0.06339547104308206,71,31,0.025248070711377562
410,0 days 00:00:33.110618,0.13087583216176288,0.28189485216340326,1.3030511629014807,0.43694826915221524,172,59,0.19382153918315043
411,0 days 00:00:13.500101,0.005325931815147604,0.42233918690118943,0.009414306846500945,0.10077536677701857,113,46,2.6431063116990376
412,0 days 00:00:10.211306,0.11364761667927695,0.2244494033634062,0.044678665452899724,0.14994098652375124,39,61,0.008666774604792243
413,0 days 00:02:04.283675,0.19281823894087344,0.0212279395241417,402.4850798463004,0.35953517570408183,420,49,1.555369093627643
414,0 days 00:00:12.736716,0.012730838973229547,0.32678043406396406,211.91303791694264,0.17288911497975304,113,28,1.7302068907413326
415,0 days 00:02:00.876607,0.09513970900639793,0.03488978635835996,58.9568687480729,0.05207289119954561,485,30,1.051589159761629
416,0 days 00:00:53.147481,0.4617272003108629,0.08565637497221866,484.55698485287206,0.020688019226163312,226,30,0.007017562943119483
417,0 days 00:00:11.484230,0.0063846952657919615,0.038775516129776644,0.018234570724132967,0.30180385380365143,85,8,0.0077732450621141504
418,0 days 00:00:25.906271,0.01682915905432156,0.3902139512716234,967.0932441516064,0.023577244490988677,211,10,11.529377063163217
419,0 days 00:00:05.789934,0.07558845520719013,0.4586018863307337,394.0781612165957,0.35681175681777594,31,38,1.0860568446457795
420,0 days 00:00:16.048725,0.06015370373770473,0.02245030718048356,1.141101222233973,0.3081150873744106,69,21,389.85937589255786
421,0 days 00:00:40.406884,0.06755105691519038,0.023912425968319266,0.001281159921338799,0.008861178402902719,157,51,0.5615736937719801
422,0 days 00:00:07.192975,0.021986262611635225,0.017932988706905715,0.7819610424332348,0.054799403345262766,27,13,0.0010756696989229102
423,0 days 00:00:08.003379,0.006043952522702987,0.2007889831644882,0.024560755953490367,0.014260203841071907,58,3,1.6856317430856549
424,0 days 00:00:32.067103,0.04783174495601116,0.2693408055866947,15.595733463303945,0.016549908164636692,280,60,0.07424664777258301
425,0 days 00:00:10.651137,0.01220118766719385,0.06158182238913925,0.04112907882874271,0.48270733199401505,39,46,96.27820785016408
426,0 days 00:00:08.850920,0.009292916966783568,0.03674989981565445,22.028167031082486,0.027365961425182304,35,20,914.833343669311
427,0 days 00:00:56.047211,0.49001495962499586,0.03313366073254407,0.03097608878789068,0.015043721498558912,187,52,13.85340035867578
428,0 days 00:00:58.678370,0.0050762586054591005,0.037501417431126,54.54680191894769,0.10636484752533999,317,51,0.05504763546566418
429,0 days 00:01:09.588891,0.03569557716836409,0.030519305904719036,95.81074554882613,0.07400452821711699,292,24,0.10427458966679141
430,0 days 00:00:08.692211,0.017977773838894928,0.20828287457228103,52.86037901904968,0.0072604163621603855,36,18,222.11389187231507
431,0 days 00:00:37.018340,0.02483943836824672,0.037305308645921686,660.7876873124515,0.013960164769616838,119,56,0.05020248770015197
432,0 days 00:00:31.492118,0.030618339870131014,0.15630824654940978,440.8640670483391,0.06188253546739998,291,9,0.0033692681275855926
433,0 days 00:00:38.266820,0.008086991502293549,0.07252401533135372,0.03956295737880434,0.14074130245318198,376,6,0.0044249314329414344
434,0 days 00:00:18.744836,0.043177805953994966,0.19852645640368455,0.005394551153294249,0.019464441638944306,93,40,69.80944729777694
435,0 days 00:00:39.863469,0.1525535116603137,0.0756313543122749,0.15923297529376645,0.16022746608662664,390,29,0.26065077430899036
436,0 days 00:01:59.298318,0.08323805562570964,0.014806442895034697,0.29311655863214936,0.013412760793563856,473,47,0.0025236090469270504
437,0 days 00:00:27.671075,0.02163323757218265,0.013738571967519056,268.9013364934202,0.18902330343355403,95,46,1.4973357275822003
438,0 days 00:00:09.475183,0.024396769674163134,0.0314138304756759,420.14151308042824,0.11547027787217433,37,17,0.006204073099480237
439,0 days 00:00:05.567553,0.02283057560127181,0.010966714405598665,0.0041696887131742015,0.012586120382650825,22,8,0.013153294174526847
440,0 days 00:02:04.913089,0.12286056842532805,0.010021814571930536,6.850442999420841,0.033971697891151856,452,50,11.7835598554084
441,0 days 00:00:08.046755,0.03349284729966598,0.036280931190099036,0.869471918918241,0.12382060366187625,24,34,133.18064813282004
442,0 days 00:00:22.418691,0.09103852227048102,0.04966823580002465,4.707184113733957,0.2893302876784472,210,12,0.004539008312125642
443,0 days 00:00:09.688155,0.2894929629877927,0.06958736036629996,9.99624134400379,0.24287120097606088,45,13,0.005096115281632058
444,0 days 00:00:23.414361,0.03473041544866062,0.13197137685799787,0.002250506295758276,0.03539966108902992,191,23,0.712802136153862
445,0 days 00:00:14.908727,0.2272723420117034,0.01521245720635803,0.0016275331250334654,0.07435185566866022,56,26,121.4748355559826
446,0 days 00:00:12.059013,0.009563261355329433,0.11299003364008592,0.18066807422314796,0.058796850638528915,112,5,0.05067011709749404
447,0 days 00:00:21.271049,0.2547690783720423,0.02183918581736892,26.833669702405658,0.317258436848711,66,57,989.8292353404087
448,0 days 00:00:44.057626,0.14557268907948084,0.04139512755280329,0.7816284280372574,0.047617515975034226,291,6,454.5604062084399
449,0 days 00:00:46.137693,0.007283274058534206,0.01292714850945326,348.9293144591143,0.08304022452180942,166,39,0.008878961830562866
450,0 days 00:01:04.162292,0.0850700018261095,0.010006684977355745,0.1546300904351342,0.2512620417489369,328,18,294.0951087614543
451,0 days 00:00:16.728717,0.033843661747828,0.4726186390211744,2.4993257640576214,0.00946665187705927,61,55,214.3652343457211
452,0 days 00:00:39.041524,0.07206075734704159,0.06252721678426124,3.721399842428215,0.05652088835659665,184,17,129.22674109393702
453,0 days 00:01:31.333848,0.08367941210139707,0.0810127906861023,0.4763477270644648,0.00788051973457404,350,48,144.5256842081321
454,0 days 00:00:18.086872,0.010411170909211495,0.07621491645484134,12.954888504216958,0.09330136489272796,78,28,157.311283002764
455,0 days 00:00:37.657722,0.04374576798876937,0.24715401031323614,5.694771050211618,0.2513658105182705,380,56,1.1601320275870168
456,0 days 00:00:05.747017,0.06509394593891003,0.14471497491876312,0.02015606618828785,0.03284160123291496,20,28,0.2540281751958916
457,0 days 00:00:16.908043,0.039132814167730894,0.02955847711507733,0.3385928318608391,0.2999221001902431,72,27,481.2286634769792
458,0 days 00:00:07.913397,0.006754890155944269,0.4588488693232171,0.4620732546661846,0.15245961395332164,57,19,0.41914723097854323
459,0 days 00:00:12.515019,0.1495923625120556,0.21967185930495967,0.14030371482965,0.015770689554007226,71,6,178.92197181604078
460,0 days 00:00:19.807087,0.006770197430574998,0.12322254506906913,1.379224691973242,0.012227774812465533,77,42,0.2436283926161121
461,0 days 00:00:23.641805,0.05116727157646817,0.1484078206140549,28.582536780001927,0.07682427753587383,218,5,291.4608753111538
462,0 days 00:00:18.388472,0.030165061627688592,0.0509114362377019,0.0014155173655229527,0.00978238188032834,65,51,99.38036574015462
463,0 days 00:00:29.480642,0.01474169728135514,0.15133179311570988,0.002954599393117133,0.016466878971207532,144,32,599.3394780353972
464,0 days 00:00:26.781255,0.049010679300437225,0.01100180840622241,0.006858618675490893,0.00819213790961103,78,61,0.03290671105805895
465,0 days 00:00:23.422131,0.016021380016999324,0.045211080583782655,5.940993249772359,0.20407319489862685,185,42,0.23165362552595933
466,0 days 00:00:40.611139,0.02857429249391127,0.13229682473655768,0.24210320926601717,0.29209255068548845,299,41,0.0029207587814439216
467,0 days 00:00:06.588029,0.09025683748753507,0.4906839078347129,0.3352927166103197,0.019917559885396466,40,5,553.9304444300004
468,0 days 00:00:14.093595,0.16770390153676265,0.03879583267457681,0.002150994366689603,0.015005974848069571,57,27,0.004141309792629596
469,0 days 00:00:30.517353,0.0062556564804732125,0.05087442742674998,5.3424662501164075,0.0060929091921681534,136,38,7.509502313131698
470,0 days 00:00:39.437707,0.03241582740762921,0.03323464437808777,304.9586535911889,0.2261338440937193,167,46,0.23634797835697602
471,0 days 00:00:07.693858,0.12421575790846583,0.03156836409751885,29.008882819628848,0.22115261358397167,25,38,2.7264530115119188
472,0 days 00:00:20.745817,0.04365941881352133,0.018505841290468044,5.56545563778789,0.05938620454933565,110,17,0.3144992700082386
473,0 days 00:00:10.637224,0.21664830481040695,0.050725538386087406,10.840184654289429,0.0358903641493383,40,30,128.18764433483315
474,0 days 00:00:11.048515,0.13513549011209686,0.148023686546343,0.004466003343705306,0.03415591202759444,91,3,0.0033174729127695697
475,0 days 00:00:09.779536,0.015221890616782653,0.48440048887561127,0.001323670767486571,0.07257932991088671,52,12,87.28606810734077
476,0 days 00:00:48.371472,0.30181987674935734,0.1889774963613755,0.0018409023911935718,0.016995869129909195,205,44,11.538587495968612
477,0 days 00:00:13.625993,0.05772190243163482,0.2561261680578247,0.13975096427945302,0.030076144699662945,67,48,3.3368646629052634
478,0 days 00:00:13.448216,0.04481624474646658,0.36499621861993387,27.057203434973147,0.005606509598836718,81,5,281.070845216162
479,0 days 00:00:34.986160,0.09738461334463264,0.2218523431240942,0.35917521811952907,0.008902022550089294,259,16,0.018535901794615044
480,0 days 00:01:12.267636,0.4011059431544411,0.023209932179482893,22.340449749572187,0.1999489760298642,481,7,0.003538095492165757
481,0 days 00:00:05.732379,0.009809354258202438,0.3256333236420273,26.79465462400136,0.3422942468568059,34,7,0.009005995749483879
482,0 days 00:00:24.725348,0.11506328796174702,0.3232121392898362,0.05963157803599846,0.032613373483460814,212,48,0.13818628114723355
483,0 days 00:00:06.806257,0.007554412334252613,0.03445239124559749,6.265201128080666,0.05143235680110115,31,8,93.87826269622983
484,0 days 00:00:26.712090,0.11236908224916868,0.014154034968942878,0.5524432100448478,0.007555987808482543,199,2,6.994643804731982
485,0 days 00:00:23.426168,0.00835236654616518,0.015805473698931285,9.297337593569612,0.16284135698762872,77,49,0.015633116759599202
486,0 days 00:00:15.938454,0.011834461389791544,0.027731144777140414,818.0664172937164,0.29888052226702244,95,4,0.6835896010113532
487,0 days 00:00:23.394219,0.3316338310618998,0.05252921491567734,182.78775053867392,0.012661879120597325,95,13,989.7868863184004
488,0 days 00:00:27.128356,0.01617490003424288,0.03011355450391766,29.249357722173027,0.15133361183038024,108,34,0.8550414756782504
489,0 days 00:00:40.426077,0.009612735641181388,0.042289680337962585,14.021357693901141,0.011762237135106894,153,53,0.6330733271305694
490,0 days 00:00:09.032927,0.1501051759278268,0.1508491388120222,2.0048934637803426,0.03755822820153814,30,52,44.803809399705436
491,0 days 00:00:28.386836,0.4223623902860987,0.016570517614740633,0.0010562784959786994,0.008920816235299384,117,30,62.63263498071934
492,0 days 00:00:11.341345,0.050351419048644194,0.028125942830628626,0.5145523894214136,0.016453938006354786,37,45,0.002907871063130075
493,0 days 00:00:24.100011,0.030451369370807165,0.010546065151591661,0.09432358791805048,0.404366396493768,122,40,0.1631924834032371
494,0 days 00:00:26.338744,0.0072178652595733936,0.022641067442622568,0.015482020036494452,0.011781372390366066,159,16,0.0013792210554210201
495,0 days 00:00:36.837687,0.14594433572203527,0.018547018651578005,0.09716148317554228,0.028083327187363755,209,55,10.63496353456418
496,0 days 00:00:29.145683,0.10722526174967405,0.437964185093403,0.07024669863982183,0.020529888815990837,275,45,695.2484164593934
497,0 days 00:00:06.329000,0.06603494509790155,0.06440493720561283,23.753299016592297,0.07720578257394672,25,11,2.1935200742742005
498,0 days 00:00:15.591141,0.3740040101739949,0.025214732963455083,0.2901855852325958,0.033330870159079574,130,2,0.36766658030838184
499,0 days 00:00:05.180994,0.2797213560562614,0.02094389999655754,31.417483245827775,0.1265762745123264,24,6,831.0377685059386
