model,thresh,mse,max_mse,duration
0,0.5,0.02299928726561986,0.02574344765450498,0 days 00:00:55.620199
1,0.5,0.02300070012791474,0.02574530187086328,0 days 00:00:49.501607
2,0.5,0.023000188328030642,0.025746086743755756,0 days 00:01:04.240895
3,0.5,0.02299954570502945,0.025744051106051873,0 days 00:01:03.523960
4,0.5,0.02300012496863313,0.025746323963140447,0 days 00:01:09.052519
5,0.5,0.02299957084232121,0.02574466347557666,0 days 00:01:02.900872
6,0.5,0.023000204123697566,0.025744492132320714,0 days 00:01:08.929451
7,0.5,0.02299998910829664,0.0257481694245361,0 days 00:01:08.848064
8,0.5,0.0229996966373579,0.025745837564757727,0 days 00:00:57.903382
9,0.5,0.023000012840536436,0.025747387519753806,0 days 00:01:08.917967
10,0.5,0.023000036375409465,0.025745202675432535,0 days 00:01:26.529922
11,0.5,0.02300030080746179,0.025746667356709316,0 days 00:01:20.236067
12,0.5,0.02299960944318425,0.025745293958464442,0 days 00:01:19.902939
13,0.5,0.02300004782186409,0.025745460839643408,0 days 00:01:20.022574
14,0.5,0.023000323440948222,0.025745823410207234,0 days 00:01:19.265636
15,0.5,0.022999662961971985,0.0257444030504369,0 days 00:01:15.786160
16,0.5,0.023000791041477814,0.025745634671164242,0 days 00:01:27.670493
17,0.5,0.023000351414253745,0.025744312976208633,0 days 00:01:18.211126
18,0.5,0.022999873757613663,0.025744320642196245,0 days 00:01:27.694776
19,0.5,0.02299960448091182,0.02574557290561511,0 days 00:01:23.935345
20,0.5,0.02299921382174471,0.025743984401538644,0 days 00:01:14.107216
21,0.5,0.02299995719687323,0.02574493893772713,0 days 00:01:39.421730
22,0.5,0.022999959887642016,0.025744535312601895,0 days 00:01:39.547150
23,0.5,0.02299973016971876,0.025744448735351453,0 days 00:01:37.761895
24,0.5,0.023000289579861583,0.025746839328316142,0 days 00:01:25.632593
25,0.5,0.022999618048377423,0.025745072063380225,0 days 00:01:24.500872
26,0.5,0.02299981613596031,0.025743806059582704,0 days 00:01:43.939882
27,0.5,0.02300015526260294,0.025745789248624567,0 days 00:01:39.008260
28,0.5,0.023000224945081766,0.025744727163477782,0 days 00:01:46.414712
29,0.5,0.022999417683293104,0.025745129781423882,0 days 00:01:38.793149
30,0.5,0.023000588253835278,0.02574505442093494,0 days 00:01:37.226273
31,0.5,0.0229999022708841,0.02574538420999285,0 days 00:01:33.836077
32,0.5,0.022999857408320654,0.025744121421525608,0 days 00:01:45.766556
33,0.5,0.022999929112195262,0.02574466261965568,0 days 00:01:46.236551
34,0.5,0.02300080517645387,0.02574579984969996,0 days 00:01:44.458756
35,0.5,0.022999989453152556,0.025744715287930375,0 days 00:01:45.988748
36,0.5,0.023000498790402116,0.025746159451963187,0 days 00:01:31.178867
37,0.5,0.02300003253075461,0.025745385841477276,0 days 00:01:27.323416
38,0.5,0.023000142756137824,0.0257452302890928,0 days 00:01:28.186948
39,0.5,0.023000143899773468,0.025745740795287873,0 days 00:01:20.494450
40,0.5,0.023000195703108333,0.025744529393518175,0 days 00:01:22.373143
41,0.5,0.023000081553073322,0.02574476634512058,0 days 00:01:25.025302
42,0.5,0.023000256940467288,0.025745571590633082,0 days 00:01:37.253900
43,0.5,0.02300019095162727,0.025745353893918826,0 days 00:01:37.366799
44,0.5,0.023000312462342746,0.025745648876043675,0 days 00:01:42.718396
45,0.5,0.022999727380175288,0.025745169692031642,0 days 00:01:42.526147
46,0.5,0.023000538881419414,0.02574527511048346,0 days 00:01:44.958027
47,0.5,0.023000544581701178,0.025745767219362378,0 days 00:01:45.194100
48,0.5,0.02299958431145484,0.025746109986540946,0 days 00:01:47.774475
49,0.5,0.02300070680149403,0.025746003885070853,0 days 00:01:47.760528
50,0.5,0.022999201622474656,0.02574421066848424,0 days 00:01:36.205890
51,0.5,0.023000029602932678,0.025745076132735346,0 days 00:02:21.325783
52,0.5,0.022999770198099446,0.025744352429109853,0 days 00:02:00.082818
53,0.5,0.023000415381034273,0.02574706097930941,0 days 00:02:05.861211
54,0.5,0.02299996683777481,0.025745064492281245,0 days 00:02:05.527378
55,0.5,0.023000276399079752,0.02574652014748691,0 days 00:02:00.085739
56,0.5,0.02300043451559961,0.025745743687167196,0 days 00:01:56.905170
57,0.5,0.023000041529708255,0.025745011285586993,0 days 00:02:02.013837
58,0.5,0.02300020060862561,0.025746757290574927,0 days 00:02:02.464222
59,0.5,0.023000561217823255,0.02574414485690531,0 days 00:01:54.117906
60,0.5,0.023000195114418566,0.025744581991863656,0 days 00:02:05.845522
61,0.5,0.023000252643684764,0.02574563597600694,0 days 00:01:39.821842
62,0.5,0.02300030669792975,0.02574305137598414,0 days 00:01:31.004214
63,0.5,0.022999790444417374,0.02574564174225889,0 days 00:01:32.296985
64,0.5,0.022999661153852203,0.025745459511239122,0 days 00:01:52.175888
65,0.5,0.02299994181038039,0.02574491737685112,0 days 00:01:49.634233
66,0.5,0.022999589592222976,0.02574318954126028,0 days 00:01:47.075987
67,0.5,0.022999602612182566,0.025745651467442465,0 days 00:01:51.093354
68,0.5,0.02300049346572879,0.025746315398834502,0 days 00:01:51.100293
69,0.5,0.023000213732970034,0.02574430484764695,0 days 00:01:40.678449
70,0.5,0.02300025372247172,0.025745760802314496,0 days 00:01:38.429026
71,0.5,0.023000438138050944,0.025745913093469557,0 days 00:01:33.922749
72,0.5,0.022999586851376083,0.02574447851403936,0 days 00:01:48.747506
73,0.5,0.022999762767451835,0.02574439437705415,0 days 00:01:47.204936
74,0.5,0.023000009979397076,0.02574414139801179,0 days 00:01:24.710869
75,0.5,0.02300064294760004,0.025744631792758682,0 days 00:01:22.742907
76,0.5,0.022999775949613856,0.025743817084027277,0 days 00:01:41.795198
77,0.5,0.022999667354747292,0.025744155327542866,0 days 00:01:38.930351
78,0.5,0.022999826842328066,0.025745442225137565,0 days 00:01:53.029469
79,0.5,0.022999719036207483,0.025745141261000113,0 days 00:01:56.506465
80,0.5,0.022999293396721368,0.02574384203637803,0 days 00:01:36.430896
81,0.5,0.023000054523372282,0.02574476592480068,0 days 00:01:44.131091
82,0.5,0.023000222495937955,0.02574479640907619,0 days 00:01:58.947893
83,0.5,0.022999390962913337,0.025743813390593295,0 days 00:01:38.073325
84,0.5,0.023000200248067308,0.02574591702018995,0 days 00:01:51.671325
85,0.5,0.022999443080615415,0.02574527718799456,0 days 00:01:51.700947
86,0.5,0.022999907799164065,0.025743776371479166,0 days 00:01:41.828283
87,0.5,0.02299941128929966,0.02574564681737025,0 days 00:01:41.147377
88,0.5,0.023000794378149652,0.025746013667194746,0 days 00:01:29.586495
89,0.5,0.02300022889791772,0.02574394910550198,0 days 00:01:50.630874
90,0.5,0.022999457878814262,0.025746299209960247,0 days 00:01:50.209840
91,0.5,0.02300037107212873,0.025744731253224327,0 days 00:01:32.952949
92,0.5,0.023000041872208304,0.025745957407893212,0 days 00:01:48.327593
93,0.5,0.02300034223284613,0.025746480621781462,0 days 00:01:36.420763
94,0.5,0.022999216663058215,0.02574282673431303,0 days 00:01:47.821521
95,0.5,0.022999598458541676,0.0257433509183475,0 days 00:01:53.855574
96,0.5,0.023000627132787988,0.02574488493857368,0 days 00:01:53.244645
97,0.5,0.02300032980396638,0.025744527239998472,0 days 00:01:52.169367
98,0.5,0.023000061807647746,0.025745667824246695,0 days 00:01:50.843876
99,0.5,0.02300020457914467,0.02574522861800494,0 days 00:01:23.499137
100,0.5,0.02299965698964745,0.025744517645435668,0 days 00:01:30.089034
101,0.5,0.022999570514679008,0.02574475589914052,0 days 00:01:41.464316
102,0.5,0.022999819034269925,0.02574483583069825,0 days 00:01:48.032835
103,0.5,0.023000023308048744,0.02574666565987285,0 days 00:01:29.940283
104,0.5,0.02300008327350592,0.025744759957199888,0 days 00:01:32.675690
105,0.5,0.02299959540337682,0.025744711118695543,0 days 00:01:52.170356
106,0.5,0.022999885768694245,0.025743756030654485,0 days 00:01:49.630253
107,0.5,0.022999801081041042,0.025742837901624557,0 days 00:01:52.163348
108,0.5,0.022999632758829647,0.025744919865833743,0 days 00:01:51.887070
109,0.5,0.023000206101942085,0.025744946134393633,0 days 00:01:47.381086
110,0.5,0.023000260207494516,0.025745527656307204,0 days 00:01:43.990587
111,0.5,0.023000882109582912,0.02574442857948841,0 days 00:01:42.483678
112,0.5,0.023000348461224035,0.02574553732127545,0 days 00:01:41.693247
113,0.5,0.023000305450825816,0.0257454074869,0 days 00:01:37.958648
114,0.5,0.022999852667919804,0.025744093885854715,0 days 00:01:37.211937
115,0.5,0.02300061260791034,0.02574392607591759,0 days 00:01:45.949275
116,0.5,0.022999664159705377,0.025744619483331215,0 days 00:01:51.761122
117,0.5,0.023000192639019243,0.025745312729159787,0 days 00:01:37.866778
118,0.5,0.02300048554688913,0.02574543459667897,0 days 00:01:51.560564
119,0.5,0.023000419219168594,0.025746318973385786,0 days 00:01:51.267753
120,0.5,0.02299993952840852,0.025744947783281402,0 days 00:01:54.308442
121,0.5,0.02299983460070671,0.025744583330923766,0 days 00:01:41.914652
122,0.5,0.023000178012888,0.025745558615424737,0 days 00:01:45.254043
123,0.5,0.022999547964895423,0.02574453431063389,0 days 00:02:09.142957
124,0.5,0.022999695357580924,0.02574396680142772,0 days 00:01:50.711189
125,0.5,0.02299939189860996,0.025744420696787267,0 days 00:01:52.655540
126,0.5,0.022999462316775455,0.025744650096552593,0 days 00:01:53.657998
127,0.5,0.022999424021744187,0.02574473573633682,0 days 00:02:01.569645
128,0.5,0.022999258481471,0.025742835144734917,0 days 00:01:54.761873
129,0.5,0.02299949790078128,0.025744425501246504,0 days 00:01:58.526117
130,0.5,0.02300000572415323,0.02574429118895949,0 days 00:01:56.610156
131,0.5,0.023000526999940686,0.025745893245232396,0 days 00:01:47.738552
132,0.5,0.022999767664761746,0.025745006992067332,0 days 00:01:46.963806
133,0.5,0.02299978510486093,0.025743861786138394,0 days 00:01:54.514830
134,0.5,0.02299971145563368,0.025744662787425206,0 days 00:01:43.263581
135,0.5,0.023000620257002318,0.025745814900620608,0 days 00:01:38.061979
136,0.5,0.023001198446663155,0.025747145322400154,0 days 00:01:37.464915
137,0.5,0.02299941649914001,0.025743610237246542,0 days 00:01:31.885380
138,0.5,0.022999819788219283,0.025743596059537313,0 days 00:01:56.037974
139,0.5,0.02300032173283321,0.025744248071713428,0 days 00:01:49.377886
140,0.5,0.023000051871519614,0.025745129938680677,0 days 00:01:52.086990
141,0.5,0.023000196829345818,0.025746331750270135,0 days 00:01:42.317206
142,0.5,0.02299971283191162,0.025744952193525704,0 days 00:01:27.472202
143,0.5,0.02300027992712827,0.025745461575006616,0 days 00:01:29.221875
144,0.5,0.023000036800875805,0.025744960313974784,0 days 00:01:45.847833
145,0.5,0.02300003063187639,0.02574540929830274,0 days 00:01:47.006244
146,0.5,0.023000067349109973,0.025744460598354148,0 days 00:01:46.515893
147,0.5,0.023000377309952528,0.025746766480565907,0 days 00:01:46.783613
148,0.5,0.023000183001569124,0.025745066542790282,0 days 00:01:19.385005
149,0.5,0.023000188718713076,0.025746411897468194,0 days 00:01:25.637921
150,0.5,0.022999341913350575,0.025745093760165066,0 days 00:01:47.271108
151,0.5,0.023000248604972767,0.025744481573761465,0 days 00:01:53.613575
152,0.5,0.023000088131179156,0.025745506125529338,0 days 00:01:45.462246
153,0.5,0.02300020720531694,0.025745721962761717,0 days 00:01:41.452944
154,0.5,0.023000362134870174,0.0257447262872668,0 days 00:01:40.787141
155,0.5,0.022999651908200622,0.025743776666121865,0 days 00:01:57.066330
156,0.5,0.023000401025147634,0.025745715000979524,0 days 00:01:57.005123
157,0.5,0.022999691142897495,0.025743983222565967,0 days 00:01:48.714915
158,0.5,0.02300013888615077,0.02574558072798806,0 days 00:01:49.863631
159,0.5,0.023000214200181692,0.025746868749841327,0 days 00:01:50.004051
160,0.5,0.023000180116197606,0.025745868315865,0 days 00:01:21.715457
161,0.5,0.023000335514743755,0.025745857553771675,0 days 00:01:57.025454
162,0.5,0.02300042628498734,0.025744182850426886,0 days 00:01:59.174920
163,0.5,0.023000570453481053,0.0257452342992278,0 days 00:01:47.373406
164,0.5,0.022999976754301685,0.025744625500228272,0 days 00:01:33.776275
165,0.5,0.02300016968902776,0.025745780379835045,0 days 00:01:15.377519
166,0.5,0.02300058077018787,0.025745874811977605,0 days 00:01:42.083225
167,0.5,0.023000299908920274,0.025745731565578602,0 days 00:01:55.797049
168,0.5,0.023000548888712932,0.02574614161488067,0 days 00:01:58.145843
169,0.5,0.02300057369667164,0.025746336813422005,0 days 00:02:00.460433
170,0.5,0.02299978747477254,0.025746114407172498,0 days 00:01:57.398163
171,0.5,0.022999045700930452,0.02574436883693543,0 days 00:01:39.173583
172,0.5,0.02300019018071087,0.025746587788723765,0 days 00:01:55.383744
173,0.5,0.022999831394740967,0.025744702588278455,0 days 00:01:45.945380
174,0.5,0.023000242189505016,0.02574597780819241,0 days 00:01:46.063834
175,0.5,0.023000256554339,0.025745442151179354,0 days 00:01:45.573358
176,0.5,0.023000069495521712,0.025743470822835842,0 days 00:01:54.544599
177,0.5,0.023000310792351077,0.025745017522619644,0 days 00:01:44.723703
178,0.5,0.02300007857201828,0.025745916508039788,0 days 00:01:42.042495
179,0.5,0.023000182378455677,0.02574524474020669,0 days 00:01:42.109139
180,0.5,0.02299990140456737,0.02574423824156348,0 days 00:01:50.957053
181,0.5,0.022999673491863954,0.025745709620506166,0 days 00:01:24.678189
182,0.5,0.023000014272841776,0.025744564948634314,0 days 00:01:46.059203
183,0.5,0.023000244761732583,0.025746837499098545,0 days 00:01:43.824974
184,0.5,0.022999546276330652,0.02574454930116275,0 days 00:01:58.322882
185,0.5,0.023000711471290458,0.025746243177467702,0 days 00:01:52.271990
186,0.5,0.022999847677892128,0.025744556053301133,0 days 00:02:07.671064
187,0.5,0.023000542896205862,0.025746233964869192,0 days 00:02:03.579005
188,0.5,0.022999941663407263,0.02574461020357255,0 days 00:02:04.121914
189,0.5,0.022999668883062756,0.025745327517548714,0 days 00:01:59.841916
190,0.5,0.02300008563622332,0.02574429513408462,0 days 00:01:53.154137
191,0.5,0.02299967720357733,0.025744627958665722,0 days 00:01:58.340149
192,0.5,0.023000409454407678,0.025745378457134257,0 days 00:01:56.096842
193,0.5,0.02300011315204229,0.025743576466668104,0 days 00:01:52.110409
194,0.5,0.023000217737296418,0.025744531364897294,0 days 00:01:58.901937
195,0.5,0.023000467140406707,0.025745265314144148,0 days 00:01:58.978826
196,0.5,0.023000429264100536,0.025744433867359157,0 days 00:01:41.186746
197,0.5,0.02299979163614676,0.02574468222150258,0 days 00:01:20.849232
198,0.5,0.022999803856478353,0.02574674474536387,0 days 00:01:46.269366
199,0.5,0.023000136865347257,0.02574580520762648,0 days 00:01:47.386434
200,0.5,0.022999181345407824,0.025742823912544274,0 days 00:01:43.856212
201,0.5,0.02299995216882423,0.02574668596412446,0 days 00:01:38.738995
202,0.5,0.02300036722149932,0.02574556179857388,0 days 00:01:40.081609
203,0.5,0.022999316439269047,0.025743609486887583,0 days 00:01:56.350083
204,0.5,0.023000202818293788,0.02574658071381117,0 days 00:01:46.860739
205,0.5,0.023000016219245707,0.02574493611248539,0 days 00:01:39.233312
206,0.5,0.022999614860526374,0.02574467028360349,0 days 00:01:47.394500
207,0.5,0.023000623707273234,0.0257449328179983,0 days 00:01:28.619417
208,0.5,0.02300038819691953,0.025744372344921267,0 days 00:01:46.324728
209,0.5,0.023000224206275538,0.02574565132537348,0 days 00:01:45.763708
210,0.5,0.023000119210019217,0.02574414920758585,0 days 00:01:25.078135
211,0.5,0.02300002525204296,0.025745441900676087,0 days 00:01:56.608392
212,0.5,0.02300042303336141,0.025746257384113982,0 days 00:01:37.844293
213,0.5,0.02300047265708426,0.02574642379989918,0 days 00:01:28.471826
214,0.5,0.023000452926000125,0.025745016694633614,0 days 00:01:33.973144
215,0.5,0.022999765837099746,0.02574532177073297,0 days 00:01:33.448666
216,0.5,0.02300057169942699,0.0257457635312245,0 days 00:01:51.889504
217,0.5,0.023000074044491885,0.025745085050849242,0 days 00:01:53.585576
218,0.5,0.023000499598763845,0.025745374572377445,0 days 00:01:51.477617
219,0.5,0.023000196786841457,0.025745924574395545,0 days 00:01:38.574466
220,0.5,0.023000237505052052,0.025746268269183192,0 days 00:01:50.471039
221,0.5,0.023000211527388088,0.02574573394038365,0 days 00:01:36.384200
222,0.5,0.022999435151214782,0.025743864094034598,0 days 00:01:35.857476
223,0.5,0.02299946197055643,0.025743656522627462,0 days 00:01:38.757509
224,0.5,0.023000492078431977,0.025744928770723312,0 days 00:01:45.861298
225,0.5,0.023000613949473357,0.025746264876582006,0 days 00:01:51.739871
226,0.5,0.02300015411864301,0.0257449527468302,0 days 00:01:50.092914
227,0.5,0.023000139514406447,0.025746063001620564,0 days 00:01:50.574100
228,0.5,0.023000091338460524,0.0257447002672664,0 days 00:01:48.226189
229,0.5,0.023000179037633586,0.02574476741352437,0 days 00:01:40.294072
230,0.5,0.022999432652641892,0.025744632938986788,0 days 00:01:45.141861
231,0.5,0.023000031990210883,0.02574567045533705,0 days 00:01:52.076158
232,0.5,0.022999917793879013,0.025746492155518393,0 days 00:01:52.192870
233,0.5,0.02299981282337993,0.025745030326961786,0 days 00:01:24.708442
234,0.5,0.022999732266172444,0.02574446781775982,0 days 00:01:39.024643
235,0.5,0.022999623491348944,0.025744631402888664,0 days 00:01:44.535417
236,0.5,0.02299918281496111,0.025743675008811594,0 days 00:01:53.059977
237,0.5,0.022999541365953405,0.025744936022151006,0 days 00:01:57.502889
238,0.5,0.02300004216022175,0.025743801993165946,0 days 00:01:55.279112
239,0.5,0.02300042772761477,0.025745781434591178,0 days 00:01:55.438143
240,0.5,0.02300041113711663,0.025744929972465767,0 days 00:01:44.814977
241,0.5,0.022999206522479998,0.025744185613206072,0 days 00:01:54.928133
242,0.5,0.022999875859031346,0.025743531758341563,0 days 00:01:52.738751
243,0.5,0.02300046441764763,0.02574511036221866,0 days 00:01:52.302938
244,0.5,0.022999370193864464,0.02574658046360415,0 days 00:01:47.369889
245,0.5,0.022999722335555427,0.025745335003894462,0 days 00:02:01.927241
246,0.5,0.0229997619387162,0.025744013041785252,0 days 00:01:22.484383
247,0.5,0.02299966335110164,0.02574568390145868,0 days 00:01:52.290971
248,0.5,0.022999862667806337,0.0257445394022544,0 days 00:01:35.381732
249,0.5,0.0230001689591341,0.02574316796585754,0 days 00:01:50.411257
250,0.5,0.02300013975429563,0.025746237049707785,0 days 00:01:24.703223
251,0.5,0.02299954913458014,0.025744513118953965,0 days 00:01:38.297858
252,0.5,0.023000277746593578,0.02574545476494211,0 days 00:01:44.406802
253,0.5,0.023000088155866048,0.02574398104522491,0 days 00:01:49.518073
254,0.5,0.023000476015432852,0.02574611081234019,0 days 00:01:34.699349
255,0.5,0.02299957617700908,0.025745271870814733,0 days 00:01:46.474163
256,0.5,0.022999949117052564,0.02574486924733811,0 days 00:01:55.139703
257,0.5,0.023000187196179304,0.025746098296788932,0 days 00:01:36.207781
258,0.5,0.02299958584810814,0.025744713331765208,0 days 00:02:05.849858
259,0.5,0.02300062449523628,0.02574704842229468,0 days 00:01:57.820274
260,0.5,0.023000652164681425,0.02574592908542504,0 days 00:02:00.847081
261,0.5,0.022999402723368704,0.02574341440244861,0 days 00:02:03.076318
262,0.5,0.02299980560515752,0.025744103375863022,0 days 00:01:54.535895
263,0.5,0.02300053853083604,0.02574504443538085,0 days 00:02:06.575378
264,0.5,0.023000455970554876,0.025746392089820238,0 days 00:01:59.572881
265,0.5,0.022999845007187058,0.025744398255876558,0 days 00:02:12.925082
266,0.5,0.022999807210240062,0.025745412315939662,0 days 00:01:56.015082
267,0.5,0.02300028803207244,0.025745614814439596,0 days 00:02:01.725446
268,0.5,0.02300011780119139,0.025744159917528073,0 days 00:01:24.129260
269,0.5,0.023000048766564047,0.02574610317458659,0 days 00:01:54.257247
270,0.5,0.022999883454870588,0.025745945967747232,0 days 00:01:22.854661
271,0.5,0.022999351827946435,0.025744233887773322,0 days 00:01:51.899386
272,0.5,0.023000221215425085,0.02574644684827771,0 days 00:01:51.459342
273,0.5,0.02300047575733276,0.025746511820848656,0 days 00:01:37.032000
274,0.5,0.023000230384853108,0.025745136418746133,0 days 00:01:49.006772
275,0.5,0.023000077364359318,0.02574397868961794,0 days 00:01:37.694033
276,0.5,0.022999821249775055,0.025745113560754197,0 days 00:01:57.367644
277,0.5,0.022999637813802994,0.025745447878156393,0 days 00:01:57.778590
278,0.5,0.022999731505569835,0.025744866329591946,0 days 00:01:53.114780
279,0.5,0.023000116658496293,0.025743867315833294,0 days 00:01:50.660415
280,0.5,0.023000079779494635,0.025744806315373913,0 days 00:01:21.640510
281,0.5,0.02299985669182849,0.02574548778352325,0 days 00:01:38.233774
282,0.5,0.023000219737171864,0.02574589460126019,0 days 00:01:36.221351
283,0.5,0.023000019484936466,0.02574470707593896,0 days 00:01:35.156015
284,0.5,0.022999706055827795,0.025745015338319577,0 days 00:01:36.594254
285,0.5,0.02300063942547719,0.02574580381369634,0 days 00:01:33.028878
286,0.5,0.02300024560092511,0.025745175495917805,0 days 00:01:34.776012
287,0.5,0.022999715583450524,0.02574458727569733,0 days 00:01:52.884577
288,0.5,0.023000135414257182,0.025745457051598496,0 days 00:01:51.862445
289,0.5,0.022999399940535042,0.025744934553881174,0 days 00:01:52.621970
290,0.5,0.022999501216301024,0.025744304520513895,0 days 00:01:52.980774
291,0.5,0.023000289042544357,0.025745657182130233,0 days 00:01:38.475929
292,0.5,0.023000228410693057,0.025746348939712973,0 days 00:01:52.804583
293,0.5,0.02299944211613746,0.025744409105994664,0 days 00:01:38.997574
294,0.5,0.02300000265894297,0.025744394770312574,0 days 00:01:29.385059
295,0.5,0.022999678867240067,0.025744240983996046,0 days 00:01:46.656281
296,0.5,0.022999500048993746,0.025744893954966094,0 days 00:01:41.027186
297,0.5,0.022999907122694285,0.02574511205141871,0 days 00:01:37.729309
298,0.5,0.023000042126492315,0.02574565410907194,0 days 00:02:01.056519
299,0.5,0.02299994082743068,0.025744579624137245,0 days 00:02:00.863373
300,0.5,0.02299927036484207,0.025743544087471783,0 days 00:01:55.486123
301,0.5,0.02299983275295302,0.025745242548868886,0 days 00:01:53.994729
302,0.5,0.023000177761076206,0.025744897094331958,0 days 00:01:46.611605
303,0.5,0.022999759959620857,0.02574430517398691,0 days 00:01:44.371956
304,0.5,0.023000412925040483,0.025745455970464605,0 days 00:01:44.722696
305,0.5,0.02300085023758114,0.025746013151566258,0 days 00:01:40.382918
306,0.5,0.02300006339582411,0.025746596071395848,0 days 00:01:44.546728
307,0.5,0.022999734696336732,0.02574552216427032,0 days 00:01:38.809082
308,0.5,0.023000527899762903,0.025744661357237776,0 days 00:01:45.443116
309,0.5,0.0230002304853647,0.025745345779385302,0 days 00:01:23.742386
310,0.5,0.023000078291926806,0.02574493904552011,0 days 00:01:44.198512
311,0.5,0.02299998991866116,0.025745839341137177,0 days 00:01:51.622340
312,0.5,0.02299931600584721,0.025744895184703794,0 days 00:01:50.722178
313,0.5,0.023000429782684274,0.02574598947948198,0 days 00:01:46.805620
314,0.5,0.023000392058674633,0.02574514445651764,0 days 00:01:49.828673
315,0.5,0.022999767056764674,0.025744403528370385,0 days 00:01:31.078115
316,0.5,0.023000328954637286,0.025744785930315157,0 days 00:01:47.442262
317,0.5,0.02300028882579293,0.025746286096983973,0 days 00:01:44.417796
318,0.5,0.02299989178440374,0.02574515218643987,0 days 00:01:49.483695
319,0.5,0.02300040829478362,0.025745769044168327,0 days 00:01:33.424204
320,0.5,0.023000278161774856,0.02574486650234108,0 days 00:01:33.220239
321,0.5,0.023000079827978203,0.025744887345786387,0 days 00:01:26.762666
322,0.5,0.022999825118615144,0.02574558083486353,0 days 00:01:33.937311
323,0.5,0.0229996532657779,0.025746019804385373,0 days 00:02:04.890500
324,0.5,0.022999932157037405,0.025744951042177805,0 days 00:01:46.910257
325,0.5,0.023000162113214557,0.025744613445848878,0 days 00:01:52.942865
326,0.5,0.022999536244402177,0.025743681686666086,0 days 00:02:16.546633
327,0.5,0.023000657547000144,0.02574738652443285,0 days 00:02:10.314364
328,0.5,0.022999323532387306,0.02574318641649571,0 days 00:02:17.494555
329,0.5,0.022999356521792493,0.02574510516670063,0 days 00:02:12.448124
330,0.5,0.023000078750121056,0.025745130711854126,0 days 00:02:26.771787
331,0.5,0.0230001984233295,0.025746420093165134,0 days 00:02:26.027891
332,0.5,0.02299983303862432,0.025744007791628807,0 days 00:02:19.011490
333,0.5,0.022999725397292108,0.025745379080543064,0 days 00:02:08.859484
334,0.5,0.0229996774122107,0.02574336075490765,0 days 00:01:49.970101
335,0.5,0.02299999882636155,0.025745359476790207,0 days 00:01:55.606335
336,0.5,0.02300043556673322,0.025744830737343155,0 days 00:01:56.552973
337,0.5,0.023000439955054085,0.025745687081023726,0 days 00:01:50.673647
338,0.5,0.022999001279165418,0.025744180994079702,0 days 00:01:38.673503
339,0.5,0.023000756712931236,0.025746957748284435,0 days 00:01:39.227498
340,0.5,0.023000201277854994,0.02574790581128649,0 days 00:01:46.496133
341,0.5,0.022999958479395545,0.025744953347477416,0 days 00:01:46.090106
342,0.5,0.023000004056195008,0.025745109298435064,0 days 00:01:43.688204
343,0.5,0.02300008683861487,0.025745225253459982,0 days 00:01:44.449773
344,0.5,0.023000457952661195,0.0257442705759412,0 days 00:01:43.719240
345,0.5,0.023000144453820558,0.02574509826263447,0 days 00:01:37.963145
346,0.5,0.022999397511815782,0.025743867891013746,0 days 00:01:48.693951
347,0.5,0.023000240256127513,0.0257456462077195,0 days 00:01:44.826359
348,0.5,0.022999280206072014,0.025744604249091283,0 days 00:02:08.593999
349,0.5,0.02300114767768914,0.025747253369403218,0 days 00:01:40.979885
350,0.5,0.022999639537253886,0.025744484030968063,0 days 00:01:38.749345
351,0.5,0.023000815859412552,0.02574512366287734,0 days 00:01:38.156000
352,0.5,0.023000041290200664,0.02574590982050069,0 days 00:01:42.688385
353,0.5,0.023000525778599668,0.02574568295237098,0 days 00:01:37.798134
354,0.5,0.022999490347689687,0.025744776763005347,0 days 00:01:41.758640
355,0.5,0.02300035280897744,0.025745431973854448,0 days 00:01:40.448264
356,0.5,0.022999965967111145,0.02574588783602637,0 days 00:01:45.700526
357,0.5,0.022999570189494493,0.025744710146833084,0 days 00:01:57.386213
358,0.5,0.023000258406010922,0.025745035990621872,0 days 00:01:44.429848
359,0.5,0.023000028114336282,0.025745495766141786,0 days 00:01:38.788014
360,0.5,0.022999582738885898,0.025745511300979757,0 days 00:01:52.533766
361,0.5,0.02300015710435066,0.025745772076200716,0 days 00:01:48.393732
362,0.5,0.02300073857132531,0.025747269195670577,0 days 00:01:34.532863
363,0.5,0.022999912413566328,0.025743737644678587,0 days 00:01:51.952629
364,0.5,0.02300003159143269,0.02574360869542175,0 days 00:01:49.988951
365,0.5,0.023000573143000726,0.02574512908274304,0 days 00:01:48.605485
366,0.5,0.022999949207588605,0.02574553532938092,0 days 00:01:28.077327
367,0.5,0.023000051634493212,0.025745705831821033,0 days 00:01:33.682756
368,0.5,0.02299984018033542,0.02574395384633328,0 days 00:01:47.519747
369,0.5,0.02299991374899508,0.025743835176319754,0 days 00:01:44.045000
370,0.5,0.02300026869923571,0.02574439824771074,0 days 00:01:34.712683
371,0.5,0.023000959776814572,0.025746884735607448,0 days 00:01:32.983338
372,0.5,0.022999939680052928,0.025746173886831848,0 days 00:01:47.614128
373,0.5,0.023000175252801146,0.025744486635620234,0 days 00:01:45.173355
374,0.5,0.022999822270914978,0.025743416041644117,0 days 00:01:50.924446
375,0.5,0.02299962536247519,0.02574587274610657,0 days 00:01:50.235468
376,0.5,0.02300011161549546,0.025745822933127757,0 days 00:01:40.001836
377,0.5,0.022999739764954816,0.025746619970103336,0 days 00:01:51.482676
378,0.5,0.023000357256608584,0.02574594127758209,0 days 00:01:42.140367
379,0.5,0.022999892825889386,0.025745727466602246,0 days 00:01:41.429551
380,0.5,0.02299987421393062,0.0257460554156075,0 days 00:01:46.034066
381,0.5,0.022999177899068975,0.025745228544410165,0 days 00:01:35.362196
382,0.5,0.02299992085614687,0.025743367550069337,0 days 00:01:32.188290
383,0.5,0.022999977446926924,0.025744078026037415,0 days 00:01:54.577649
384,0.5,0.02300032287043695,0.02574500815735646,0 days 00:01:50.945007
385,0.5,0.02300027761782949,0.02574598785193265,0 days 00:01:42.414433
386,0.5,0.02299964492148805,0.025745501966176584,0 days 00:01:24.246567
387,0.5,0.022999726043649884,0.02574424177972186,0 days 00:02:15.860548
388,0.5,0.023000707381311835,0.025746440215128622,0 days 00:02:08.365969
389,0.5,0.022999931892644005,0.025746458710116084,0 days 00:01:30.316517
390,0.5,0.023000879670527333,0.02574595016662942,0 days 00:02:10.867842
391,0.5,0.022999936533863858,0.02574679927941732,0 days 00:02:18.183099
392,0.5,0.023000156794808397,0.025744997503901332,0 days 00:01:41.915299
393,0.5,0.022999818865725944,0.02574600871615843,0 days 00:01:49.982414
394,0.5,0.023000466416150143,0.025745607905832496,0 days 00:02:04.357158
395,0.5,0.022999745931614135,0.025745644959476788,0 days 00:02:04.642385
396,0.5,0.022999607706886707,0.025744990284057856,0 days 00:01:52.418324
397,0.5,0.02299931602260716,0.025744807798224387,0 days 00:01:59.150211
398,0.5,0.022999838197530296,0.02574591553994216,0 days 00:01:29.243435
399,0.5,0.022999834595815904,0.025745038750639323,0 days 00:01:34.623051
400,0.5,0.023000414222542884,0.02574679010531712,0 days 00:01:40.204644
401,0.5,0.02300039068615562,0.02574652660220725,0 days 00:01:37.878851
402,0.5,0.022999989226375517,0.02574315889512382,0 days 00:01:40.280993
403,0.5,0.023000071111979055,0.02574443827463627,0 days 00:01:34.033105
404,0.5,0.02299989002588833,0.025745084863172334,0 days 00:01:50.445080
405,0.5,0.023000251841206538,0.025745611114536788,0 days 00:01:48.150146
406,0.5,0.023000311295650215,0.025746284166828583,0 days 00:01:45.619239
407,0.5,0.022999764805201193,0.025745206167799576,0 days 00:01:29.844039
408,0.5,0.022999481011276714,0.025744378143875396,0 days 00:01:25.778702
409,0.5,0.022999161526055797,0.025744510473442707,0 days 00:01:35.240579
410,0.5,0.022999872461555663,0.025744140076486906,0 days 00:01:47.746447
411,0.5,0.02300026394521373,0.025745610243851358,0 days 00:01:47.588860
412,0.5,0.022999956794937933,0.02574625712452614,0 days 00:01:50.313313
413,0.5,0.023000313144802685,0.02574532800247374,0 days 00:01:49.401312
414,0.5,0.023000510081236086,0.025745538902079704,0 days 00:01:25.627283
415,0.5,0.023000125509580076,0.025744408468631488,0 days 00:01:44.108587
416,0.5,0.02299987386991335,0.025745538320800686,0 days 00:01:31.379744
417,0.5,0.023000119010222482,0.025745054401058204,0 days 00:01:26.463399
418,0.5,0.023000611807446846,0.0257473729290465,0 days 00:01:41.737803
419,0.5,0.0230007295737343,0.025746911481460414,0 days 00:01:32.072569
420,0.5,0.023000328928733802,0.02574533833425128,0 days 00:01:50.220148
421,0.5,0.023000308630938188,0.02574550972986205,0 days 00:01:50.456755
422,0.5,0.022999948196611403,0.025745243544456477,0 days 00:01:48.036264
423,0.5,0.02299991739986701,0.02574533395211853,0 days 00:01:46.820552
424,0.5,0.022998764788675383,0.025744113439847262,0 days 00:01:41.033539
425,0.5,0.022999751617592143,0.025744109081757074,0 days 00:01:39.807849
426,0.5,0.02299986351598155,0.02574571089073359,0 days 00:01:39.204380
427,0.5,0.023000083782739586,0.025745091157614346,0 days 00:01:47.498686
428,0.5,0.02299947324938324,0.025745472511408022,0 days 00:01:38.875215
429,0.5,0.022999926711770518,0.02574567470907246,0 days 00:01:55.202878
430,0.5,0.023000679188005302,0.025745818774187367,0 days 00:01:25.079104
431,0.5,0.022999992590620723,0.025745014928134392,0 days 00:01:55.212921
432,0.5,0.0230010954855978,0.0257461741938824,0 days 00:01:50.369165
433,0.5,0.022999682541996833,0.025745689543361042,0 days 00:01:57.967337
434,0.5,0.022999827923910504,0.025746007140488077,0 days 00:01:49.825251
435,0.5,0.022999783223660756,0.025745164085650106,0 days 00:01:44.892548
436,0.5,0.023000358157302205,0.02574487860488124,0 days 00:01:44.414263
437,0.5,0.023000949306488456,0.025747491494120416,0 days 00:02:09.124484
438,0.5,0.022999843003551842,0.025745048992032234,0 days 00:02:11.305999
439,0.5,0.022999978299362737,0.025744369914950112,0 days 00:02:00.429873
440,0.5,0.023000161104855168,0.025745439681452206,0 days 00:02:03.631411
441,0.5,0.02300007300993896,0.02574545073360987,0 days 00:01:41.133861
442,0.5,0.023000150568774483,0.02574718601565107,0 days 00:01:59.323184
443,0.5,0.023000167460458888,0.02574363256867688,0 days 00:01:57.418745
444,0.5,0.02299986318570646,0.025744693392317407,0 days 00:01:58.731221
445,0.5,0.022999754292487358,0.025745186643648665,0 days 00:01:58.599815
446,0.5,0.022999304020559285,0.025744705085648006,0 days 00:01:57.062459
447,0.5,0.022999757439785093,0.025744458118234434,0 days 00:01:33.237384
448,0.5,0.02300104087789737,0.02574654182960402,0 days 00:01:51.174778
449,0.5,0.02300021889485903,0.0257448315949545,0 days 00:01:50.155159
450,0.5,0.023001225943346724,0.02574671349085519,0 days 00:01:55.965997
451,0.5,0.022999938868077264,0.02574481485629733,0 days 00:01:31.976327
452,0.5,0.023000156415396992,0.025747066967259338,0 days 00:01:26.023463
453,0.5,0.022999960099554243,0.025744339384197328,0 days 00:01:47.152941
454,0.5,0.023000232625578387,0.025744873173856084,0 days 00:01:52.485326
455,0.5,0.022999932209853177,0.025746262014271156,0 days 00:01:54.635849
456,0.5,0.02300046605587119,0.025746479596962336,0 days 00:01:51.053698
457,0.5,0.02299952459547405,0.02574301030028485,0 days 00:02:13.814722
458,0.5,0.02299906584446527,0.025744335725954998,0 days 00:02:01.396015
459,0.5,0.022999965819648912,0.02574494487659562,0 days 00:02:09.840063
460,0.5,0.02299995891362662,0.025745441842913563,0 days 00:02:14.803181
461,0.5,0.023000359979052688,0.025745074392209116,0 days 00:02:18.840691
462,0.5,0.02300006576860651,0.0257463154692744,0 days 00:02:30.249923
463,0.5,0.02299974880807885,0.02574518276290284,0 days 00:02:05.724250
464,0.5,0.023000150064095327,0.025746535884385552,0 days 00:01:56.373354
465,0.5,0.02299986822950719,0.025745143839988105,0 days 00:02:02.692441
466,0.5,0.02300052312271367,0.025745759368816297,0 days 00:01:56.190867
467,0.5,0.0230004487133295,0.02574614045580659,0 days 00:01:24.212460
468,0.5,0.02299957261008406,0.025744162452683062,0 days 00:01:48.925698
469,0.5,0.023000408121412366,0.025746352297753895,0 days 00:01:44.594527
470,0.5,0.02300034752069443,0.025745775099645547,0 days 00:01:47.145989
471,0.5,0.02300086758982164,0.02574646010026487,0 days 00:01:37.543653
472,0.5,0.0230005832257209,0.02574605100924589,0 days 00:01:33.171945
473,0.5,0.023000082824657878,0.025744551312404777,0 days 00:01:35.223183
474,0.5,0.022999206872659043,0.02574394162559457,0 days 00:01:32.500169
475,0.5,0.0230000285689083,0.02574529832017628,0 days 00:01:37.867249
476,0.5,0.02299973622951377,0.025745577185825277,0 days 00:01:34.762369
477,0.5,0.02300028875508709,0.02574410275907547,0 days 00:01:43.872120
478,0.5,0.02300043106471697,0.025743192489441197,0 days 00:01:46.675708
479,0.5,0.023000216329627222,0.025746078297374884,0 days 00:01:46.215683
480,0.5,0.022999637801058532,0.025744837992690724,0 days 00:01:50.626310
481,0.5,0.022999522177886207,0.02574556497163864,0 days 00:01:45.282663
482,0.5,0.023000312378147984,0.02574606084451067,0 days 00:01:47.692299
483,0.5,0.022999822100210527,0.02574505403954783,0 days 00:01:47.858014
484,0.5,0.023000293745514995,0.025744381373595863,0 days 00:01:46.676438
485,0.5,0.023000398276077277,0.025746607669731338,0 days 00:01:43.447919
486,0.5,0.02299963536698857,0.025746088462290168,0 days 00:01:33.145990
487,0.5,0.02300018610503289,0.02574529291389765,0 days 00:01:49.987287
488,0.5,0.023000683066204806,0.025745387791799624,0 days 00:01:33.906595
489,0.5,0.023000119461374795,0.025744681011946692,0 days 00:01:46.288307
490,0.5,0.022999737454800225,0.02574573840389428,0 days 00:01:35.781553
491,0.5,0.02299903785151342,0.025744562704741354,0 days 00:01:46.046056
492,0.5,0.022999753085098957,0.02574546880327833,0 days 00:01:35.588710
493,0.5,0.02299989187558136,0.0257470734947755,0 days 00:01:52.669080
494,0.5,0.023000545987438392,0.025744805889042693,0 days 00:01:50.641747
495,0.5,0.022998974012228203,0.02574217764356466,0 days 00:01:49.312151
496,0.5,0.02299982831877833,0.02574406344410555,0 days 00:01:46.703484
497,0.5,0.023000392936388035,0.02574535857893839,0 days 00:01:42.540646
498,0.5,0.023000511899946053,0.02574625289978465,0 days 00:01:48.234266
499,0.5,0.02300016133452437,0.025745303555628908,0 days 00:01:35.527532
500,0.5,0.023000220122140178,0.02574418068159532,0 days 00:01:58.004519
501,0.5,0.02300046834639644,0.025745337775366278,0 days 00:01:51.373374
502,0.5,0.022999685451586295,0.025745601033312127,0 days 00:01:47.831429
503,0.5,0.02300010441036894,0.025745817558402818,0 days 00:01:39.983855
504,0.5,0.02299995053726353,0.0257450351447644,0 days 00:01:46.624652
505,0.5,0.02299958806959789,0.0257435494706731,0 days 00:01:48.836585
506,0.5,0.02299956059843736,0.025745788218806062,0 days 00:01:48.153066
507,0.5,0.02300031340237518,0.02574608574643519,0 days 00:01:37.403478
508,0.5,0.02300034510971478,0.025745805519565384,0 days 00:01:53.163283
509,0.5,0.022999710834460986,0.02574412286939862,0 days 00:01:53.539179
510,0.5,0.02299960791514401,0.025745798792369986,0 days 00:01:27.096528
511,0.5,0.022999642380640787,0.025745720697934623,0 days 00:01:32.058685
512,0.5,0.023000075055616402,0.025744002447311173,0 days 00:01:54.217824
513,0.5,0.023000128287390394,0.025745801921406575,0 days 00:01:41.001940
514,0.5,0.022999589001564326,0.025743916857166357,0 days 00:01:46.162414
515,0.5,0.022999952817131183,0.025745048958659658,0 days 00:01:44.265307
516,0.5,0.022999695158949507,0.025745352839469975,0 days 00:01:44.082072
517,0.5,0.02299968348978331,0.025745449989004313,0 days 00:01:49.183626
518,0.5,0.023000497274895008,0.025745554856288207,0 days 00:01:43.589505
519,0.5,0.02299951721471823,0.025743516621846062,0 days 00:02:12.188596
520,0.5,0.02299973052771965,0.025744550450912913,0 days 00:02:06.438378
521,0.5,0.022999798268073447,0.025744891309578813,0 days 00:01:59.159581
522,0.5,0.02299943829024669,0.025743367287111477,0 days 00:01:54.312012
523,0.5,0.02300007642526899,0.025746104464988328,0 days 00:02:03.904056
524,0.5,0.023000241213942747,0.025745310877087303,0 days 00:02:13.054249
525,0.5,0.022999408812811702,0.025743602288254334,0 days 00:02:12.686494
526,0.5,0.02300009423488106,0.025743864091611987,0 days 00:02:12.564248
527,0.5,0.023000612845766936,0.02574469749498168,0 days 00:02:05.441431
528,0.5,0.023000329587144736,0.02574689521875616,0 days 00:02:03.093423
529,0.5,0.02300007410393855,0.025745743228236438,0 days 00:01:52.935856
530,0.5,0.023000217828889863,0.0257460388634074,0 days 00:01:49.206557
531,0.5,0.0229990009975944,0.025744820218675572,0 days 00:01:41.182186
532,0.5,0.023000028700433474,0.02574399620344401,0 days 00:01:45.447133
533,0.5,0.02300019439653589,0.025743846710993303,0 days 00:01:28.104651
534,0.5,0.022999417896123756,0.025744747843151294,0 days 00:01:49.500826
535,0.5,0.02299999711831937,0.025744212180608714,0 days 00:01:22.397468
536,0.5,0.023000457999426318,0.025745732961752567,0 days 00:01:49.298103
537,0.5,0.02299887985501416,0.02574389816266684,0 days 00:01:41.848442
538,0.5,0.022999963002753875,0.025744646495466216,0 days 00:01:36.189176
539,0.5,0.02299990955514351,0.02574515773142787,0 days 00:01:35.475720
540,0.5,0.022999871754741854,0.025745400356134533,0 days 00:01:57.078246
541,0.5,0.023000509929790438,0.02574678930235486,0 days 00:01:55.289020
542,0.5,0.022999953740502854,0.025745480995676813,0 days 00:01:49.883141
543,0.5,0.022999757788443913,0.025745411651465187,0 days 00:01:50.223062
544,0.5,0.02299999718159901,0.025743974600056382,0 days 00:01:32.219380
545,0.5,0.02299971244396256,0.025744509014904556,0 days 00:01:22.185093
546,0.5,0.023000541903034494,0.025745258273819818,0 days 00:01:24.750677
547,0.5,0.02299923850553533,0.025744232379106224,0 days 00:01:33.481279
548,0.5,0.02300010392157127,0.025746290804185074,0 days 00:01:35.646636
549,0.5,0.022999913488239373,0.025744660403784418,0 days 00:01:34.054437
550,0.5,0.022999852936412716,0.025746092106547148,0 days 00:01:39.008766
551,0.5,0.023000433478221907,0.02574603878144101,0 days 00:01:51.854523
552,0.5,0.02300037865649248,0.025745570561953188,0 days 00:01:49.232216
553,0.5,0.0230000466016441,0.025744838639133114,0 days 00:01:53.953164
554,0.5,0.022999673876145797,0.025745913863204885,0 days 00:01:41.367077
555,0.5,0.02300023950459698,0.025745696563336456,0 days 00:01:50.958432
556,0.5,0.022999500119954986,0.025744570362789224,0 days 00:01:46.444786
557,0.5,0.023000069376320684,0.025745319345955177,0 days 00:01:35.721837
558,0.5,0.02299970752493058,0.02574510543979036,0 days 00:01:40.671460
559,0.5,0.022999973418587578,0.025744411132949334,0 days 00:01:41.025874
560,0.5,0.02300029653974191,0.02574586234353348,0 days 00:01:30.483625
561,0.5,0.02300057746374326,0.02574711793480123,0 days 00:01:30.372129
562,0.5,0.022999655217380108,0.025743814061260577,0 days 00:01:48.221894
563,0.5,0.022999811874155805,0.025744617379807898,0 days 00:01:34.868325
564,0.5,0.022999686946697587,0.02574497685562533,0 days 00:01:46.242311
565,0.5,0.02299959748949867,0.025744390138672975,0 days 00:01:44.192099
566,0.5,0.02299987719250206,0.025745828380517328,0 days 00:01:46.714422
567,0.5,0.022999913211022346,0.02574326711685482,0 days 00:01:48.759839
568,0.5,0.023000396152682772,0.02574556364230397,0 days 00:01:31.169204
569,0.5,0.023000306832153858,0.025744941614178854,0 days 00:01:47.263498
570,0.5,0.023000102766790577,0.025744202240733143,0 days 00:01:39.285037
571,0.5,0.023000228292297836,0.0257452522914405,0 days 00:01:39.797356
572,0.5,0.022999838822638494,0.02574526101296203,0 days 00:01:35.620429
573,0.5,0.022999890205126577,0.025744429049730726,0 days 00:01:30.727501
574,0.5,0.0230005696132952,0.02574678895184425,0 days 00:02:01.807227
575,0.5,0.022999968534539176,0.02574511766099415,0 days 00:01:54.456378
576,0.5,0.023000583728102156,0.025744770825781714,0 days 00:01:23.931242
577,0.5,0.02300020620835991,0.025744990162087547,0 days 00:01:47.988618
578,0.5,0.023000207487277446,0.025744237645421393,0 days 00:01:36.036860
579,0.5,0.022999721442730277,0.02574499261792345,0 days 00:01:20.649400
580,0.5,0.023000260816754693,0.025746455451356464,0 days 00:01:46.663054
581,0.5,0.022999733464929045,0.025744462888083665,0 days 00:01:47.301871
582,0.5,0.023000039483816365,0.025744777757477227,0 days 00:01:58.251597
583,0.5,0.023000575841813625,0.025746316959134288,0 days 00:02:04.864243
584,0.5,0.023000169989499573,0.025745310837367644,0 days 00:01:57.891141
585,0.5,0.023000486908434554,0.02574483514335502,0 days 00:01:38.354514
586,0.5,0.022999416897630933,0.02574426509974296,0 days 00:01:35.854349
587,0.5,0.02300049230668211,0.02574564738854393,0 days 00:01:42.706072
588,0.5,0.02300097728774676,0.02574757530861052,0 days 00:01:55.276247
589,0.5,0.022999949224925,0.02574380524569928,0 days 00:01:52.780843
590,0.5,0.022999718901955644,0.02574404952438599,0 days 00:02:04.657723
591,0.5,0.02299959635800718,0.0257446340621757,0 days 00:01:56.893814
592,0.5,0.022999796037185157,0.02574485151344813,0 days 00:02:12.834363
593,0.5,0.02300001457354734,0.025744456584320653,0 days 00:02:04.807147
594,0.5,0.022999961090176144,0.025744204912900765,0 days 00:01:59.838691
595,0.5,0.022999950991541698,0.02574470607016661,0 days 00:02:05.062787
596,0.5,0.022999761492838108,0.025744182036461918,0 days 00:02:05.112590
597,0.5,0.022999941644734387,0.025743722352303888,0 days 00:02:02.043630
598,0.5,0.02300015558920709,0.025744787624553504,0 days 00:02:06.271319
599,0.5,0.02299998635097525,0.025744597673354935,0 days 00:01:55.901675
600,0.5,0.023000350664703056,0.02574596303415404,0 days 00:01:20.476246
601,0.5,0.02300013073671486,0.025744733976880867,0 days 00:01:56.859758
602,0.5,0.023000250100974944,0.025745551612043286,0 days 00:01:35.440949
603,0.5,0.02299969680248459,0.025744413061719422,0 days 00:01:35.580922
604,0.5,0.022998894152219975,0.025745543790344726,0 days 00:01:44.119590
605,0.5,0.023000522110723527,0.025745481765006222,0 days 00:01:42.122668
606,0.5,0.023000291761133943,0.025746213588016875,0 days 00:01:36.984508
607,0.5,0.023000373862928313,0.025746334321763053,0 days 00:01:41.309837
608,0.5,0.023000169432261495,0.025745797817165017,0 days 00:01:47.647425
609,0.5,0.023000493152928722,0.025745988364523995,0 days 00:01:49.292060
610,0.5,0.02299983129263186,0.025744250370507833,0 days 00:01:42.768572
611,0.5,0.022999696513610102,0.025744846144318753,0 days 00:01:48.533222
612,0.5,0.02299988535717324,0.02574441998492282,0 days 00:01:47.117852
613,0.5,0.02300060853507956,0.025746417941193533,0 days 00:01:44.354173
614,0.5,0.022999314949474502,0.02574481009318396,0 days 00:01:34.901577
615,0.5,0.022999880380006305,0.025744926606166185,0 days 00:01:48.697156
616,0.5,0.023000074990719235,0.025747092698038977,0 days 00:01:49.082117
617,0.5,0.023000348265988367,0.025745459288696104,0 days 00:01:48.866836
618,0.5,0.023000052109000288,0.025745478840582658,0 days 00:01:57.663179
619,0.5,0.02300009017869204,0.025746236930965994,0 days 00:01:37.140298
620,0.5,0.023000190154831044,0.02574590342979212,0 days 00:01:50.627209
621,0.5,0.022999942427925538,0.025744454723227984,0 days 00:01:23.331160
622,0.5,0.02300038046854706,0.025745814834791582,0 days 00:01:49.491432
623,0.5,0.022999425654675547,0.02574466700285642,0 days 00:01:28.792610
624,0.5,0.023000893967138582,0.025745210053854262,0 days 00:01:55.600719
625,0.5,0.023000252860139257,0.025746174460789348,0 days 00:01:47.834181
626,0.5,0.022999397211004337,0.02574509835253423,0 days 00:01:49.843741
627,0.5,0.023000213472228165,0.025746324075725205,0 days 00:01:53.539272
628,0.5,0.02300059813318636,0.025745603274847016,0 days 00:01:30.462786
629,0.5,0.023000403241463057,0.025745524125669626,0 days 00:01:35.869287
630,0.5,0.02300000921515969,0.02574443783557338,0 days 00:01:54.211007
631,0.5,0.02300080309002706,0.025745206874471408,0 days 00:01:50.838170
632,0.5,0.023000105294149528,0.02574496524093316,0 days 00:01:44.470962
633,0.5,0.0230006944217159,0.02574610838748172,0 days 00:01:30.890768
634,0.5,0.02299911656597835,0.0257445881109759,0 days 00:01:41.816413
635,0.5,0.023000172236302765,0.025745086277165433,0 days 00:01:50.447955
636,0.5,0.023000057657442497,0.025745453659702072,0 days 00:01:39.534089
637,0.5,0.023000453637168863,0.025745314158151154,0 days 00:01:48.330700
638,0.5,0.022999632717417978,0.025744959477613398,0 days 00:01:36.591729
639,0.5,0.023000338154460773,0.02574556747154345,0 days 00:01:31.266451
640,0.5,0.023000144017884947,0.02574568055844598,0 days 00:01:30.932219
641,0.5,0.023000098483377824,0.02574564505802409,0 days 00:01:56.802320
642,0.5,0.02300060513623466,0.025745560148761632,0 days 00:01:50.285174
643,0.5,0.023000493677524752,0.02574589083879324,0 days 00:01:49.901681
644,0.5,0.022999342326910553,0.02574483129795909,0 days 00:01:31.565748
645,0.5,0.022999572242855388,0.025745603281168827,0 days 00:01:34.034222
646,0.5,0.023000400119529363,0.025745221884749443,0 days 00:01:28.861237
647,0.5,0.022999759667489,0.025743306467310333,0 days 00:01:39.936946
648,0.5,0.023000241472093563,0.02574572353860101,0 days 00:01:48.198837
649,0.5,0.023000460283697278,0.025744775210417084,0 days 00:01:52.295682
650,0.5,0.022999492051937603,0.025744877744410036,0 days 00:01:50.646879
651,0.5,0.023000008071154324,0.025744869212091757,0 days 00:01:51.452839
652,0.5,0.022999880393236003,0.025745325959642535,0 days 00:01:49.224139
653,0.5,0.022999786902063335,0.025743913731610238,0 days 00:01:49.691708
654,0.5,0.02300052203776453,0.025745019905828396,0 days 00:01:47.643788
655,0.5,0.023000254930927493,0.025745355540477955,0 days 00:01:37.575008
656,0.5,0.022999859534205934,0.025744471308489312,0 days 00:01:37.826007
657,0.5,0.022999575609023225,0.025744131134236584,0 days 00:01:30.960149
658,0.5,0.02300007852941866,0.025745184579546145,0 days 00:01:58.107743
659,0.5,0.02299979157044689,0.025744341203488372,0 days 00:01:59.697352
660,0.5,0.02300018284494004,0.02574578543230851,0 days 00:01:56.226511
661,0.5,0.022999817311628024,0.025744436503412294,0 days 00:01:56.826805
662,0.5,0.023000689935895557,0.02574633708115766,0 days 00:02:08.773613
663,0.5,0.022999855417706973,0.02574579205960364,0 days 00:02:02.929917
664,0.5,0.023000544738449865,0.02574675435250976,0 days 00:01:50.731668
665,0.5,0.023000505258695136,0.02574614268185142,0 days 00:02:07.656328
666,0.5,0.022999898839421596,0.02574563655412917,0 days 00:02:13.795621
667,0.5,0.02299997568035142,0.025744598958081153,0 days 00:01:56.657516
668,0.5,0.023000226632139686,0.02574416748897049,0 days 00:01:56.286374
669,0.5,0.02299917694116149,0.02574496522645577,0 days 00:01:39.293337
670,0.5,0.023000099282921793,0.025745643742126442,0 days 00:01:43.516832
671,0.5,0.022999868384321775,0.02574663050463322,0 days 00:01:43.146363
672,0.5,0.023000757246730046,0.025747525957058346,0 days 00:01:46.180519
673,0.5,0.02300043986877217,0.025745607977250253,0 days 00:01:49.920004
674,0.5,0.023000419270310057,0.02574657637281577,0 days 00:01:49.807101
675,0.5,0.022999992829903764,0.025744671996233096,0 days 00:01:47.261531
676,0.5,0.02299986675565435,0.025745780537078048,0 days 00:01:43.099980
677,0.5,0.02300004125046233,0.02574515197455479,0 days 00:01:46.907895
678,0.5,0.02300025203814937,0.025747202857147485,0 days 00:01:32.167480
679,0.5,0.02300009721464436,0.025744406129125597,0 days 00:01:35.724613
680,0.5,0.023000426343130514,0.02574546173823081,0 days 00:01:32.503826
681,0.5,0.02299990723828243,0.025744484051838375,0 days 00:01:42.877644
682,0.5,0.023000563939198252,0.02574598279397682,0 days 00:01:42.831557
683,0.5,0.023000066293028535,0.025744978511877126,0 days 00:01:51.177303
684,0.5,0.02299982998001093,0.0257455461049471,0 days 00:01:51.070471
685,0.5,0.02299960784700148,0.02574587596183461,0 days 00:01:53.082684
686,0.5,0.022999938871648137,0.025745345291744312,0 days 00:01:52.915150
687,0.5,0.0230001010829367,0.02574518059046711,0 days 00:01:41.992862
688,0.5,0.02300008623756015,0.025744600676517532,0 days 00:01:46.834198
689,0.5,0.023000305014701395,0.025745446831560454,0 days 00:01:48.422245
690,0.5,0.022999694140164832,0.025744673019536736,0 days 00:01:46.536080
691,0.5,0.023000155596490213,0.025746299189796245,0 days 00:01:38.332430
692,0.5,0.023000433186858044,0.025744000560763508,0 days 00:01:52.104978
693,0.5,0.023000273107679808,0.02574422323175828,0 days 00:01:36.139668
694,0.5,0.022999996875684325,0.025745276822745376,0 days 00:01:34.261766
695,0.5,0.02299964245153591,0.025744542060876893,0 days 00:01:40.838203
696,0.5,0.02300005878468357,0.02574653062330775,0 days 00:01:38.538562
697,0.5,0.023000270202086955,0.025745569351120042,0 days 00:01:48.784803
698,0.5,0.02299980550844644,0.025744458066746488,0 days 00:01:42.544594
699,0.5,0.022999863087545303,0.0257445868858004,0 days 00:01:36.420934
700,0.5,0.023000059061795097,0.025744746439216096,0 days 00:01:49.912851
701,0.5,0.023000190855589506,0.025745497832898003,0 days 00:01:22.553486
702,0.5,0.02299975289984165,0.02574470150127857,0 days 00:01:37.068686
703,0.5,0.022999581196979958,0.025745120920494673,0 days 00:01:40.681481
704,0.5,0.02299994505755622,0.025745136961742326,0 days 00:01:39.358904
705,0.5,0.022999730895233012,0.025745394002199464,0 days 00:01:30.794745
706,0.5,0.023000219971462378,0.025745162907121633,0 days 00:01:42.579128
707,0.5,0.023000188101133134,0.025747138349486498,0 days 00:01:36.403952
708,0.5,0.02300010142118331,0.02574450452349578,0 days 00:01:42.452945
709,0.5,0.022999611647944344,0.025744620448897616,0 days 00:01:24.078610
710,0.5,0.022999403695567803,0.025744815227406587,0 days 00:01:42.254800
711,0.5,0.023000391256193603,0.02574548256266996,0 days 00:01:50.073624
712,0.5,0.022999852230912533,0.025746913607212173,0 days 00:01:54.274129
713,0.5,0.02299937212175224,0.02574470246695069,0 days 00:01:44.206710
714,0.5,0.02300016217985428,0.02574614097580844,0 days 00:01:52.046981
715,0.5,0.023000764002540818,0.02574653318089448,0 days 00:01:42.290816
716,0.5,0.02299912218790677,0.02574411569779503,0 days 00:01:42.212252
717,0.5,0.022999640269197652,0.02574469084970171,0 days 00:01:45.877567
718,0.5,0.02300047809134665,0.025745793233092555,0 days 00:01:43.538438
719,0.5,0.02300037610961323,0.025746587108706982,0 days 00:01:28.705494
720,0.5,0.02299951546320378,0.025744275011918005,0 days 00:01:35.904219
721,0.5,0.023000232370123188,0.02574550391714425,0 days 00:01:42.081526
722,0.5,0.022999934238737786,0.0257462712553852,0 days 00:02:06.963724
723,0.5,0.02300023227142525,0.02574689730570577,0 days 00:02:15.072414
724,0.5,0.022999798118335937,0.0257450705551532,0 days 00:02:12.331669
725,0.5,0.022999653336709287,0.025745311644493743,0 days 00:02:08.987655
726,0.5,0.022999938327744412,0.02574381288353664,0 days 00:01:52.541373
727,0.5,0.02299983024339673,0.025745868076063973,0 days 00:01:58.967969
728,0.5,0.02299974643921555,0.02574596626115022,0 days 00:01:58.200437
729,0.5,0.022999380009583344,0.025745376994968327,0 days 00:01:56.953446
730,0.5,0.02299982594840419,0.025747129791180108,0 days 00:02:01.004474
731,0.5,0.023000325276926227,0.025745541485974275,0 days 00:01:55.862488
732,0.5,0.022999773192104986,0.02574440217009815,0 days 00:01:42.635519
733,0.5,0.02300020112651601,0.025744260454735032,0 days 00:01:39.714868
734,0.5,0.023000819396809466,0.025745697648830404,0 days 00:01:29.616743
735,0.5,0.023000141882883733,0.025744927188486928,0 days 00:01:44.019650
736,0.5,0.022999663178755465,0.025743361439040942,0 days 00:01:58.391051
737,0.5,0.022999834742181636,0.02574461569606712,0 days 00:01:55.934338
738,0.5,0.022999850462003372,0.025745444412878626,0 days 00:01:58.399714
739,0.5,0.02300050187864218,0.02574694504303244,0 days 00:02:00.187135
740,0.5,0.023000762812455344,0.025744621040995317,0 days 00:01:42.494509
741,0.5,0.022999860293393567,0.02574419109452739,0 days 00:01:33.590752
742,0.5,0.02300095112726842,0.025745984015555144,0 days 00:01:27.217581
743,0.5,0.02299956948311764,0.025744056657388437,0 days 00:01:45.659483
744,0.5,0.023000389064037636,0.025745436268994445,0 days 00:01:45.589003
745,0.5,0.022999685350080346,0.02574442118871058,0 days 00:01:29.073222
746,0.5,0.023000824078169294,0.02574714257773393,0 days 00:01:51.049496
747,0.5,0.023000407491645444,0.025744089614439376,0 days 00:01:51.134981
748,0.5,0.023000240550258892,0.02574490748890609,0 days 00:01:43.008442
749,0.5,0.023000199719467124,0.025745512722106404,0 days 00:01:49.244629
750,0.5,0.022999424627093527,0.025745363325507736,0 days 00:01:45.670373
751,0.5,0.02300023987650743,0.02574534921369343,0 days 00:01:36.684739
752,0.5,0.023000169782699083,0.0257460294079878,0 days 00:01:22.831194
753,0.5,0.023000121630781377,0.025745075722367616,0 days 00:01:41.613904
754,0.5,0.023000215241670598,0.025745466972726356,0 days 00:01:44.247719
755,0.5,0.022999888792883238,0.02574469088863093,0 days 00:01:39.390099
756,0.5,0.023000162823264295,0.025744737692329565,0 days 00:01:49.033410
757,0.5,0.023000108531659787,0.025746984189222753,0 days 00:01:46.716775
758,0.5,0.023000172308610588,0.025745515751095495,0 days 00:01:24.413986
759,0.5,0.023000503290244282,0.0257466840303995,0 days 00:01:50.375707
760,0.5,0.02299951221470486,0.02574409817671965,0 days 00:01:47.169209
761,0.5,0.022999615059961936,0.025744749357962456,0 days 00:01:39.148593
762,0.5,0.023000841981022393,0.025745569816940924,0 days 00:01:39.254720
763,0.5,0.02299940450210484,0.025744055852290237,0 days 00:01:46.585859
764,0.5,0.023000339137777815,0.025744262655160978,0 days 00:01:46.538558
765,0.5,0.022999672419463515,0.02574469021986295,0 days 00:01:38.915438
766,0.5,0.02300009554081767,0.025745948059146227,0 days 00:01:36.935651
767,0.5,0.022999901088292835,0.02574658026019382,0 days 00:01:37.160681
768,0.5,0.02299975032013683,0.025744779348641406,0 days 00:01:36.032066
769,0.5,0.02299959666690553,0.025744398135429957,0 days 00:01:30.181989
770,0.5,0.023000091242778204,0.025743280040263057,0 days 00:01:31.124482
771,0.5,0.023000122880377255,0.025743772257534547,0 days 00:01:30.997076
772,0.5,0.02300016210626751,0.02574662055667846,0 days 00:01:47.646053
773,0.5,0.022999812812841292,0.02574377230751277,0 days 00:01:55.031120
774,0.5,0.022999898052910462,0.02574578172089985,0 days 00:01:22.212084
775,0.5,0.022999356409839276,0.025745833622069902,0 days 00:01:21.780023
776,0.5,0.022999448024180896,0.02574521905555872,0 days 00:01:42.270934
777,0.5,0.02299996476733976,0.02574433354482017,0 days 00:01:54.016265
778,0.5,0.022999978240476032,0.02574454658103853,0 days 00:01:49.988785
779,0.5,0.02300032797917722,0.02574602908238434,0 days 00:01:41.495731
780,0.5,0.022999741739775047,0.025744905884524688,0 days 00:01:37.670599
781,0.5,0.022999852156673457,0.02574584801431643,0 days 00:01:43.188644
782,0.5,0.023000262625826304,0.025746568643404057,0 days 00:01:38.064883
783,0.5,0.023000119076085526,0.02574460843266372,0 days 00:01:42.109220
784,0.5,0.02300028530102578,0.02574599808794934,0 days 00:01:51.635621
785,0.5,0.022999981941245105,0.025745570549002242,0 days 00:01:35.307593
786,0.5,0.023000540011541084,0.02574674523905483,0 days 00:01:53.587521
787,0.5,0.022999869895126486,0.025746251802722598,0 days 00:01:58.806813
788,0.5,0.022999748146547358,0.025745440594860444,0 days 00:01:46.550199
789,0.5,0.02299986967989417,0.02574362432482807,0 days 00:01:37.066110
790,0.5,0.02299963867203199,0.025744236816678204,0 days 00:02:03.115550
791,0.5,0.02299924017717288,0.02574327920637606,0 days 00:01:46.210995
792,0.5,0.022999761341440418,0.0257442107708303,0 days 00:02:00.467335
793,0.5,0.02300037258074509,0.025747606393896637,0 days 00:02:07.688977
794,0.5,0.023000008596460196,0.02574536909589965,0 days 00:02:06.536736
795,0.5,0.02300016256179012,0.025745200698851257,0 days 00:01:51.941127
796,0.5,0.023000385184778795,0.02574567765044505,0 days 00:02:03.427861
797,0.5,0.023000022128076173,0.02574556281245761,0 days 00:02:01.131912
798,0.5,0.023000319598267437,0.025745736370091928,0 days 00:02:04.202675
799,0.5,0.022999712381296705,0.025745285190461598,0 days 00:01:59.329487
800,0.5,0.023000422020880193,0.025744387815406194,0 days 00:01:48.573675
801,0.5,0.023000511591020994,0.025745897686107817,0 days 00:01:50.359524
802,0.5,0.023000130339188234,0.0257442212128124,0 days 00:01:27.621799
803,0.5,0.02300016664018524,0.025745520609055376,0 days 00:01:43.774430
804,0.5,0.02300010420039135,0.025745578546650827,0 days 00:01:47.330435
805,0.5,0.022999876783282417,0.0257437591571857,0 days 00:01:41.044014
806,0.5,0.022999885813578196,0.02574400590186956,0 days 00:01:39.560121
807,0.5,0.022999804055405033,0.0257451324094478,0 days 00:01:37.757235
808,0.5,0.023000096796365513,0.025745238073038704,0 days 00:01:56.425280
809,0.5,0.02300014926229847,0.025746191185032925,0 days 00:01:47.581980
810,0.5,0.02300008031318028,0.02574698483191733,0 days 00:01:55.882364
811,0.5,0.02300073712393114,0.025746334591911942,0 days 00:01:53.610506
812,0.5,0.0230002366502678,0.025745765067505973,0 days 00:01:49.979022
813,0.5,0.02300080938036133,0.02574640043247911,0 days 00:01:57.234370
814,0.5,0.02300015978987464,0.02574478801552858,0 days 00:01:41.508414
815,0.5,0.023000141177317523,0.025744201059021685,0 days 00:01:45.136061
816,0.5,0.023000489687365164,0.025746390566213393,0 days 00:01:47.939090
817,0.5,0.0230002812719525,0.02574549017079659,0 days 00:01:46.211044
818,0.5,0.023000766145948582,0.025746360571799645,0 days 00:01:35.698331
819,0.5,0.023000510405278268,0.02574663265024179,0 days 00:01:40.865519
820,0.5,0.023000266146692996,0.025746241523437786,0 days 00:01:43.220047
821,0.5,0.022999756164542723,0.02574416855965631,0 days 00:01:40.708680
822,0.5,0.023000383557822843,0.025745956480718084,0 days 00:01:42.914998
823,0.5,0.023000343596680437,0.025744721776750242,0 days 00:01:26.245688
824,0.5,0.02300036196562273,0.0257442199080645,0 days 00:02:04.451761
825,0.5,0.02299983071505451,0.025745884105459287,0 days 00:01:54.335984
826,0.5,0.023000300987771064,0.025745349334612165,0 days 00:01:39.958717
827,0.5,0.023000129288198133,0.025744823129253195,0 days 00:01:52.333717
828,0.5,0.02300015165680094,0.02574483200408562,0 days 00:01:46.509535
829,0.5,0.02300054906531539,0.0257459282804893,0 days 00:01:30.806700
830,0.5,0.022999982534807496,0.02574549417591325,0 days 00:01:34.763160
831,0.5,0.02300059520337711,0.02574514597230623,0 days 00:01:34.895198
832,0.5,0.023000129807843387,0.025744827595200474,0 days 00:01:39.359579
833,0.5,0.023000077097721085,0.025747042239727312,0 days 00:01:42.874884
834,0.5,0.023000048854001587,0.025744628910053337,0 days 00:01:51.919661
835,0.5,0.023000323635689192,0.025745003809629612,0 days 00:01:48.102791
836,0.5,0.023000319959703343,0.025745782067693894,0 days 00:01:49.107239
837,0.5,0.02300058121679917,0.025746659052838978,0 days 00:01:44.746349
838,0.5,0.022999501242903536,0.02574456484762352,0 days 00:01:49.349464
839,0.5,0.02300008921305799,0.02574623831032366,0 days 00:01:42.316125
840,0.5,0.022999591159870103,0.025745229554783682,0 days 00:01:51.487623
841,0.5,0.023000939759064965,0.025745193641074225,0 days 00:01:44.647928
842,0.5,0.0229999670767353,0.025744075600866678,0 days 00:01:48.401605
843,0.5,0.022999913020904157,0.025743262322920867,0 days 00:01:46.136257
844,0.5,0.02300030193509588,0.02574574137811304,0 days 00:01:35.461311
845,0.5,0.023000552319741453,0.02574542871646587,0 days 00:01:52.558367
846,0.5,0.022999973465517687,0.025745382618878453,0 days 00:01:42.036804
847,0.5,0.02300071862880011,0.025746146468602828,0 days 00:01:56.306238
848,0.5,0.02299983574920475,0.025744426537160928,0 days 00:01:46.656102
849,0.5,0.02300007253593703,0.025744011324887836,0 days 00:01:51.334654
850,0.5,0.022999674839875375,0.02574689084321925,0 days 00:01:44.190191
851,0.5,0.023000635821732462,0.02574516128254801,0 days 00:01:46.295458
852,0.5,0.022999821136167307,0.025745468489091167,0 days 00:01:44.917890
853,0.5,0.023000216622441682,0.02574429922638818,0 days 00:01:31.155773
854,0.5,0.023000058618135907,0.02574435537710185,0 days 00:02:22.500071
855,0.5,0.023000390787992264,0.025743353157202588,0 days 00:02:15.037260
856,0.5,0.02299993022612472,0.025745838103566298,0 days 00:01:54.971762
857,0.5,0.022999757455287213,0.025744132651634003,0 days 00:02:01.178242
858,0.5,0.02300022215732167,0.025745728140716885,0 days 00:02:06.334602
859,0.5,0.022999600063877947,0.025744661334179447,0 days 00:02:00.251161
860,0.5,0.022999870420298843,0.0257444975575442,0 days 00:02:16.171755
861,0.5,0.02299996275870201,0.02574478439265792,0 days 00:02:09.385857
862,0.5,0.023000325159702927,0.025744884750092886,0 days 00:02:09.965486
863,0.5,0.023000220217616038,0.02574528360989816,0 days 00:02:23.161349
864,0.5,0.023000338218048495,0.025744657309125972,0 days 00:01:33.011915
865,0.5,0.022999867716432584,0.025745014876351287,0 days 00:01:26.765402
866,0.5,0.02300022360336657,0.025747378122104314,0 days 00:01:52.709581
867,0.5,0.022999602023846724,0.025745539238094025,0 days 00:01:54.779108
868,0.5,0.023000282992812916,0.025745902829476405,0 days 00:01:45.307172
869,0.5,0.023000613012347685,0.025745475377554387,0 days 00:01:49.819042
870,0.5,0.02299963629720991,0.025745946072358965,0 days 00:01:44.396090
871,0.5,0.023000539553497158,0.025746404505384127,0 days 00:01:47.773624
872,0.5,0.022999845635246527,0.025744249197649265,0 days 00:01:58.654483
873,0.5,0.02299957399465438,0.025744345524858693,0 days 00:01:27.507982
874,0.5,0.02300102958297068,0.025746418231831568,0 days 00:01:39.798440
875,0.5,0.022999301420708874,0.02574401917891307,0 days 00:01:52.432583
876,0.5,0.022999920790685757,0.025743148858099685,0 days 00:01:31.782284
877,0.5,0.022999400304207638,0.02574566657743515,0 days 00:01:29.894958
878,0.5,0.023000627643239416,0.025746791001108982,0 days 00:01:51.762089
879,0.5,0.02299942476466241,0.025744840335141374,0 days 00:01:49.092916
880,0.5,0.02300033691346437,0.02574494242258801,0 days 00:01:47.041022
881,0.5,0.02300027025441707,0.02574578875516344,0 days 00:01:40.297245
882,0.5,0.02299978996072969,0.02574716679273222,0 days 00:01:54.817441
883,0.5,0.023000023795139327,0.02574567021932792,0 days 00:01:46.568447
884,0.5,0.023000528942303273,0.025746225681337827,0 days 00:01:49.422203
885,0.5,0.022999585593782984,0.025744639083354625,0 days 00:01:42.202076
886,0.5,0.023000165092991118,0.025745654204051928,0 days 00:01:53.871033
887,0.5,0.023000465286093674,0.02574522045112338,0 days 00:01:43.091248
888,0.5,0.02299941578670334,0.02574487777122015,0 days 00:01:35.530826
889,0.5,0.02300062899524948,0.025744623381120865,0 days 00:01:38.287859
890,0.5,0.022999814091791596,0.025744238847454727,0 days 00:01:54.742047
891,0.5,0.02299994560604487,0.02574509081405368,0 days 00:01:45.815323
892,0.5,0.022999781478572578,0.025744867183381287,0 days 00:01:43.166215
893,0.5,0.022999871566686217,0.02574400006939407,0 days 00:01:46.759692
894,0.5,0.022999989978402954,0.02574529816742287,0 days 00:01:39.601040
895,0.5,0.022999959618973255,0.02574574268779929,0 days 00:01:37.975349
896,0.5,0.023000244355481283,0.025744657415001405,0 days 00:02:00.206636
897,0.5,0.022999862789409214,0.025744038529885663,0 days 00:01:44.268252
898,0.5,0.02299996073216136,0.025744260429120546,0 days 00:01:52.694142
899,0.5,0.02300021818301102,0.025744634084515834,0 days 00:01:39.273982
900,0.5,0.022999767556049544,0.025744187245090755,0 days 00:01:36.432243
901,0.5,0.023000566691525462,0.02574590930972783,0 days 00:01:32.107747
902,0.5,0.023000306769535513,0.025743371695157086,0 days 00:01:35.034875
903,0.5,0.022999790730191778,0.025744982337089523,0 days 00:01:51.694554
904,0.5,0.0230002073150298,0.025744982446440398,0 days 00:01:42.436154
905,0.5,0.02300028737690314,0.025745830951875374,0 days 00:01:29.521964
906,0.5,0.022999929264140313,0.02574626259896727,0 days 00:01:34.623286
907,0.5,0.02300059599712686,0.025745340242686484,0 days 00:01:51.328200
908,0.5,0.023000228992459265,0.02574691852717836,0 days 00:01:51.248588
909,0.5,0.023000707647581806,0.02574667467354478,0 days 00:01:50.811655
910,0.5,0.023000210880037605,0.025745895980164055,0 days 00:01:46.156540
911,0.5,0.023000325774613115,0.025745758023742966,0 days 00:01:46.732386
912,0.5,0.022999897367204123,0.025745608838382242,0 days 00:01:28.799335
913,0.5,0.02300013045417189,0.02574596026336927,0 days 00:01:40.061412
914,0.5,0.022999817745922368,0.025746233900615097,0 days 00:01:34.904878
915,0.5,0.023000179851505126,0.025745120801607964,0 days 00:01:47.467675
916,0.5,0.022999552767809312,0.02574528359499794,0 days 00:01:33.139916
917,0.5,0.0229999917188344,0.025745994270133292,0 days 00:01:25.771049
918,0.5,0.022999783286489262,0.025743598164383655,0 days 00:01:50.935234
919,0.5,0.023000170658067094,0.025744637433183774,0 days 00:02:00.539848
920,0.5,0.02300020055292863,0.02574536703348157,0 days 00:02:03.261417
921,0.5,0.0229995700469098,0.025744990280191074,0 days 00:01:54.044708
922,0.5,0.0230006296656812,0.025746244300453608,0 days 00:02:02.589951
923,0.5,0.023000338601992056,0.025746285950237396,0 days 00:01:52.379904
924,0.5,0.023000473505679537,0.025744881451129558,0 days 00:02:02.416465
925,0.5,0.022999783997196648,0.02574429184282637,0 days 00:01:57.116889
926,0.5,0.022999155369552708,0.025744575960564287,0 days 00:02:00.878778
927,0.5,0.023000120234120982,0.025745240252610532,0 days 00:02:00.701675
928,0.5,0.02299983252684845,0.02574465246756424,0 days 00:01:42.892589
929,0.5,0.022999979814447295,0.025744363712885715,0 days 00:01:47.017945
930,0.5,0.022999923431209764,0.025745021999327572,0 days 00:01:50.989576
931,0.5,0.023000667699010463,0.02574525855964855,0 days 00:01:53.427083
932,0.5,0.022999755658983902,0.02574380199830699,0 days 00:01:53.303193
933,0.5,0.023000279084109652,0.025746619866905886,0 days 00:01:43.118008
934,0.5,0.023000092750143936,0.025744868740080414,0 days 00:01:32.347195
935,0.5,0.023000557358058518,0.02574654929624468,0 days 00:01:36.986680
936,0.5,0.02300005575056963,0.025746198273462643,0 days 00:01:40.302218
937,0.5,0.02299973235102314,0.025745765395711575,0 days 00:01:32.730539
938,0.5,0.023000613025330567,0.02574524282790165,0 days 00:01:39.179751
939,0.5,0.023000491695938673,0.025746405547558734,0 days 00:01:23.366884
940,0.5,0.023000104360579816,0.025746018685409232,0 days 00:01:48.509836
941,0.5,0.022999938128218468,0.025743988107229734,0 days 00:01:44.082281
942,0.5,0.02299967261596558,0.025744858497609095,0 days 00:01:48.142557
943,0.5,0.02299952225364112,0.02574676429470603,0 days 00:01:44.073874
944,0.5,0.023000815622052365,0.025744411518268215,0 days 00:01:42.742106
945,0.5,0.02300003916292249,0.025744631684437996,0 days 00:01:44.110523
946,0.5,0.02300039434391497,0.02574447043304512,0 days 00:01:44.199825
947,0.5,0.023000400014042095,0.025746252509274082,0 days 00:01:39.426122
948,0.5,0.023000223976730006,0.025745745848834403,0 days 00:01:45.652601
949,0.5,0.022999853668520368,0.025743694379441087,0 days 00:01:48.340813
950,0.5,0.02300010359794045,0.02574424469644505,0 days 00:01:45.079078
951,0.5,0.023000050454499956,0.025746153649020706,0 days 00:01:44.967445
952,0.5,0.023000875683826937,0.02574586856704248,0 days 00:01:43.128579
953,0.5,0.022999957171259064,0.02574450145647175,0 days 00:01:47.979710
954,0.5,0.02299989016298964,0.02574428921670651,0 days 00:01:46.058670
955,0.5,0.023000470739715815,0.025745600712376297,0 days 00:01:53.052377
956,0.5,0.023000401746358735,0.025746283965036997,0 days 00:01:49.431275
957,0.5,0.022999600955588093,0.025744455814588143,0 days 00:01:57.054423
958,0.5,0.022999954054965233,0.025746817700261458,0 days 00:01:51.961443
959,0.5,0.023000238795537715,0.025746053059097874,0 days 00:01:47.644872
960,0.5,0.022999994450735566,0.025745892714991368,0 days 00:01:43.154448
961,0.5,0.023000586060709313,0.025745240305700634,0 days 00:01:43.269690
962,0.5,0.023000473351652933,0.0257458573128686,0 days 00:01:43.164923
963,0.5,0.02299964398906692,0.02574471947822862,0 days 00:01:37.160758
964,0.5,0.023000019041086894,0.025744047117744324,0 days 00:01:25.662790
965,0.5,0.023000155666948886,0.025744787470230308,0 days 00:01:50.656858
966,0.5,0.023000254102950507,0.025744556384781826,0 days 00:01:48.236309
967,0.5,0.022999876352749523,0.025745553467143162,0 days 00:01:26.964031
968,0.5,0.022999605375944872,0.025743787895081468,0 days 00:01:56.959590
969,0.5,0.023000129473745294,0.025745291059414907,0 days 00:01:46.724161
970,0.5,0.023000288902621256,0.0257457591906771,0 days 00:01:50.173284
971,0.5,0.023000113494795926,0.02574409339428687,0 days 00:01:39.997661
972,0.5,0.022999342952099867,0.02574362502446881,0 days 00:02:00.510095
973,0.5,0.023000354843960312,0.02574552200103791,0 days 00:01:58.242120
974,0.5,0.023000081407363072,0.025745522128260808,0 days 00:01:58.403228
975,0.5,0.022999858242074782,0.025743002384324552,0 days 00:01:53.509614
976,0.5,0.022999766224526888,0.025744986612722804,0 days 00:01:57.491650
977,0.5,0.022999212927528552,0.02574474422559221,0 days 00:01:46.499951
978,0.5,0.022999873345844725,0.025743628656684107,0 days 00:02:04.892768
979,0.5,0.023000213185625458,0.0257453871859433,0 days 00:02:00.897372
980,0.5,0.022998803989736947,0.02574443612699628,0 days 00:01:50.574072
981,0.5,0.022999328906279565,0.025743909180980056,0 days 00:01:49.045432
982,0.5,0.023000039929155842,0.025744734170254115,0 days 00:01:40.888403
983,0.5,0.02299970389720869,0.02574529109830845,0 days 00:01:40.602728
984,0.5,0.023001108204470978,0.025746450355349088,0 days 00:01:40.638342
985,0.5,0.023000200938934783,0.02574510536449597,0 days 00:01:47.780731
986,0.5,0.022999934599389486,0.025742860024154223,0 days 00:01:47.862829
987,0.5,0.02299923157297549,0.025744816872020713,0 days 00:02:03.040952
988,0.5,0.022999496319021505,0.025746173244460012,0 days 00:01:54.810639
989,0.5,0.02300000462828589,0.02574684940552292,0 days 00:01:55.663379
990,0.5,0.023000315532864746,0.025745119348998747,0 days 00:01:55.988582
991,0.5,0.02300034158913231,0.025746295967101217,0 days 00:01:53.768770
992,0.5,0.022999958736496094,0.025745458506210604,0 days 00:01:55.145818
993,0.5,0.02300011811827565,0.025745717286226783,0 days 00:01:57.291827
994,0.5,0.023000317169550994,0.02574644336627213,0 days 00:01:57.259433
995,0.5,0.022999963025351254,0.025745903724772257,0 days 00:01:27.902563
996,0.5,0.02299999052729923,0.025745702976104297,0 days 00:01:17.076311
997,0.5,0.02299992288612057,0.02574306694514832,0 days 00:01:06.653448
998,0.5,0.02300054261769549,0.025746022192586843,0 days 00:00:54.875684
999,0.5,0.022999902388205425,0.025744996048511486,0 days 00:00:48.403527
