number,duration,params_C,params_Kmin,params_alpha,params_n_iterations
0,0 days 00:00:05.478998,9.48134977405505,34,0.4501821912056916,21
1,0 days 00:00:45.644115,767.9946081942826,40,0.22050957248487624,204
2,0 days 00:00:41.474085,4625.032932437545,38,0.8007461077936758,230
3,0 days 00:00:33.864774,50.305586403748926,22,0.3962006038323159,144
4,0 days 00:00:01.888408,0.021175244130802805,21,0.2971155546002744,10
5,0 days 00:00:05.425885,0.00040091281005316356,29,0.39505920480157963,111
6,0 days 00:00:06.589328,0.4186378333983164,27,0.5305182682796129,46
7,0 days 00:00:09.274327,3.505816825467777,38,0.7953019116489807,34
8,0 days 00:00:09.889180,0.0014129753847062225,15,0.6634087768946684,230
9,0 days 00:00:08.529176,0.04200458261072876,35,0.7508231427797124,43
10,0 days 00:00:03.429467,9112.982600558536,16,0.65138851432416,12
11,0 days 00:01:21.601817,6344.739466561804,28,0.4176015737254861,362
12,0 days 00:00:12.676746,130.69115431094366,17,0.5797846502774615,53
13,0 days 00:00:24.711442,3.3694354780744047,25,0.10541124959200224,107
14,0 days 00:00:42.779024,8642.745596340523,35,0.8670414097222933,220
15,0 days 00:01:15.225196,130.15721703848484,30,0.4003239481335509,333
16,0 days 00:00:02.413515,0.00026976740926345073,43,0.4613187266086872,44
17,0 days 00:00:07.067395,19.60457321412583,49,0.8090087815435115,31
18,0 days 00:00:01.888475,0.004559260074733444,11,0.10930565732251739,36
19,0 days 00:01:25.063144,33.123001251108,29,0.8924598652162653,462
20,0 days 00:01:35.144191,4.668283281902054,32,0.5252426125153105,408
21,0 days 00:00:06.601881,0.0015800459895674477,40,0.6968507273093734,158
22,0 days 00:00:14.573289,1172.807911945418,12,0.4233618506942557,64
23,0 days 00:00:15.300482,1.681876957912291,46,0.8611430110028746,92
24,0 days 00:00:16.751212,1.9725387492289388,30,0.7553616536513267,71
25,0 days 00:00:32.487065,137.06703774863087,26,0.6664922895820831,137
26,0 days 00:00:14.187714,0.0018682744853046772,10,0.8547061452100092,361
27,0 days 00:00:02.841161,5.638296898603116,29,0.19125255899413,11
28,0 days 00:00:03.254161,0.45971978103878286,38,0.8363220568744703,21
29,0 days 00:00:05.546954,0.06082335092709899,48,0.246070985264247,26
30,0 days 00:00:03.970687,428.01158513110823,22,0.6942766958480349,16
31,0 days 00:00:50.603642,6.21209723385412,31,0.3329001959182999,210
32,0 days 00:00:03.551538,0.007476400394056948,49,0.5579878632625492,51
33,0 days 00:00:02.806144,0.03850866929154249,47,0.5723854435703889,12
34,0 days 00:00:26.797473,0.6627854052558552,27,0.8794736631752323,113
35,0 days 00:00:19.776719,0.00272887068392748,30,0.3540374584217567,489
36,0 days 00:00:01.736404,1603.9431430191712,11,0.8817931447380697,10
37,0 days 00:00:20.854511,17.12253616495203,13,0.39484614568012155,92
38,0 days 00:00:05.109234,630.1446035289484,23,0.8683666346937128,21
39,0 days 00:00:08.361521,0.01109752907355043,29,0.18664919534618304,136
40,0 days 00:00:02.447751,0.00013003746752774883,17,0.3713082412399219,43
41,0 days 00:00:29.624112,9495.92229864315,40,0.5139698260424334,128
42,0 days 00:00:00.691347,0.00022991414014310403,18,0.6016643551066759,12
43,0 days 00:00:02.264836,0.00011239284587963469,48,0.43936506727978286,51
44,0 days 00:00:26.353578,0.22490870732049384,27,0.11096910676327454,112
45,0 days 00:00:50.141069,182.76150924483932,23,0.6610843033893544,230
46,0 days 00:00:03.094285,0.0003323915745751609,21,0.4265991193777142,72
47,0 days 00:01:21.399236,2.5170470034959838,27,0.36595966655446166,372
48,0 days 00:00:18.913900,0.005192215300828415,21,0.8238538630378563,414
49,0 days 00:00:05.367035,78.83007677001403,41,0.20162351485792193,19
50,0 days 00:00:02.342350,0.00045484121229302625,26,0.5239359247825991,42
51,0 days 00:01:25.006288,6796.894977755101,21,0.8049857970711417,404
52,0 days 00:01:11.781313,62.85207568769152,44,0.6733423088442849,380
53,0 days 00:01:04.771606,0.07639808387311116,12,0.44183525642750243,308
54,0 days 00:00:03.186886,122.12179425025538,22,0.5074179577311632,13
55,0 days 00:00:14.492709,0.146762657746844,26,0.12847789196217152,68
56,0 days 00:00:00.938612,0.0006652025093427869,25,0.8272329650725346,20
57,0 days 00:00:02.129510,2372.611889547868,25,0.7986208562753664,10
58,0 days 00:00:24.306529,0.07288122684796014,13,0.270255950118772,117
59,0 days 00:00:39.548380,1040.914482531553,13,0.27686067611479204,185
60,0 days 00:00:38.990726,2862.923942157449,46,0.40112332766559833,192
61,0 days 00:00:08.946423,3.341141707946857,29,0.4245444709130498,41
62,0 days 00:00:02.612072,0.00010411551378090308,14,0.13357219565173617,53
63,0 days 00:00:10.800455,208.6639118634868,45,0.4089007693359791,53
64,0 days 00:00:03.004858,9.34542124553115,36,0.11814438089982665,12
65,0 days 00:00:41.254766,3.2077527141807747,48,0.13053134574291853,194
66,0 days 00:00:59.208100,30.64579361265697,44,0.12747152922994678,277
67,0 days 00:00:03.249119,339.49534067698704,34,0.8315416376959089,13
68,0 days 00:00:05.139683,201.10473855600262,16,0.7851819656476566,25
69,0 days 00:00:32.428802,0.6009073450763622,23,0.7854983535476007,150
70,0 days 00:00:16.238410,0.1437171735852832,45,0.12483967868508908,75
71,0 days 00:00:14.610170,40.47993658901362,10,0.4360356216201934,67
72,0 days 00:00:00.709020,0.0024745409925274768,16,0.5523216044518028,11
73,0 days 00:00:00.932575,0.000121781554140792,26,0.1105797700218611,15
74,0 days 00:00:34.548168,1693.287789204514,40,0.3220919985866977,167
75,0 days 00:00:33.253929,1631.3651106597736,21,0.8869538600972625,154
76,0 days 00:00:07.881730,7.1351273646015745,33,0.7577278308607125,36
77,0 days 00:00:08.802378,711.9829285245379,29,0.7424946903392506,39
78,0 days 00:00:11.914159,3.925322197939498,25,0.5217936613393842,54
79,0 days 00:00:04.623436,1.0184123643819565,20,0.8921632480682514,19
80,0 days 00:00:06.007360,0.002554077995089397,12,0.15655694300035414,163
81,0 days 00:00:17.202273,1.2787751712191497,13,0.706218746523297,78
82,0 days 00:00:47.190200,1103.4398145687096,47,0.6099131575659242,205
83,0 days 00:00:20.351190,0.19554015951139803,10,0.36090454779372616,94
84,0 days 00:00:03.637766,184.2763520532717,35,0.21613861528135392,12
85,0 days 00:00:00.708192,0.0002604772744670296,14,0.5127888707532686,12
86,0 days 00:00:05.017764,0.0149853494587248,38,0.21624955134024795,73
87,0 days 00:01:05.739076,0.1617763877238537,30,0.8066686131785009,495
88,0 days 00:00:05.783693,0.030589836302780123,10,0.5522116424549106,56
89,0 days 00:01:42.357612,1.435765633521897,38,0.2662328091631956,431
90,0 days 00:00:05.981723,155.00758852786316,34,0.44033698423975054,25
91,0 days 00:01:07.038228,48.372118637182794,25,0.1616383707880279,291
92,0 days 00:00:04.986413,106.64985070864877,48,0.4663433410105834,22
93,0 days 00:00:07.084492,30.18207442617567,15,0.6003375283965391,30
94,0 days 00:00:05.905475,0.000500925237186796,11,0.8095727513891157,139
95,0 days 00:00:01.384132,0.002054646705186789,15,0.36732729975912015,26
96,0 days 00:00:02.183231,0.2938827301999572,31,0.45705044476303536,10
97,0 days 00:00:09.996123,298.71101819994243,13,0.6446358000426232,44
98,0 days 00:00:16.258561,0.7922222556353528,23,0.3133925567383363,68
99,0 days 00:00:13.309369,0.014610794202465869,11,0.5178426265059808,190
100,0 days 00:00:39.056893,1181.203573391095,25,0.5536435369824027,163
101,0 days 00:00:02.996397,877.1224360077246,23,0.791073664766541,12
102,0 days 00:01:29.087896,586.4047854039778,31,0.47866390085620814,382
103,0 days 00:00:21.404293,0.0004627241252452749,44,0.7121542436778181,482
104,0 days 00:00:08.770583,0.00014106248017616935,32,0.32865048268710484,169
105,0 days 00:01:16.438700,0.051519923968043786,15,0.19606649845573287,381
106,0 days 00:00:13.253235,0.02449770590386277,45,0.7892876922233423,154
107,0 days 00:00:20.873905,0.025822725757474626,35,0.8603197272935059,269
108,0 days 00:00:41.841339,1931.4360926235781,43,0.28977976703562824,184
109,0 days 00:00:12.619780,5.393484026352509,18,0.6852778889982895,55
110,0 days 00:00:02.135256,0.004857109400245414,23,0.4711699237441235,40
111,0 days 00:01:28.866617,0.7318515574889692,23,0.20026528573473704,390
112,0 days 00:00:02.691425,25.856284672306362,21,0.2123519729686656,10
113,0 days 00:00:01.320652,0.00013062816653448063,35,0.557382337420031,31
114,0 days 00:00:18.927926,0.33442504593639155,24,0.48665654192081875,166
115,0 days 00:00:08.178040,0.0002734304978690447,26,0.49209839130729427,199
116,0 days 00:00:13.780638,3.4407230419835084,13,0.7546759802690263,86
117,0 days 00:00:17.557475,11.18474399647329,23,0.38712811289989835,81
118,0 days 00:00:06.381872,2120.618552354996,18,0.5258865492617321,27
119,0 days 00:00:33.743086,0.9041999036673514,28,0.3169922490853163,141
120,0 days 00:00:05.404671,21.68744948262475,27,0.5598274135535168,22
121,0 days 00:01:10.439706,258.14378318025683,21,0.6973391299908768,307
122,0 days 00:00:02.570013,5610.4303800703765,35,0.36199991165983214,11
123,0 days 00:00:23.422339,1.854546532385493,36,0.25387238632109,99
124,0 days 00:00:18.876590,0.0027866396970449695,12,0.7082799289570528,452
125,0 days 00:00:20.218794,0.026496440950380767,21,0.11214007262036284,201
126,0 days 00:00:09.758866,101.23650021999948,20,0.5811401764691556,35
127,0 days 00:00:09.633027,5.417161469693694,23,0.283242766245686,38
128,0 days 00:01:28.919029,406.59353628269315,30,0.2163545542668125,384
129,0 days 00:00:03.362021,0.0003906257944780558,45,0.5186005205852436,78
130,0 days 00:00:01.533736,0.007874990875634051,15,0.6790230936828724,18
131,0 days 00:00:18.744040,964.8676508759519,13,0.13096626957306193,77
132,0 days 00:00:01.591102,0.00026537661256451946,45,0.15757356323702265,31
133,0 days 00:00:01.031076,0.008698549736974127,27,0.19016545973925228,11
134,0 days 00:00:03.547638,2585.3752991610468,34,0.8482103268830382,11
135,0 days 00:00:13.961484,0.00037534617181473565,13,0.5451767498464022,326
136,0 days 00:01:05.956883,6823.783244048251,31,0.8922605496457993,446
137,0 days 00:00:02.769176,503.9779343901624,18,0.25836025901502624,10
138,0 days 00:00:01.866106,0.002195621196113311,42,0.711751853057055,37
139,0 days 00:00:30.179287,13.631030796480156,16,0.40548968419353815,125
140,0 days 00:00:05.278684,0.0053316898367543105,11,0.231510085540362,91
141,0 days 00:00:03.087349,0.0003703272176196625,29,0.7529960861257635,55
142,0 days 00:00:05.552465,0.01677149956230693,35,0.5325049545615479,70
143,0 days 00:00:10.667534,12.403945713077707,47,0.7005254735219275,50
144,0 days 00:00:01.028582,0.0002612707028290747,39,0.1741834523350443,17
145,0 days 00:01:31.888957,176.1591162710794,25,0.5583219507591837,406
146,0 days 00:00:20.791532,0.14452499997383841,36,0.399684320153324,106
147,0 days 00:00:00.758347,0.0009242135129391674,25,0.4912101850988322,16
148,0 days 00:00:15.124533,0.0030285403210137136,38,0.350340282333665,350
149,0 days 00:00:01.249996,0.0010682529132137676,20,0.35430063042348825,25
150,0 days 00:00:35.070427,4.621708730388047,16,0.2682024910448264,153
151,0 days 00:00:03.426973,0.06671945472122244,44,0.6927820064251755,15
152,0 days 00:00:18.630438,0.00022887243817450297,22,0.1572526990672931,449
153,0 days 00:00:20.042527,3319.390505203933,17,0.6675959919660892,89
154,0 days 00:00:04.122450,390.98210368171993,28,0.43614210313719926,17
155,0 days 00:00:04.945354,692.8851830060532,23,0.1158852975513594,19
156,0 days 00:00:24.511095,8576.614471657178,17,0.6421635528958228,105
157,0 days 00:00:01.827965,0.3224099858661059,40,0.7376352887703439,10
158,0 days 00:01:35.129397,6.075860787280422,12,0.8751012862562189,427
159,0 days 00:00:03.074623,2.695805983820127,32,0.5375344967080218,12
160,0 days 00:00:07.873285,0.00029539164493616366,37,0.5375113627743874,175
161,0 days 00:00:23.322808,0.006171130651085371,42,0.2692293687286218,427
162,0 days 00:00:05.307473,0.012312840151711605,38,0.5445491544476856,69
163,0 days 00:00:02.350981,0.0005448144777585294,36,0.5041971372278955,47
164,0 days 00:00:08.184088,0.0015857101459807192,36,0.5525413111291225,160
165,0 days 00:00:02.621338,0.00011673254796812017,36,0.47723915734286915,49
166,0 days 00:00:06.868325,8465.240787759903,46,0.10479831715655177,24
167,0 days 00:00:10.416963,0.0006138922088968993,46,0.4538657994234898,219
168,0 days 00:00:47.154039,753.8116987310301,37,0.8511756798923065,279
169,0 days 00:00:03.526805,35.3264625753772,10,0.43696955310219954,11
170,0 days 00:00:04.223666,380.5572096571404,32,0.44203162121925066,14
171,0 days 00:00:03.531995,0.00013755631730528106,44,0.15492371310483774,60
172,0 days 00:00:25.356335,1.2572453177821792,29,0.2158051666721634,108
173,0 days 00:00:33.317274,0.6702786763562845,41,0.6937492181580447,150
174,0 days 00:00:00.771955,0.00032510657272606777,29,0.504717558773839,14
175,0 days 00:00:02.858961,0.0031140930516121417,34,0.7146941963419238,61
176,0 days 00:00:39.843522,18.158448367489346,43,0.8217125978911523,183
177,0 days 00:00:16.301396,0.0001069454366598688,45,0.5121664727282904,356
178,0 days 00:00:21.004671,91.66445540697099,44,0.4005271510303089,99
179,0 days 00:00:01.516303,0.002620730865856351,26,0.4860467821781035,33
180,0 days 00:00:00.822119,0.003759223505086086,27,0.32336674818544586,12
181,0 days 00:00:10.956866,43.46503217582255,21,0.22726173621086998,52
182,0 days 00:00:23.042899,2514.576179337676,31,0.3855903706734529,117
183,0 days 00:00:04.289803,386.1096663846997,48,0.11714112006677696,18
184,0 days 00:01:12.054447,13.688571993686839,39,0.8749076917636232,324
185,0 days 00:00:02.567959,44.024356326583685,30,0.7677654164471059,11
186,0 days 00:00:03.193964,4.863102257020778,42,0.34736119069445415,15
187,0 days 00:00:02.981724,245.9069788873826,11,0.21424222109262098,14
188,0 days 00:01:44.105968,9.080641416663878,20,0.3583072210098063,469
189,0 days 00:00:18.103056,0.15809609570057667,36,0.5913851983514689,123
190,0 days 00:00:02.684076,0.05694413419546031,24,0.5580604466981913,14
191,0 days 00:00:12.992503,0.001282442904314856,24,0.10123501005694094,343
192,0 days 00:00:18.152793,0.14328880462301533,25,0.12531031938439458,84
193,0 days 00:00:08.717560,0.0003395325338870313,37,0.44870742783556516,230
194,0 days 00:00:08.565668,17.09376867676018,23,0.7987530958579295,42
195,0 days 00:00:07.765488,1169.1399064392915,39,0.3087463562579339,37
196,0 days 00:00:00.658510,0.0005057181061592062,36,0.2278302293700703,11
197,0 days 00:00:10.268116,2516.490551031903,18,0.2958870734181879,48
198,0 days 00:00:02.866693,0.0001903480672017343,12,0.18871636954830084,65
199,0 days 00:00:29.978950,0.028788124197608067,10,0.33873570386963553,358
200,0 days 00:00:31.889213,6371.709416127549,24,0.3060238874889747,145
201,0 days 00:00:03.939560,448.4930546054538,47,0.7525576566691314,18
202,0 days 00:00:13.258805,45.12033707935308,34,0.12460166730839078,57
203,0 days 00:00:02.728693,5.460052045000987,18,0.5510099669024661,13
204,0 days 00:00:13.111198,27.96778466827297,23,0.17554134235819419,55
205,0 days 00:00:09.901838,119.30983091680403,39,0.3449471272074571,42
206,0 days 00:00:48.470827,0.015933649637523147,36,0.19302372722545214,384
207,0 days 00:00:03.256093,0.007473474707078955,27,0.7670574504480536,63
208,0 days 00:00:04.690136,0.23708441226941393,38,0.4772350727477732,32
209,0 days 00:00:08.084409,352.5706105977971,26,0.2829087755739209,31
210,0 days 00:00:18.798013,0.0010996815604686434,48,0.3182772681216235,419
211,0 days 00:00:17.604965,0.002462127722462245,36,0.7984082495178239,390
212,0 days 00:00:11.810088,1565.2852859590757,11,0.16782675645556147,48
213,0 days 00:00:01.925797,0.025717568486250203,44,0.2521470834436347,12
214,0 days 00:01:44.391556,260.9905056485834,21,0.23965340995416062,488
215,0 days 00:00:50.724403,0.04247285334126319,21,0.7992341782289765,340
216,0 days 00:00:02.815953,0.03912218064798556,19,0.5875517518269657,15
217,0 days 00:00:10.349498,0.12910198007652096,20,0.3722646543390634,50
218,0 days 00:00:05.289344,185.3047967393976,23,0.5870466927176102,20
219,0 days 00:01:08.866921,3.8139998764949175,46,0.442432365629163,314
220,0 days 00:00:13.251816,0.002433472293423643,43,0.5639622598594033,295
221,0 days 00:00:05.943683,6507.074944586589,15,0.53667109082894,24
222,0 days 00:00:12.096609,0.0372083003452656,47,0.3236343061782857,64
223,0 days 00:00:13.325446,2936.896902929605,10,0.8951767944081939,52
224,0 days 00:00:01.894737,0.0013130854499189023,38,0.22887710251564544,29
225,0 days 00:01:13.727379,0.04003857309116275,35,0.7802086675750742,497
226,0 days 00:01:28.091818,0.06689723873595675,46,0.8089525209654606,421
227,0 days 00:01:10.792752,17.863395903932044,13,0.3526320795895076,327
228,0 days 00:00:02.697909,988.2450291407398,14,0.7639114598820375,10
229,0 days 00:00:11.580912,3.5426879204193975,29,0.13336854747339055,51
230,0 days 00:00:17.558134,1984.500525037379,12,0.24897083003126755,76
231,0 days 00:00:07.521131,309.30973990774606,35,0.7981678417644263,38
232,0 days 00:00:12.526667,153.56499315379804,22,0.6448336508785725,56
233,0 days 00:00:06.724051,326.1247165503681,27,0.6577195188672507,26
234,0 days 00:01:03.934075,10.073575833832786,29,0.43872676256449583,309
235,0 days 00:00:02.564319,0.010866063289496531,23,0.1345070201167312,42
236,0 days 00:00:12.387162,0.9221429477269532,16,0.5685273127438023,60
237,0 days 00:01:39.668537,13.549934398430102,41,0.426346758296687,486
238,0 days 00:00:23.133369,74.84414251259956,46,0.5530952731232013,110
239,0 days 00:00:02.259949,155.4956371203158,48,0.5765066958328245,10
240,0 days 00:00:04.142965,0.6472775043660943,39,0.3269193387568515,18
241,0 days 00:00:27.151667,822.8066817003672,14,0.7399261121697575,212
242,0 days 00:00:08.061800,0.3726105237466875,43,0.34546435762818095,77
243,0 days 00:00:33.558546,119.71092259044585,27,0.6092653097911215,167
244,0 days 00:00:03.441380,0.30821396381682464,45,0.8045243261104894,20
245,0 days 00:01:26.482110,5.361965797661616,49,0.3492026554960601,423
246,0 days 00:00:07.658223,0.00182088804760828,14,0.7473965964478618,200
247,0 days 00:00:10.819075,3605.5403943754277,16,0.5635060360210357,50
248,0 days 00:00:18.842010,51.55300625939741,26,0.4497928677933426,90
249,0 days 00:00:19.888822,2102.392088052174,34,0.3221198523288325,93
250,0 days 00:00:05.183067,154.4108742405522,46,0.7781567433046723,23
251,0 days 00:00:13.641230,86.86017915925355,18,0.10271983235275509,71
252,0 days 00:00:25.259402,0.22815237225384477,17,0.3713740562193545,232
253,0 days 00:01:21.302934,216.39698819835732,22,0.7864384088033572,387
254,0 days 00:00:12.328469,0.002227133735859908,41,0.8068514369235501,325
255,0 days 00:00:13.306338,495.0991816331922,17,0.7357104215845505,71
256,0 days 00:00:02.530858,0.1097517953026499,19,0.3894680776613956,11
257,0 days 00:00:24.337274,0.721013664836392,42,0.15166901561864599,109
258,0 days 00:00:29.788112,0.16259328767396064,31,0.6852219731709661,200
259,0 days 00:00:15.136645,0.16175259965294222,27,0.8444915213320676,64
260,0 days 00:00:10.098969,0.0021183406286510316,11,0.1203801200548874,228
261,0 days 00:00:03.135873,0.00039026251347384043,35,0.47639948629919127,61
262,0 days 00:00:01.496118,0.002632187374063737,37,0.38339315889703085,22
263,0 days 00:00:46.886123,154.3628217553565,26,0.22664015919250585,223
264,0 days 00:00:00.758999,0.0002035483247375337,14,0.47222288518632594,13
265,0 days 00:00:04.384208,1.4198341085093675,30,0.6681226206908525,20
266,0 days 00:00:11.042224,0.0032991688391295175,49,0.46690444676430676,266
267,0 days 00:00:02.299188,0.6056392155037377,41,0.5176704637765436,10
268,0 days 00:00:05.023165,0.0011054752946475606,12,0.463319098967775,129
269,0 days 00:00:02.805154,14.492265213060383,19,0.7848042313329713,10
270,0 days 00:00:50.045881,10.885591528077144,37,0.7269048041128598,246
271,0 days 00:00:15.065711,1338.0175101686318,23,0.1215064205553122,72
272,0 days 00:00:09.935496,0.8154714730305356,11,0.6486425874324084,47
273,0 days 00:00:28.597625,0.9243867316553603,43,0.7329135853382133,141
274,0 days 00:00:07.724425,418.1243241841445,31,0.8831797087685008,37
275,0 days 00:00:13.572654,0.0016060725092569975,41,0.20478628108073993,369
276,0 days 00:00:11.108097,0.6551354274831829,31,0.1433403928474114,55
277,0 days 00:00:03.782427,3794.0065558970423,16,0.7856278572839458,14
278,0 days 00:00:05.905345,0.0014958079781422042,30,0.4648727663664477,155
279,0 days 00:00:18.663516,0.6640538721061631,46,0.3453491828212557,92
280,0 days 00:00:04.909706,5.578429124688355,16,0.7368026355152021,20
281,0 days 00:00:21.654400,131.59013698451,29,0.3977333098235629,102
282,0 days 00:00:01.495186,0.0008449372790976293,18,0.8776485585852124,35
283,0 days 00:00:01.053054,0.005237946518814663,41,0.7086831910168337,20
284,0 days 00:00:13.949521,19.80016329695866,27,0.3779233795500241,71
285,0 days 00:00:24.932319,0.1328073029579406,36,0.6691269280088215,165
286,0 days 00:00:14.155001,1.6788692418088247,43,0.2786144333910932,70
287,0 days 00:00:06.419858,6073.397955648146,17,0.5521308367313077,29
288,0 days 00:00:42.198155,666.202583993961,16,0.8341832651200398,356
289,0 days 00:01:15.605368,1024.0320598155126,26,0.20456053760383208,353
290,0 days 00:00:13.513273,16.019475741015516,10,0.6298857700433393,68
291,0 days 00:00:36.050248,6184.783012637647,23,0.4998534287813021,174
292,0 days 00:01:21.957836,0.09974464899938705,45,0.37019589625701455,374
293,0 days 00:00:06.156114,0.0002062964194168869,20,0.44542121701778326,138
294,0 days 00:00:05.540544,0.0008142922787948439,15,0.6559266894180518,141
295,0 days 00:00:48.036789,0.17767090515964487,10,0.8881537066487284,219
296,0 days 00:01:48.093389,873.5458247614122,13,0.471963414563328,484
297,0 days 00:00:12.431592,0.5481457404547939,30,0.18377152815913958,58
298,0 days 00:00:21.323899,1.852116639810575,41,0.5942702406234431,96
299,0 days 00:00:10.611835,0.0098466958446401,13,0.6852356091173708,208
300,0 days 00:00:03.194032,0.0014963478829901331,49,0.7627624698046093,78
301,0 days 00:00:15.453493,0.03480359589803695,11,0.6832986133275203,97
302,0 days 00:00:05.860407,0.12187019587418205,41,0.43728649875386594,29
303,0 days 00:00:14.312946,2836.6466945361876,43,0.2546370925258959,70
304,0 days 00:00:00.818012,0.003715978302308779,30,0.29058907484160446,15
305,0 days 00:00:38.433280,8.434337254528105,28,0.6086896692115147,178
306,0 days 00:00:34.507593,0.23125943684852776,15,0.5202134692250292,233
307,0 days 00:00:36.618875,1516.0042776015273,39,0.7027322520152647,167
308,0 days 00:00:09.044010,0.0034114058804432363,46,0.6106424162393578,235
309,0 days 00:00:13.907952,4.393637943310901,19,0.18712222392529415,62
310,0 days 00:00:13.100095,0.5366883546472871,45,0.2568037349508379,61
311,0 days 00:00:02.936005,0.0007342543847911331,33,0.693306550351408,91
312,0 days 00:00:14.583870,0.009961172831049516,35,0.3974996605153467,141
313,0 days 00:00:25.491133,122.89779002356005,35,0.3293208443116756,113
314,0 days 00:00:31.203877,1.2015970402655993,19,0.714569091531901,144
315,0 days 00:00:06.220184,0.009060652028894339,37,0.45487783305352714,84
316,0 days 00:00:13.264043,0.00010332901228032605,36,0.2006672667966151,280
317,0 days 00:00:19.555012,416.23433560166956,17,0.8799469958053994,91
318,0 days 00:00:01.571375,0.01703024181783321,38,0.3083816116603382,11
319,0 days 00:00:39.837745,3.2687338354110325,29,0.6966861828172282,181
320,0 days 00:00:04.712609,9281.597430735002,34,0.8117528690200209,18
321,0 days 00:00:01.059529,0.00034888835584777523,39,0.8218558388617025,25
322,0 days 00:00:04.803092,0.0019043894736592373,17,0.29992994356364844,137
323,0 days 00:00:38.040770,29.41325965218417,29,0.43702637482525597,176
324,0 days 00:01:36.066790,310.8567350740289,16,0.5474358903470669,449
325,0 days 00:00:36.570543,44.839223322461734,22,0.12539320828198397,171
326,0 days 00:00:08.068393,4.51887020535328,28,0.17039095243456054,42
327,0 days 00:00:53.921102,105.17753424726581,13,0.7438215196647389,240
328,0 days 00:00:29.996118,5.41137478196933,13,0.8325599926105091,132
329,0 days 00:00:04.105154,0.003098261238145428,29,0.6287510190447233,90
330,0 days 00:00:14.455050,1.0962967586958032,20,0.4230436779854916,69
331,0 days 00:00:10.717017,0.0005029525320235152,29,0.7927230594987725,300
332,0 days 00:00:06.691561,0.0005103225486259102,14,0.8378028893654074,182
333,0 days 00:00:05.432613,1.134246891354685,39,0.2476481266019966,26
334,0 days 00:00:02.283265,0.01214570894566579,43,0.21518225952490885,34
335,0 days 00:00:16.213730,0.002296034500050314,20,0.6747054236993429,369
336,0 days 00:01:22.853781,10.696254447498495,42,0.8271460220468975,383
337,0 days 00:00:16.304525,0.00020027315023174753,29,0.3286790776399974,360
338,0 days 00:00:01.275905,0.0002592934727856688,37,0.218354625005665,29
339,0 days 00:00:12.000106,0.5358597460560753,11,0.8621962055544724,100
340,0 days 00:00:02.274489,0.000772146200332184,37,0.42417281900469017,42
341,0 days 00:00:26.321540,2494.8725587700746,33,0.683771678470907,119
342,0 days 00:00:07.873885,0.0005863011391412552,37,0.5093770111018735,182
343,0 days 00:00:17.300152,15.769732878473711,40,0.14507737329884363,74
344,0 days 00:00:01.058243,0.0001278926614580873,27,0.3705244968421523,16
345,0 days 00:00:00.694899,0.00030888414017986846,15,0.11852860216172677,11
346,0 days 00:00:12.751843,6149.985187709597,27,0.7382210515246721,57
347,0 days 00:00:04.313518,0.0038080614209250324,38,0.7324806893169132,87
348,0 days 00:00:03.966265,0.2979192145037653,48,0.4422892617857219,25
349,0 days 00:00:13.738063,0.0015562899022259782,16,0.8260544182642989,349
350,0 days 00:01:07.512613,31.384512373570107,25,0.4652777960836033,325
351,0 days 00:00:04.924401,0.015413383077147616,45,0.24248697064973224,36
352,0 days 00:00:06.747745,554.70876392918,27,0.5941024728559381,26
353,0 days 00:00:02.402664,0.07371929409041116,21,0.11175117882767412,11
354,0 days 00:00:03.944883,0.0030608412897944956,47,0.8847810966805493,86
355,0 days 00:00:40.245670,1.5737918130229462,27,0.3326077799386747,186
356,0 days 00:00:08.829525,28.84431137797819,16,0.7890368436225044,40
357,0 days 00:00:51.033764,0.274273722034692,34,0.43308459856978476,480
358,0 days 00:00:04.316153,0.05285769025165467,34,0.8418502314004946,29
359,0 days 00:00:23.227455,0.1337873116729669,23,0.8311116159951258,179
360,0 days 00:00:06.014803,5.396785858450722,35,0.6100532283962395,28
361,0 days 00:00:06.013594,0.3929640619855291,25,0.11642814154501178,47
362,0 days 00:00:06.296015,1316.7225500678162,12,0.36997744083481066,25
363,0 days 00:00:01.821078,0.0006972077934287114,39,0.6126462701084556,36
364,0 days 00:00:00.839140,0.0002878270707936197,24,0.8317956378163974,21
365,0 days 00:00:09.219445,1809.015250346915,13,0.5437727898794306,40
366,0 days 00:00:00.747224,0.0008034188244028764,16,0.27823822440541496,16
367,0 days 00:00:11.794513,37.81615495827175,33,0.4122321229292456,58
368,0 days 00:00:16.070328,50.1909332071718,34,0.2091057882313801,75
369,0 days 00:00:54.715377,3.0168167542674613,38,0.5350820488863283,259
370,0 days 00:00:02.560072,8181.159606990652,37,0.15661937934087639,11
371,0 days 00:00:11.056911,0.5676185527460219,13,0.17402872657323892,53
372,0 days 00:00:01.250001,0.005624904010730372,40,0.5507067756550891,26
373,0 days 00:00:03.069099,0.03476823210512383,40,0.6843098056162463,17
374,0 days 00:00:01.357536,0.0001213025561355293,24,0.8102249613316087,29
375,0 days 00:00:51.391232,4.841661158361949,19,0.3372073040054495,239
376,0 days 00:00:17.487874,1654.7321694227796,47,0.8365610605055023,85
377,0 days 00:00:03.257595,1.56693899652354,22,0.617495638968531,15
378,0 days 00:00:09.078562,0.303226536046791,30,0.12529645379533294,70
379,0 days 00:00:25.226041,17.662989791640182,14,0.7154551957775831,121
380,0 days 00:00:48.194432,0.2576370984720614,27,0.14970833117298732,439
381,0 days 00:00:17.503517,0.006070414989850544,11,0.8701081079583656,405
382,0 days 00:00:35.316652,0.05712982159062548,13,0.30148026258430416,198
383,0 days 00:00:03.670012,0.005166405084557938,30,0.7907028925756042,74
384,0 days 00:01:00.455232,158.06461536251953,32,0.24093123613340756,268
385,0 days 00:00:00.794958,0.004144838024029572,33,0.3979243862859695,14
386,0 days 00:01:29.271728,4.165557816801998,35,0.13199846838088033,417
387,0 days 00:00:03.704816,0.745615971417594,13,0.7840026874549588,16
388,0 days 00:00:14.933215,10.909692790458612,14,0.8052110664942215,78
389,0 days 00:00:02.030917,36.43530277084406,30,0.8077214384550202,10
390,0 days 00:00:06.244501,1.149730153495675,47,0.1993528110283161,27
391,0 days 00:00:05.119699,0.0004190731668707887,42,0.42326519795027395,150
392,0 days 00:00:29.121088,567.0986306314167,43,0.3774259357007249,129
393,0 days 00:00:58.414055,3.4236620930528128,22,0.15936999670733842,272
394,0 days 00:00:19.629171,0.0002641415895902439,26,0.1341430832623198,496
395,0 days 00:00:08.904052,2.2690884057458005,45,0.7101048809874991,40
396,0 days 00:00:07.443102,7.518159823755586,46,0.46809140715526887,29
397,0 days 00:00:08.891017,80.2999519672612,24,0.3879870961931198,41
398,0 days 00:00:04.127880,1.015984321766033,40,0.11192202787376991,17
399,0 days 00:00:51.490565,33.27842513086141,14,0.8844573586724944,239
400,0 days 00:00:02.118528,0.004160255317365935,21,0.2279552898764699,39
401,0 days 00:00:54.493140,0.04402327544272538,33,0.1311932916115559,310
402,0 days 00:00:19.656253,0.005095928992370991,45,0.7662858827494136,437
403,0 days 00:00:20.217499,4.692655113024365,39,0.4653775178525268,93
404,0 days 00:00:50.182885,166.42477952255555,14,0.6014670936346753,290
405,0 days 00:00:05.959336,162.70323973814362,44,0.6301785774584474,23
406,0 days 00:00:01.880331,0.32038333283542075,49,0.3858438657832982,13
407,0 days 00:00:03.629852,0.16730270785720877,45,0.6939173414666233,14
408,0 days 00:00:14.809303,0.0012710003598902643,10,0.6280793313361704,344
409,0 days 00:00:14.835012,0.0009692504233370779,34,0.815825330464426,351
410,0 days 00:00:09.619657,0.08084373832756471,41,0.6767940721512082,39
411,0 days 00:00:02.713732,1.3853384733305423,34,0.1314091463022166,10
412,0 days 00:01:37.254327,0.6049082216051008,12,0.5529155169497286,458
413,0 days 00:00:00.759753,0.0031619678325699244,35,0.2144043609679569,17
414,0 days 00:00:20.218734,0.033423418709542026,45,0.7762515417605598,182
415,0 days 00:00:11.444422,0.0030780231267370133,12,0.32076242063739924,259
416,0 days 00:00:17.300668,0.00028731822830614146,25,0.7546378781621204,380
417,0 days 00:00:12.111812,0.08553937746217073,40,0.1526230301640295,55
418,0 days 00:00:03.258509,0.0025984121197830546,16,0.5166649740321861,74
419,0 days 00:00:56.804620,1.8204854252833889,20,0.7732700790033923,274
420,0 days 00:00:04.015396,16.141526640343063,21,0.5703243209949181,16
421,0 days 00:00:09.626114,0.00028161839321737357,34,0.3225533505213023,233
422,0 days 00:01:11.054199,5013.487475160592,38,0.38679287191997225,336
423,0 days 00:00:34.333487,0.05659785271414465,11,0.40709381757492324,206
424,0 days 00:00:54.837593,6606.163885508981,15,0.18430174099076604,259
425,0 days 00:00:04.509641,62.391178132323915,20,0.6051896154325006,23
426,0 days 00:00:01.748318,0.011325448124868302,14,0.6120939298906045,14
427,0 days 00:00:05.657855,0.0005841827757099693,47,0.2662117132686671,119
428,0 days 00:00:01.237075,0.0001203453066500514,19,0.3238715907568279,15
429,0 days 00:00:03.410889,0.0036131923501430503,40,0.35445753936535995,62
430,0 days 00:01:11.817617,9559.244957835803,18,0.744803242957653,333
431,0 days 00:00:16.838652,7.585845759429853,36,0.7811389120935653,81
432,0 days 00:00:57.427174,54.76904311715014,21,0.14461515419059812,275
433,0 days 00:01:27.116636,0.15909842754089493,36,0.6265731058506196,407
434,0 days 00:00:10.733288,0.18208850304842145,18,0.3970151250918129,51
435,0 days 00:00:12.536950,4.777456521227306,16,0.2325744173010371,63
436,0 days 00:00:07.282956,121.11117368916486,31,0.17497046377111003,33
437,0 days 00:00:08.499129,0.03515892326598677,10,0.7305530716946552,84
438,0 days 00:00:02.032442,0.2611262469115556,26,0.44600191665082056,19
439,0 days 00:00:17.194067,0.00012176823574436118,33,0.17446582325995363,380
440,0 days 00:00:02.816817,0.0005941054954480255,42,0.7544347976597724,62
441,0 days 00:00:03.828682,0.004006132547427266,49,0.6256640960134796,87
442,0 days 00:00:10.817031,6809.627067172606,20,0.644774868926567,49
443,0 days 00:00:02.874737,0.986349652095859,18,0.6537149848022318,13
444,0 days 00:00:05.709107,0.9526709834544987,47,0.5342325813870707,24
445,0 days 00:00:20.934258,0.029085337192487577,40,0.1912158230015728,229
446,0 days 00:00:02.915362,0.49178339163440743,19,0.4251787786694401,12
447,0 days 00:00:23.720358,586.831069567362,22,0.24660453709316377,103
448,0 days 00:00:12.618549,0.2751040233838445,41,0.7829505622629787,105
449,0 days 00:00:13.432639,0.00038958069721883057,43,0.13432141853464996,332
450,0 days 00:00:14.351783,0.010307496903634611,14,0.5243852039522457,224
451,0 days 00:00:24.914734,716.7126648151338,49,0.23805528082709282,112
452,0 days 00:00:03.852395,113.83518393743485,43,0.4634039471025153,15
453,0 days 00:00:07.062652,0.0005213445151488992,18,0.4274670954152565,169
454,0 days 00:00:05.000095,0.00018872196058091357,18,0.3343918149294559,104
455,0 days 00:00:02.205746,0.0008221777263574954,44,0.7535051587835945,43
456,0 days 00:00:39.275049,101.42532418732648,42,0.6584795211475319,170
457,0 days 00:00:01.203758,0.0004454599480387583,32,0.3705221831928309,25
458,0 days 00:00:01.241183,0.00018641735886410643,26,0.4742899797984541,28
459,0 days 00:00:04.882495,16.85189320632715,29,0.11569752799749473,24
460,0 days 00:00:15.652746,0.20408088308137237,36,0.46896992897390155,78
461,0 days 00:00:36.618269,0.04329971158552392,29,0.4014232857333101,231
462,0 days 00:00:01.500392,0.0003465356347951306,24,0.2800944225058123,40
463,0 days 00:00:02.662819,0.1614179230481157,36,0.10489776613911471,11
464,0 days 00:00:56.638347,0.10152771006551575,26,0.3248883456245107,299
465,0 days 00:00:05.348811,1359.5736348458668,32,0.5558359496395292,23
466,0 days 00:00:01.038461,0.005724409574792301,21,0.6866168766611661,18
467,0 days 00:00:52.620017,755.4141943646222,44,0.12528842532901888,242
468,0 days 00:00:00.602893,0.001096751180587962,25,0.18034725924080597,12
469,0 days 00:00:34.155339,1353.740551174641,14,0.7514454285239472,255
470,0 days 00:00:03.819035,0.0005151019614329029,21,0.58274138495656,96
471,0 days 00:01:34.506136,98.72123566099249,40,0.8461891178159479,443
472,0 days 00:00:07.684185,0.0024766747728506523,39,0.7209828324000065,193
473,0 days 00:00:01.454786,0.0037968321398945473,18,0.2164715744403842,28
474,0 days 00:00:02.077665,0.008096362059073003,18,0.43820604054641243,23
475,0 days 00:00:21.132318,0.0001074417744999575,27,0.24743435157238702,444
476,0 days 00:00:32.107349,329.8784049555007,23,0.8920630910845085,146
477,0 days 00:00:20.861617,855.3571020618267,38,0.29712412109484654,94
478,0 days 00:00:50.020051,0.7516701388034017,46,0.3179220991905719,242
479,0 days 00:00:14.783825,16.98307164695212,46,0.5852900846277967,69
480,0 days 00:00:39.624024,0.07852560168697388,34,0.2706434148614991,201
481,0 days 00:00:15.645047,0.002698654821632353,28,0.16140217458063733,416
482,0 days 00:00:10.824795,144.81379422289103,17,0.8152979482601573,51
483,0 days 00:00:16.432101,15.398627318070936,40,0.3154640172723176,74
484,0 days 00:00:02.351713,0.4388319144725036,35,0.7873256869567326,13
485,0 days 00:00:47.362632,0.3307727282632659,32,0.6235481419396589,481
486,0 days 00:00:04.077572,983.9778538943067,40,0.1764534935515969,19
487,0 days 00:00:05.779204,6.8077967410310585,19,0.3839221546720274,29
488,0 days 00:00:14.684345,0.12645023667712435,17,0.7532222850836082,122
489,0 days 00:00:43.728008,20.23876317552225,15,0.8184516553841352,212
490,0 days 00:00:38.173650,0.16049191762615858,27,0.4318233913366657,199
491,0 days 00:00:01.836086,0.02218260036077841,38,0.5240934600709158,15
492,0 days 00:00:54.998696,0.07112567744600083,11,0.17850196900798868,299
493,0 days 00:00:29.954796,1.0618563518993531,42,0.14080454296378822,155
494,0 days 00:01:36.378644,32.80425408000472,44,0.6282164308064643,464
495,0 days 00:00:03.777948,0.0012967724645062176,42,0.127778929918889,100
496,0 days 00:00:39.379343,0.0891783455042764,35,0.32624989070289434,193
497,0 days 00:01:15.423790,34.051030782158094,13,0.3791592829706417,377
498,0 days 00:01:24.209141,959.5579763333244,49,0.3976362976969443,410
499,0 days 00:00:04.292647,0.018788945217997687,31,0.4218525749382064,72
500,0 days 00:00:11.520660,0.17020578050402121,17,0.5808848458813737,53
501,0 days 00:00:06.891497,11.45428356469324,38,0.2125302336199824,31
502,0 days 00:00:03.154229,0.001329827485140846,26,0.7866672935102285,70
503,0 days 00:00:40.910419,115.75310974128132,43,0.6310484329332158,197
504,0 days 00:00:41.922784,3664.0387573108014,35,0.6344864229123643,209
505,0 days 00:00:06.636219,0.0001618614163903675,14,0.15208710850511686,147
506,0 days 00:00:05.965549,0.0008014810442331248,35,0.5373709543496972,153
507,0 days 00:00:07.308773,0.02912833800394367,31,0.6615081828583691,82
508,0 days 00:00:29.087021,0.09085087373073461,19,0.5626193558368131,161
509,0 days 00:00:02.988620,0.2327757985436567,19,0.2918992529175687,19
510,0 days 00:01:10.776943,713.033819709709,20,0.5797542192273094,342
511,0 days 00:00:03.780289,69.93850583326142,10,0.8912771386335454,18
512,0 days 00:00:28.492473,213.51949924590124,43,0.15362701666195716,139
513,0 days 00:00:40.121145,302.83171370116236,18,0.21307443933721332,192
514,0 days 00:00:02.614631,0.0010695746522120558,21,0.7701521795495033,73
515,0 days 00:00:00.729693,0.005041678273464007,21,0.6809973632034229,10
516,0 days 00:00:01.341556,0.010194613807644226,34,0.704690639681466,13
517,0 days 00:00:45.891388,4302.610409253677,32,0.803651806536669,295
518,0 days 00:00:02.419216,0.0005626894815729776,17,0.1999347590493855,72
519,0 days 00:00:04.190636,90.41832851293803,44,0.7136191618001516,20
520,0 days 00:00:13.096716,417.21083404393846,38,0.4181989357386299,60
521,0 days 00:00:04.325454,0.8685768185487441,16,0.5717620842754336,17
522,0 days 00:00:11.956438,29.600758936526574,14,0.1489596982690416,58
523,0 days 00:00:05.963404,0.0003032210658476596,46,0.6488016466690414,157
524,0 days 00:00:36.008865,442.789130872267,30,0.8955056269224102,219
525,0 days 00:00:36.125533,0.1690505625659943,31,0.30473994713373886,172
526,0 days 00:00:01.891002,0.004397966349488948,30,0.6714250176980084,41
527,0 days 00:01:37.133169,8.399811229610599,18,0.5455533812719009,479
528,0 days 00:00:08.664675,0.00010847431743326948,31,0.8390228424258689,203
529,0 days 00:00:14.097770,0.035287186053817796,32,0.8712777659275208,102
530,0 days 00:00:43.053115,570.6324217947147,27,0.2903686685897483,204
531,0 days 00:00:04.334653,3.2959020811575765,17,0.33557966777699055,17
532,0 days 00:00:25.167297,2.630360784052761,21,0.4120169241185154,123
533,0 days 00:00:02.203199,0.007874717508245534,12,0.6267486697530023,28
534,0 days 00:00:10.559913,0.14196565253447938,49,0.637314731327856,59
535,0 days 00:00:05.242469,1605.7422726772195,32,0.5941278198117486,23
536,0 days 00:00:03.770356,112.4610170064003,10,0.2824330269921326,15
537,0 days 00:00:02.115041,0.0003531514944207893,24,0.4750017901696516,49
538,0 days 00:00:09.578069,5967.461511243512,26,0.46961376614991834,51
539,0 days 00:00:59.224191,185.91484605981657,34,0.6718690951115031,302
540,0 days 00:01:18.424343,8358.512546213764,18,0.5874697909751756,392
541,0 days 00:00:05.421385,45.08784318406731,30,0.34364348778858744,23
542,0 days 00:00:20.597188,941.8594680120076,49,0.16875023883918364,107
543,0 days 00:00:05.697003,1.6949197475011126,39,0.2823638472517236,25
544,0 days 00:00:07.421492,457.96876400179065,10,0.2961332234823522,36
545,0 days 00:00:07.580144,0.12161905122547984,23,0.7610602522630141,40
546,0 days 00:00:15.907473,1017.2227280788428,20,0.7114508581084459,80
547,0 days 00:00:40.842131,1255.2477865716317,33,0.2337674173399311,203
548,0 days 00:00:05.973450,0.12555864178812637,16,0.5825586152827501,29
549,0 days 00:00:02.227295,0.012392781036067481,11,0.8146895055350144,35
550,0 days 00:00:15.128095,57.366989199055695,22,0.4749829502485369,76
551,0 days 00:00:02.455369,0.21831624680592956,42,0.17121836322184647,10
552,0 days 00:01:23.628773,104.05303201097082,43,0.6122114945219187,410
553,0 days 00:00:00.863969,0.0014117615830922991,41,0.4622769822507353,19
554,0 days 00:00:07.602602,7.649578300230931,34,0.8951146878851203,34
555,0 days 00:00:00.734544,0.0002625066549468906,16,0.3628674662924146,14
556,0 days 00:00:12.123365,88.3201072904251,36,0.31300454077076956,57
557,0 days 00:00:33.015092,0.4150188162464371,24,0.8239422352210108,332
558,0 days 00:00:07.364895,3841.142911494661,30,0.41967763885323295,34
559,0 days 00:00:14.276921,732.639548766511,27,0.7550643668510221,78
560,0 days 00:00:00.786534,0.004805706098258059,36,0.5120654505867908,15
561,0 days 00:00:00.671157,0.0005872583316912112,33,0.674098616813428,10
562,0 days 00:01:24.190827,285.97818419790167,38,0.7626963017027352,398
563,0 days 00:00:03.264387,55.22271580601473,13,0.818406562369746,16
564,0 days 00:00:09.432571,0.04415342039144064,29,0.3953825518525752,69
565,0 days 00:00:39.960787,2619.681416573065,34,0.4381318838247703,201
566,0 days 00:00:03.304748,0.7097628049238823,38,0.5017793092745569,18
567,0 days 00:00:08.350954,6864.60143813852,33,0.36478326747620515,39
568,0 days 00:00:12.833313,0.05698240846434314,39,0.8531315228994062,86
569,0 days 00:00:02.067056,0.021649022353874794,16,0.5577004405753899,25
570,0 days 00:00:34.478841,1.7012560920799418,18,0.5154491322991026,165
571,0 days 00:00:36.270118,9302.545680028596,34,0.6374992636893804,173
572,0 days 00:00:01.597108,0.00032672906493095357,20,0.666255711492844,40
573,0 days 00:00:45.123676,0.07579451399971754,45,0.15705758614362963,215
574,0 days 00:01:18.452565,54.356808708879946,19,0.8413032443290547,369
575,0 days 00:00:01.299651,0.00019373668648865706,32,0.3244488198937574,30
576,0 days 00:00:00.750004,0.002265015511980433,23,0.1644753009135435,16
577,0 days 00:00:51.966955,0.08669981073125826,21,0.4549299410163615,255
578,0 days 00:00:22.377020,2111.8879412971455,23,0.24217301957170134,103
579,0 days 00:00:35.936296,0.9351361680839242,14,0.49817533544722137,177
580,0 days 00:00:07.567467,59.07287436231653,12,0.8469053605233272,34
581,0 days 00:00:02.324580,1727.654914910366,13,0.5243600706359479,10
582,0 days 00:00:24.830859,0.5342955744559013,23,0.35358362849274283,115
583,0 days 00:00:04.657794,0.0015180516791404835,49,0.18734218036094205,114
584,0 days 00:00:08.383881,0.5836432280391228,16,0.1305338657376412,39
585,0 days 00:00:04.554862,482.55698536557185,26,0.2570033849893377,22
586,0 days 00:00:17.510369,0.008145688413661763,26,0.20992809658528905,364
587,0 days 00:00:02.659471,2320.8535170791015,13,0.32952448046004235,11
588,0 days 00:00:42.721299,0.17537905295822603,36,0.6572060700849377,293
589,0 days 00:00:04.287841,5093.739038600743,15,0.6334035757563342,17
590,0 days 00:01:25.810025,15.4965978309922,18,0.37646599590926133,387
591,0 days 00:00:43.225106,689.6631994406237,10,0.8745003877959544,191
592,0 days 00:00:02.502754,0.0004725000801389724,49,0.40169884835153513,55
593,0 days 00:01:33.390492,0.9702246563182353,49,0.6106923009715997,420
594,0 days 00:00:08.807131,0.013125415990546258,39,0.25600303091463406,146
595,0 days 00:00:37.227604,0.6257440030970032,21,0.7824994506900456,205
596,0 days 00:00:04.414096,38.017881421931875,22,0.3611017966231408,16
597,0 days 00:00:20.378989,79.79932670841039,49,0.7486648960993629,132
598,0 days 00:00:06.506051,0.07249494093364701,40,0.3218811868264022,29
599,0 days 00:00:12.298622,0.2670298233466099,27,0.6507281032236331,101
600,0 days 00:00:10.150157,335.32693785139014,10,0.8789153275814067,46
601,0 days 00:00:14.091533,1.1238119303330778,13,0.8589947103289323,69
602,0 days 00:00:16.928184,27.746625305529808,18,0.8546705981997194,73
603,0 days 00:00:02.444103,19.49740173565116,29,0.7209102211487524,10
604,0 days 00:00:08.468172,0.0009755016635445657,40,0.2858603888025484,179
605,0 days 00:00:08.072330,0.005328110320852015,18,0.6780113371307974,158
606,0 days 00:00:03.909928,0.0032797572857796342,40,0.8978055785832981,70
607,0 days 00:01:04.670036,10.819861911088573,11,0.35204276893182385,291
608,0 days 00:00:10.134353,0.04527809830089763,42,0.8677935576080676,58
609,0 days 00:00:05.241466,0.001876507839784479,15,0.8114329743546947,128
610,0 days 00:01:20.254132,0.471665937302629,41,0.6036708114894911,370
611,0 days 00:00:03.647907,0.825732696397803,21,0.14029365231350238,16
612,0 days 00:00:04.096648,0.060011710179373894,32,0.4068001788466922,18
613,0 days 00:00:14.595565,0.0854879620443183,36,0.6847795755150384,108
614,0 days 00:00:51.275520,0.2568752706531409,46,0.5176091438328968,467
615,0 days 00:00:07.676140,0.6415844950385852,12,0.8801719519923211,33
616,0 days 00:00:13.110636,3603.887512817584,13,0.6976478855656737,59
617,0 days 00:00:04.344683,0.16386179554510585,34,0.3668467856910963,18
618,0 days 00:00:12.236686,0.6454251028566169,15,0.31893212849253194,56
619,0 days 00:00:34.935712,303.9779564648052,45,0.2073111776579878,164
620,0 days 00:00:03.516768,8.581657514853648,11,0.26165234075725496,14
621,0 days 00:00:04.562227,2.1228007440004073,36,0.20439847543951473,19
622,0 days 00:00:07.763316,54.551588234786536,45,0.6205866541937155,30
623,0 days 00:01:42.288527,60.13851129787257,39,0.8273050641343423,467
624,0 days 00:00:36.296759,980.8434228888162,22,0.7442600321863675,165
625,0 days 00:00:02.447330,4.143021227654674,36,0.20432081008071085,11
626,0 days 00:00:13.273104,0.012748041525150052,31,0.44188883370879317,219
627,0 days 00:00:49.530253,161.5025131508304,29,0.5123231127563453,227
628,0 days 00:00:00.694788,0.00507749067196676,44,0.6139830602675943,12
629,0 days 00:00:06.897492,0.00028019840636692866,42,0.5949192958437263,188
630,0 days 00:00:05.009586,0.016374892891085267,39,0.24942929910869494,43
631,0 days 00:00:02.772780,468.02834764477944,14,0.7510421212303466,12
632,0 days 00:00:09.009262,0.00014226685337648753,14,0.6747960534146875,189
633,0 days 00:00:33.717430,1.258839859672942,36,0.21369998912821597,148
634,0 days 00:00:04.929023,0.050392854165588814,29,0.5052629474663265,22
635,0 days 00:00:04.089408,25.145135847181482,16,0.4518566448916007,18
636,0 days 00:00:00.790061,0.0029772414648456848,18,0.7634961051943335,14
637,0 days 00:00:10.417967,323.9521153695457,24,0.29730828657292774,49
638,0 days 00:00:13.242084,0.30517344722476314,44,0.5422631213336793,120
639,0 days 00:00:04.275201,4.599631431545192,44,0.556335352888523,18
640,0 days 00:00:09.942831,10.445522020660812,39,0.11556750706904673,45
641,0 days 00:00:20.799674,4.0344771081629585,27,0.7176806760057274,95
642,0 days 00:00:07.697903,216.02730593274197,32,0.3009422441095869,34
643,0 days 00:00:03.156579,225.08752830254107,36,0.6147059331057295,12
644,0 days 00:00:02.427146,0.12000075154923363,12,0.14143841405010005,10
645,0 days 00:00:08.091763,42.33823279117182,42,0.8925930500033086,32
646,0 days 00:00:07.752188,6650.357729209722,16,0.7157616170937402,33
647,0 days 00:00:04.790827,0.0002524930505141462,18,0.19729976776175848,109
648,0 days 00:01:32.429876,0.8635935968093201,38,0.36392681616039,417
649,0 days 00:00:05.525387,0.00013537285915821124,23,0.4154260313469714,108
650,0 days 00:00:06.745166,0.0002890048395323703,29,0.16768778111170937,147
651,0 days 00:00:22.370396,0.05319695303422551,39,0.17878065172090774,111
652,0 days 00:01:24.605691,1658.8858645341825,19,0.7133553061458605,389
653,0 days 00:01:09.663265,12.093684410974415,45,0.6031195677242902,308
654,0 days 00:00:57.590939,0.47656009693542684,49,0.6059357972771303,262
655,0 days 00:00:00.842672,0.0025419813317241187,49,0.6802548955692516,10
656,0 days 00:00:55.405819,0.05283671281441604,17,0.32655018301882544,275
657,0 days 00:00:09.365318,0.00022425546524730634,42,0.36224977466976227,201
658,0 days 00:00:21.998299,58.73494632904853,43,0.5937370209802556,97
659,0 days 00:00:09.173745,0.004609152424120371,38,0.827853521784477,180
660,0 days 00:00:04.804337,0.14318003087716696,44,0.27444960968165244,22
661,0 days 00:00:23.541015,0.5757851533733674,45,0.5672730255005392,99
662,0 days 00:00:06.609495,0.25534281713359086,38,0.40774191048916675,54
663,0 days 00:00:01.085471,0.00013749176677281948,48,0.2415589993781116,16
664,0 days 00:00:00.809360,0.007460820527425126,31,0.19212955566146733,17
665,0 days 00:00:05.532006,0.023965442340273715,39,0.32864076869698267,58
666,0 days 00:00:04.420168,3255.0925038367404,17,0.11587450977494146,18
667,0 days 00:01:22.818027,4621.613227913973,39,0.6562772319191853,426
668,0 days 00:00:02.559201,0.0001797284928943852,41,0.6881718403157531,64
669,0 days 00:00:05.168478,9.406691436064394,41,0.8160829878743553,18
670,0 days 00:00:04.167785,0.00021268805096318286,19,0.4339354918472331,91
671,0 days 00:00:03.756561,53.34876774713633,28,0.5706065568335801,15
672,0 days 00:00:03.874583,0.016601473959094726,25,0.28723510406300146,42
673,0 days 00:00:29.789704,2363.253327879613,29,0.45021612527323096,136
674,0 days 00:00:06.234063,3.286255217733782,13,0.489783519658716,29
675,0 days 00:00:13.452178,0.0008779224036966181,43,0.6113929201226773,375
676,0 days 00:01:12.827833,45.73710513258626,13,0.6003046344613125,335
677,0 days 00:01:35.882306,187.28494657214242,31,0.4826790590145561,426
678,0 days 00:00:07.706915,0.0027205222885222295,40,0.5507993404238857,190
679,0 days 00:00:44.283466,584.1962899508762,34,0.7643947536649652,204
680,0 days 00:00:09.293671,5048.9890155648645,44,0.14690551688892184,41
681,0 days 00:00:33.851142,2.8246408484449987,47,0.6161873681695218,161
682,0 days 00:00:02.193555,0.0026832022726641864,22,0.5005626331867205,52
683,0 days 00:00:08.019981,0.26265587312081984,14,0.4981506940050061,71
684,0 days 00:00:12.407353,8.84323648200073,40,0.6179124090425013,58
685,0 days 00:00:19.296910,2.3003126558222102,15,0.42423775677489883,92
686,0 days 00:01:40.270291,4.658094523078759,23,0.6185128876380575,444
687,0 days 00:00:10.757917,148.61150520151455,30,0.8047132018859425,54
688,0 days 00:00:02.100671,0.012163736634613237,14,0.8967037673384171,30
689,0 days 00:00:20.715647,4313.415671897516,29,0.8994997816796207,101
690,0 days 00:00:17.855162,0.05533691740771021,36,0.313946924546434,103
691,0 days 00:00:04.325039,7.101250360266114,37,0.8910107073237178,18
692,0 days 00:00:13.539519,0.1341098486955897,24,0.49902521638556097,97
693,0 days 00:00:04.468940,0.025688582044969606,12,0.5528600818217939,48
694,0 days 00:00:03.133519,0.1260576065817531,39,0.5740227631705428,12
695,0 days 00:00:13.330795,22.397351678842174,15,0.4807051947011095,59
696,0 days 00:00:02.352385,0.00013008457242973717,31,0.11874654411064718,44
697,0 days 00:00:02.648854,6.322023982085865,11,0.3557000873793562,10
698,0 days 00:01:17.948768,1166.63322389843,32,0.20828975841150577,346
699,0 days 00:00:03.359553,4.152057228001838,40,0.6234499086163929,15
700,0 days 00:00:10.571123,0.6528975602457046,43,0.5064885489208691,49
701,0 days 00:00:02.337255,0.00023928249316047999,26,0.7755655416069337,45
702,0 days 00:00:11.823896,0.00010537576887982198,33,0.8644125444045068,234
703,0 days 00:00:15.674229,0.19748854973859417,15,0.7021064277370803,70
704,0 days 00:00:13.961903,0.10955557660002405,32,0.2393637642246069,58
705,0 days 00:00:05.557122,0.026729014701477514,16,0.8317186186381192,62
706,0 days 00:00:08.068414,0.014677729882508962,21,0.6676164727639293,117
707,0 days 00:00:32.140955,1007.4878463004538,46,0.5397759923947674,142
708,0 days 00:00:03.732348,0.00020532041494240484,23,0.32868452705129003,68
709,0 days 00:00:07.558406,0.057791190805570325,17,0.22638134408386287,34
710,0 days 00:00:10.468248,0.0017347374375173222,28,0.40400178949484566,233
711,0 days 00:00:02.243493,0.006507163355867462,23,0.6184073257203117,28
712,0 days 00:00:11.525103,0.0002491204450081046,17,0.23089021656205483,256
713,0 days 00:00:44.581782,65.18972402981471,30,0.520757661027713,203
714,0 days 00:00:35.255047,117.53589115011256,30,0.6244811268820125,161
715,0 days 00:00:02.208630,0.0012448056412261103,45,0.8632239630695615,45
716,0 days 00:01:47.115776,911.3828006673843,22,0.1827794029132792,488
717,0 days 00:00:09.427641,0.9886512709538313,13,0.10266540749397929,42
718,0 days 00:00:52.848748,2.0495456661143403,24,0.5106405184371549,243
719,0 days 00:00:53.937934,14.562201093725047,43,0.26757202806996216,244
720,0 days 00:00:04.379946,0.0003963115483291189,43,0.4443688014995669,106
721,0 days 00:00:07.388992,0.21678724456356044,26,0.8565487394732988,31
722,0 days 00:00:02.170150,0.00023940143067445135,16,0.4080788242321488,59
723,0 days 00:00:10.751996,847.1327902065618,39,0.2805683380385674,49
724,0 days 00:00:23.083482,0.1531403960318599,10,0.36824345023030913,105
725,0 days 00:01:35.562853,14.078414334289144,36,0.6802816092218386,495
726,0 days 00:00:09.105454,29.174270849739774,11,0.38936861139308687,39
727,0 days 00:01:02.713147,2.387549858670247,34,0.13333455996957053,273
728,0 days 00:00:08.065485,0.0755114776672981,49,0.8278794236866166,33
729,0 days 00:00:01.185744,0.00025783018752131864,42,0.4453656433574805,14
730,0 days 00:01:23.855113,1557.5349130668922,25,0.3606427414627089,374
731,0 days 00:00:17.248222,868.4281924854993,12,0.6426171395299789,82
732,0 days 00:00:20.927462,122.07830601011133,40,0.6006301209068461,91
733,0 days 00:00:04.245468,0.23779280999930666,13,0.1687244837328269,25
734,0 days 00:00:08.436650,4.4217087831383255,21,0.5516813956110376,35
735,0 days 00:01:08.624477,0.991272284168524,22,0.36290369476749895,300
736,0 days 00:00:05.729651,301.21631747813353,16,0.6134072357133158,24
737,0 days 00:00:41.601715,256.4723808969344,40,0.7104270973754361,183
738,0 days 00:00:10.296860,0.00011033126581546125,23,0.6699196763630872,212
739,0 days 00:00:58.407635,48.81643149793708,29,0.49473729904613073,255
740,0 days 00:00:03.717986,0.001374050882150642,25,0.19037180592981706,95
741,0 days 00:00:18.595541,1142.4151898580021,20,0.21922069261488472,90
742,0 days 00:00:01.363004,0.008742297154201523,39,0.7623364155871138,11
743,0 days 00:00:18.443650,0.024830900745748386,32,0.26116119905427804,247
744,0 days 00:00:12.351185,769.0559185881303,43,0.7373753781173312,66
745,0 days 00:00:29.512599,0.542728003740861,44,0.12368256198149093,130
746,0 days 00:00:08.104772,0.01681172777653425,10,0.4089411635024177,112
747,0 days 00:00:49.177834,5.623824987034469,31,0.7347177037998244,217
748,0 days 00:01:20.815399,59.32587097826988,42,0.5476085940971889,360
749,0 days 00:00:02.213842,0.004214763779333557,17,0.38070015588032313,44
750,0 days 00:00:03.700558,0.0005650610575636678,11,0.7323564209386925,89
751,0 days 00:00:04.803438,14.869827547310443,26,0.8464983565180461,21
752,0 days 00:00:00.639177,0.00027809497979658246,47,0.2733612031535125,12
753,0 days 00:00:24.790663,240.44417466754308,48,0.2605820270591158,106
754,0 days 00:00:22.999857,7.526533591940095,29,0.3113656477231924,97
755,0 days 00:00:02.731769,0.0004272793576600936,23,0.10714099278660312,63
756,0 days 00:00:17.640542,0.0001890049761883461,17,0.15211158410765765,420
757,0 days 00:00:06.261988,2083.7124684004357,37,0.7022606331921656,25
758,0 days 00:00:58.679529,0.18036878965050346,27,0.18693834618436667,303
759,0 days 00:00:05.253479,1.2733063222053207,43,0.7277929722401434,32
760,0 days 00:00:01.006490,0.00022837175474628156,35,0.8840871707094761,23
761,0 days 00:00:03.579175,1195.0552454416506,24,0.2338463507285291,12
762,0 days 00:00:11.570466,0.05190592672161634,10,0.1303140158354336,59
763,0 days 00:00:08.145936,0.11321200301104133,45,0.22223785365953505,34
764,0 days 00:00:07.434502,0.03429820911887878,33,0.6039620970566335,45
765,0 days 00:00:03.262885,14.209185116635282,46,0.4365637858514372,15
766,0 days 00:00:46.318308,2519.0742622248117,47,0.3700673881972707,216
767,0 days 00:00:55.455256,0.5502431498596475,30,0.3709616191995039,250
768,0 days 00:01:28.671796,23.45472663085713,18,0.21120369153507978,391
769,0 days 00:00:24.028467,0.4775166786652497,33,0.10784985496030552,217
770,0 days 00:00:10.596832,179.60577478618117,47,0.291723130548699,47
771,0 days 00:00:11.175950,2123.508090568015,36,0.5679672213326667,47
772,0 days 00:00:14.391135,2881.7908126903026,19,0.14433737242161931,68
773,0 days 00:00:08.073631,3.261746189879119,32,0.6521763505687819,37
774,0 days 00:00:30.486523,4.163319221322622,19,0.4200776801240339,137
775,0 days 00:00:07.689944,0.7156783947782521,28,0.4020484274438695,37
776,0 days 00:00:33.344978,6811.576527730523,19,0.682579120500889,151
777,0 days 00:00:03.945084,2.731719726280307,34,0.3653781573046503,19
778,0 days 00:00:24.571220,29.969690353934965,31,0.5037751379957001,117
779,0 days 00:01:37.425673,2.435343268086041,43,0.3559978610508615,439
780,0 days 00:00:11.945430,4833.073443438102,39,0.4027902121007426,52
781,0 days 00:00:04.650549,0.0025962285018285916,17,0.8264918741036793,114
782,0 days 00:00:10.667987,2611.833437649078,37,0.4817770508904583,47
783,0 days 00:00:02.672101,8462.893139309903,44,0.19753398316189763,13
784,0 days 00:00:11.474460,964.258581836444,33,0.21006100057965693,49
785,0 days 00:01:30.724470,63.856480374022894,49,0.5520473472844898,400
786,0 days 00:00:01.872255,0.00032779882814906394,48,0.6479099799622066,41
787,0 days 00:00:20.720303,0.00020074208566234873,21,0.6938862544710627,429
788,0 days 00:00:23.456997,35.96198388020686,38,0.5634191254925071,99
789,0 days 00:00:30.894456,29.124259656398817,48,0.5356871518161807,134
790,0 days 00:00:07.510904,0.00028942886335780213,13,0.4603520533913982,162
791,0 days 00:00:07.852825,47.63341899427345,36,0.6509758659647218,30
792,0 days 00:00:03.580746,94.13428398738307,42,0.5417266942864861,15
793,0 days 00:00:03.742392,3.6449683878819976,26,0.18654328840245543,15
794,0 days 00:00:32.482112,73.94126979789466,28,0.18270356876074578,134
795,0 days 00:00:14.693226,0.00023189543718972607,43,0.5324233609585599,321
796,0 days 00:00:03.280439,0.0012064322897587625,13,0.6631629956222963,63
797,0 days 00:00:03.853654,72.99229906982232,49,0.23500701707905336,12
798,0 days 00:01:19.681398,482.93858938467986,31,0.7742822859571936,363
799,0 days 00:00:03.291007,0.001428595582092383,24,0.3507978620199784,62
800,0 days 00:01:40.214801,1132.3967756172233,43,0.27652746276291273,454
801,0 days 00:00:16.110927,5.344448656378896,30,0.4534268170260327,69
802,0 days 00:00:58.282493,3029.0638477825523,16,0.5615501837383877,306
803,0 days 00:00:13.543002,0.0032675947748557867,49,0.3780374481622909,316
804,0 days 00:00:02.763484,4.777070258498637,38,0.1869934801662761,11
805,0 days 00:00:08.732608,0.0349011558886022,20,0.21424853495565338,49
806,0 days 00:00:02.872801,0.0291684508411931,12,0.4234408064369368,19
807,0 days 00:00:05.384473,0.2814413156164156,39,0.1564833666017049,39
808,0 days 00:00:01.438731,0.005171396043340945,20,0.5503436595087673,34
809,0 days 00:00:13.233426,1576.8687218769026,11,0.37863983563016446,56
810,0 days 00:00:08.120666,0.002106055674306493,27,0.7614717707504312,185
811,0 days 00:00:06.846818,15.51800876197159,41,0.570409195526979,25
812,0 days 00:00:02.044338,0.0003766083200630545,48,0.29298260064368764,35
813,0 days 00:00:02.746154,0.000625949462944203,44,0.8069118915322798,56
814,0 days 00:00:11.062446,0.002693515163437171,12,0.23656225947802298,261
815,0 days 00:00:08.506104,309.5552934975605,18,0.4275773369391288,35
816,0 days 00:01:23.434806,0.08450700987599512,37,0.674193975846922,372
817,0 days 00:00:15.212160,0.12833306059062471,49,0.6550243838414501,65
818,0 days 00:00:04.154643,0.18234618894729485,12,0.49863146317005114,16
819,0 days 00:00:00.949459,0.00047184669964583107,13,0.8818501362026503,14
820,0 days 00:00:01.012849,0.0007488699195983014,34,0.7209532365743786,25
821,0 days 00:00:07.252425,0.3399422220581522,47,0.8178550305491635,61
822,0 days 00:00:12.663206,0.012308827823517018,22,0.7141574007778145,241
823,0 days 00:00:04.902817,0.0004104396597743754,48,0.5065301277176643,127
824,0 days 00:00:16.356286,0.6493235515818326,43,0.21566831048239515,75
825,0 days 00:00:03.210220,0.08896419568242143,44,0.6877444772595555,14
826,0 days 00:00:18.887286,50.678256460088726,30,0.554304496527631,88
827,0 days 00:00:07.879113,0.009489610416083857,26,0.5933838354107739,151
828,0 days 00:00:00.866664,0.006510597574809113,10,0.2829648853026949,17
829,0 days 00:00:03.582595,553.771120144745,41,0.6292125619400402,16
830,0 days 00:00:03.711401,92.5197192987736,40,0.20716377625144597,15
831,0 days 00:00:19.877770,0.012447576619535656,33,0.7325236259238459,363
832,0 days 00:00:28.349014,2.078013067675854,43,0.16899627559094743,136
833,0 days 00:00:20.107230,0.05661300622442661,47,0.34562117987039476,102
834,0 days 00:00:04.117648,6950.048766277964,35,0.36256565455501266,19
835,0 days 00:00:06.450525,0.03620554162912424,48,0.7534759860858057,37
836,0 days 00:01:38.973434,55.29509180960908,20,0.48389275950958466,472
837,0 days 00:00:22.701516,237.68907130932664,35,0.8626818195852841,110
838,0 days 00:00:04.769873,0.0055676910019920286,43,0.8173057156926662,96
839,0 days 00:00:13.913665,17.478322010413855,37,0.7823082613847192,78
840,0 days 00:00:06.791066,0.9527323598520882,24,0.3639185416481576,33
841,0 days 00:00:02.894628,23.006234743985452,43,0.3038135096909669,13
842,0 days 00:00:47.922744,3239.4193056326026,19,0.6504910430888733,220
843,0 days 00:01:05.969808,0.963599576568175,42,0.4769258005261058,298
844,0 days 00:00:03.941409,0.0009822751019272907,47,0.21204599958694656,107
845,0 days 00:00:12.637971,0.33166478339546807,13,0.8038369082868785,110
846,0 days 00:01:12.091028,0.11410972580783296,21,0.10328086029618638,330
847,0 days 00:00:08.785579,19.085840054545056,23,0.6393727343608564,37
848,0 days 00:00:52.391262,68.1952727538292,11,0.5216112056784873,237
849,0 days 00:00:14.332457,0.0003473187514660912,17,0.877051786310019,357
850,0 days 00:00:15.794430,8.456173104203616,13,0.7752528474945762,70
851,0 days 00:00:11.218838,0.015225686516327984,26,0.7719202353984099,175
852,0 days 00:00:01.660477,0.0005203661522970819,21,0.8230171870965005,27
853,0 days 00:00:13.055484,0.03475044452519313,35,0.48237334284559563,106
854,0 days 00:00:26.539366,2.5823037600808987,19,0.6607897585281225,128
855,0 days 00:00:10.884560,0.6131994626288529,12,0.39212967423515266,49
856,0 days 00:00:14.892120,0.8394975687375338,17,0.43258076910903254,73
857,0 days 00:00:00.974507,0.003940382592229165,28,0.8948075335365301,18
858,0 days 00:01:39.836023,29.760343251569683,25,0.20419267535742336,459
859,0 days 00:00:04.599001,0.2732461906691947,12,0.19431115413621036,39
860,0 days 00:00:01.911445,0.00045117141691194057,27,0.313264780668693,52
861,0 days 00:00:11.773614,0.1472448230463606,10,0.1363440130075988,55
862,0 days 00:00:20.713022,83.50517417640425,18,0.3740188729694216,97
863,0 days 00:00:04.435225,0.0055184443643815605,38,0.52497870286243,101
864,0 days 00:00:07.826087,28.332062988922715,33,0.23250515403045746,35
865,0 days 00:00:24.596976,2.020453094731688,29,0.6305962268244916,109
866,0 days 00:00:08.912958,0.0035927945173877943,37,0.30261067252135054,213
867,0 days 00:00:34.529309,25.218734589028685,17,0.5783221592918592,152
868,0 days 00:00:39.463033,80.55443137494362,33,0.18462620297061427,180
869,0 days 00:00:04.927251,0.01249892786521071,34,0.79033135069147,91
870,0 days 00:00:13.665825,0.1989443617239642,43,0.3417937247710182,61
871,0 days 00:00:13.292635,0.0833157297540904,22,0.2739325833723741,58
872,0 days 00:00:05.372970,0.19128051018543335,35,0.848512155704625,23
873,0 days 00:00:07.671512,0.00021871643511724007,31,0.32591366565692176,189
874,0 days 00:01:13.787295,1244.5115465865783,38,0.3288647307034876,337
875,0 days 00:00:04.795648,0.0020405759316563772,18,0.13810755851955508,112
876,0 days 00:00:32.768790,4741.127438382963,43,0.4446632441351813,150
877,0 days 00:00:40.684424,16.998520019053117,23,0.37720692110051446,178
878,0 days 00:01:02.421982,16.487352845847184,34,0.38108446978439103,283
879,0 days 00:00:15.942476,32.1258444991065,25,0.10287779491364697,78
880,0 days 00:00:15.289009,0.027509268312707294,32,0.11803427128809885,166
881,0 days 00:00:02.892962,0.026913192350816326,12,0.38824743182740196,21
882,0 days 00:00:04.266944,0.06107112482907116,49,0.3562098469598739,18
883,0 days 00:00:00.877355,0.011182038314563485,14,0.2612049705256421,13
884,0 days 00:00:02.173349,4882.401994897734,16,0.8427049870344677,11
885,0 days 00:00:22.754600,0.014612874325345566,23,0.8695506890880867,351
886,0 days 00:00:34.797426,480.68790929573987,21,0.8357228001723878,194
887,0 days 00:00:00.638201,0.002914285722805062,37,0.877962682215248,10
888,0 days 00:01:48.271777,95.41843849191568,30,0.28578190145222293,482
889,0 days 00:00:03.081191,0.00015830344777370081,16,0.8069821623003581,60
890,0 days 00:00:14.483772,0.0050409964600095294,43,0.7195912240636337,291
891,0 days 00:00:02.817702,0.019316237512904344,13,0.3749569146870043,17
892,0 days 00:00:10.707026,38.86854955371245,40,0.7690251981350539,52
893,0 days 00:00:20.240769,311.3087150151232,16,0.5142795350059499,77
894,0 days 00:00:01.996968,0.00042458794454187617,33,0.8198997493677773,34
895,0 days 00:00:02.526988,0.01473082916921405,15,0.7657141933097152,23
896,0 days 00:00:47.089902,3.977135721106372,13,0.8370074731843933,212
897,0 days 00:01:35.544346,5291.845214840677,29,0.7429571047053779,427
898,0 days 00:00:07.200093,944.1910724490481,39,0.5590096333488411,34
899,0 days 00:00:36.379117,32.92056604246773,47,0.11377409278348455,160
900,0 days 00:00:10.218510,0.00016725151524675104,43,0.5303498702018158,234
901,0 days 00:00:01.329650,0.0010381393719739393,26,0.1203462683707131,29
902,0 days 00:00:21.049384,0.0036939292488217465,41,0.1339601345447921,499
903,0 days 00:00:02.214115,4.740072761290729,49,0.8243363457546368,10
904,0 days 00:00:04.479983,0.02546625121494057,20,0.30791610583935736,39
905,0 days 00:00:15.692721,1.6096759809416286,46,0.5266269753967029,66
906,0 days 00:00:05.162305,0.0004697563469971644,30,0.7672459199017875,121
907,0 days 00:00:04.973448,15.066361829868216,20,0.5694687699478315,21
908,0 days 00:00:05.090043,363.9057468276292,30,0.8288200565150231,22
909,0 days 00:00:04.092635,3.9988286238738175,20,0.35302217581003914,14
910,0 days 00:00:09.882251,5431.595789885792,33,0.6716341471053815,41
911,0 days 00:00:32.722966,7.713679429198522,30,0.4158035917021705,142
912,0 days 00:00:39.263759,3.3072474953206696,11,0.2828826566445731,169
913,0 days 00:00:02.351432,6160.957350200302,16,0.5347316948103022,10
914,0 days 00:00:15.585419,0.1759414287734248,22,0.8957579348847035,69
915,0 days 00:01:04.805429,68.10545623570717,24,0.8761996154022884,337
916,0 days 00:00:01.555292,0.007075260691009237,22,0.1584292461187049,29
917,0 days 00:00:03.286227,0.7436829351805787,49,0.7316765624176377,13
918,0 days 00:00:04.022115,11.713534340810392,44,0.48667457914234336,16
919,0 days 00:00:17.307175,0.0471763331249051,27,0.8554155051115379,93
920,0 days 00:00:03.818368,0.09297167930554777,20,0.5681451210759728,13
921,0 days 00:00:02.675125,0.021765092773880806,46,0.5122451592191204,23
922,0 days 00:01:00.643538,4511.675656226342,26,0.8030895617556991,425
923,0 days 00:01:12.976080,14.830158758641751,12,0.4856738835549622,321
924,0 days 00:00:17.994023,0.0012649452433115807,30,0.6031842519658868,465
925,0 days 00:00:01.234233,0.00014226624254661354,30,0.535271236932686,17
926,0 days 00:00:10.264638,28.105943242988495,10,0.13029826446868747,45
927,0 days 00:00:03.511764,182.1982127975539,41,0.8817580858039221,15
928,0 days 00:00:03.730489,0.005902309957261974,14,0.5639090731850483,66
929,0 days 00:00:13.126706,1097.6748101572146,27,0.6115209057629081,63
930,0 days 00:00:16.554859,0.0008424715180640056,11,0.7243760795636628,457
931,0 days 00:00:26.176142,0.4086920725490447,20,0.15637561843163728,234
932,0 days 00:01:12.973135,1.8857276066217075,34,0.7755924921799937,338
933,0 days 00:00:03.017380,138.92486315136662,14,0.5714482731349275,11
934,0 days 00:00:18.328173,0.011170610806603334,49,0.8184176591427882,345
935,0 days 00:00:01.180606,0.0002474083748710877,32,0.6420367895559347,25
936,0 days 00:01:38.551557,4427.882506324938,17,0.32771702340453257,461
937,0 days 00:00:00.705599,0.0007369041174873121,35,0.7053307546276381,11
938,0 days 00:00:00.639124,0.000507515043325477,29,0.4397704941063848,10
939,0 days 00:00:00.565111,0.0015495894079242058,15,0.5744650142988011,16
940,0 days 00:00:57.812407,184.38499100032118,13,0.6675840247114505,256
941,0 days 00:00:20.400915,1660.7770280011734,29,0.39391615195052043,88
942,0 days 00:00:03.370009,1.1975630669216686,22,0.8054371923166174,14
943,0 days 00:00:02.692104,0.0003979285242278892,39,0.6875673956891614,60
944,0 days 00:00:12.545769,0.0015293206618982574,29,0.1701555809104705,310
945,0 days 00:00:46.404844,10.342674673172228,14,0.3201707868092567,222
946,0 days 00:00:07.441778,0.009186074543813878,15,0.49119928682022884,104
947,0 days 00:00:14.924926,7897.873597093704,28,0.19928462311518863,64
948,0 days 00:00:28.776807,8.37349321124497,43,0.6065885278154626,139
949,0 days 00:00:10.827421,0.0010113309455927315,24,0.897561708333739,284
950,0 days 00:00:03.504315,16.206920415014228,47,0.22970242164030472,18
951,0 days 00:00:24.546376,0.027360412747486094,42,0.8320586232001435,332
952,0 days 00:00:16.502668,0.2246245925178845,26,0.43615427240520765,70
953,0 days 00:00:04.629368,0.7572826005694158,17,0.5653258366112471,20
954,0 days 00:00:01.956648,0.001108708440319327,20,0.13188118951879357,52
955,0 days 00:00:09.925721,3012.339612007876,48,0.26719326241242636,49
956,0 days 00:00:01.428123,0.0033728927374581546,34,0.6444741632372251,31
957,0 days 00:00:50.384263,1.672798378049982,42,0.8035081420778897,246
958,0 days 00:00:01.828159,0.003157016695555906,31,0.2041358976050975,42
959,0 days 00:00:02.453461,82.18172106100081,10,0.4550523589269101,11
960,0 days 00:01:39.949130,591.952064837486,49,0.6469598800725228,498
961,0 days 00:00:03.514044,281.06935756357495,25,0.770256069360585,16
962,0 days 00:00:05.586418,4.562851474414529,27,0.8272478130865578,25
963,0 days 00:00:04.228208,5.008439284670478,41,0.20305519010183284,21
964,0 days 00:00:08.687403,2795.2030931262993,32,0.17785641535135543,40
965,0 days 00:00:02.799005,0.05839199613719842,29,0.22362115618280518,13
966,0 days 00:00:08.745990,0.12109526813564787,32,0.21697007115398625,40
967,0 days 00:00:04.014747,0.11910325939709947,13,0.40191324031677933,21
968,0 days 00:00:03.222572,749.2345766950983,27,0.6240503535558937,14
969,0 days 00:00:09.756710,0.0017255142562716803,27,0.1709711522460659,251
970,0 days 00:00:08.820011,102.01261300905081,23,0.6419751290577077,36
971,0 days 00:00:57.103197,4640.807872537157,34,0.1048176970602806,278
972,0 days 00:00:38.012270,0.038098797026719006,27,0.2687868315008103,312
973,0 days 00:00:05.016347,0.049413694629407465,43,0.627564201360607,22
974,0 days 00:00:07.918511,34.602712489095296,43,0.623394520782401,33
975,0 days 00:00:28.570752,0.5146296969758775,14,0.10806722474979438,264
976,0 days 00:01:18.058553,8.029104451922109,19,0.6974502437376471,416
977,0 days 00:00:46.864166,8078.029322699842,15,0.7054565629730747,223
978,0 days 00:00:02.760595,5.968502783555309,20,0.6427747438754629,12
979,0 days 00:01:26.030691,0.8040376255515029,27,0.30684448858206237,497
980,0 days 00:00:05.782764,2813.428430083118,13,0.32124523734978705,26
981,0 days 00:01:18.171117,47.28994907484326,11,0.3628898676503931,438
982,0 days 00:00:02.495080,0.00020178507471467125,46,0.11516075154839962,56
983,0 days 00:00:12.556843,984.7561733222144,21,0.44693842326837796,60
984,0 days 00:00:15.415756,0.29291486697193647,46,0.3810450008880747,140
985,0 days 00:00:22.209336,0.08713804002495884,15,0.5309045357909529,101
986,0 days 00:00:10.270866,552.4410632393983,42,0.8603057894181951,44
987,0 days 00:00:15.403866,29.33341389884394,14,0.3542329239535448,70
988,0 days 00:00:03.730492,0.0026115965520107677,19,0.5867198468899386,119
989,0 days 00:00:51.658505,838.1188821457628,27,0.20514583418942633,341
990,0 days 00:00:03.099731,0.000378605334748551,40,0.6378655670091948,77
991,0 days 00:00:37.694367,27.166456794185084,25,0.17363592776695452,242
992,0 days 00:00:17.100424,3.675561011953197,18,0.54205732373092,85
993,0 days 00:00:05.182711,2423.0529277963974,20,0.31141453155405713,24
994,0 days 00:00:01.721107,0.0013921858835753197,39,0.8217504764036377,45
995,0 days 00:00:07.963432,81.65647119028421,18,0.46714362605975823,36
996,0 days 00:00:04.700840,538.7532962190724,21,0.7353560883994023,20
997,0 days 00:00:01.934102,0.005389665602100683,37,0.142202564641232,31
998,0 days 00:00:30.433331,0.20361741827170518,28,0.5640095973228557,201
999,0 days 00:00:01.544437,0.0001678791544963905,32,0.8783397832233578,30
