number,duration,params_learning_rate,params_max_depth,params_min_child_weight,params_n_estimators,params_num_leaves,params_reg_lambda
0,0 days 00:00:16.040534,0.013823880829235346,10,139.2353900422694,5000,42,24.243149707074473
1,0 days 00:00:04.371143,0.0760089831171528,15,50.53485174494718,5000,15,9.2227664490435
2,0 days 00:00:37.252308,0.004739954384961919,16,2.711715742940482,5000,42,1.7958591744174306
3,0 days 00:00:08.033873,0.033170112183818365,19,0.05521987065233693,5000,16,7.024885846859905
4,0 days 00:00:14.780406,0.012406050354737857,8,149.3056831009548,5000,12,11.451705402239181
5,0 days 00:00:28.398598,0.008848430661452954,3,3.4684533457870548,5000,10,35.99573156407723
6,0 days 00:00:34.207275,0.004359034587975813,12,1.396966523905285,5000,16,0.001749869793759617
7,0 days 00:00:38.754256,0.0035803447223958025,10,1.3189448275616165,5000,59,0.01765259366447623
8,0 days 00:00:05.569871,0.04947276403587725,3,16.19034359450456,5000,43,0.24604519764081317
9,0 days 00:03:11.230235,0.0010040691863860641,14,0.15398820983309616,5000,38,611.6927688244626
10,0 days 00:00:06.896047,0.02475146665373315,9,101.57191913198078,5000,45,0.027688344389639
11,0 days 00:00:19.350024,0.009581889072646644,19,0.011324939806189692,5000,16,2.264526420989476
12,0 days 00:01:55.575551,0.003825045325217189,11,717.1407215347932,5000,36,59.352134403861534
13,0 days 00:00:08.463861,0.03004313278942813,14,0.007540485870999003,5000,91,8.251934347461457
14,0 days 00:00:10.867322,0.014818980738638902,18,1.6197785512286598,5000,20,0.0060979921906356175
15,0 days 00:00:38.873045,0.010060584281795366,4,0.005232292764917973,5000,15,288.62360176618404
16,0 days 00:01:25.463426,0.0014697154060240708,8,0.35647106837376374,5000,55,0.03560110282149415
17,0 days 00:00:16.377286,0.009775796792258491,19,0.4483494541263092,5000,87,1.9304421367139804
18,0 days 00:01:01.901034,0.0022036999942590635,15,15.020788248040711,5000,76,0.018705026091557126
19,0 days 00:00:29.930420,0.022129452545356337,15,0.18186326900861605,5000,33,702.5739568618227
20,0 days 00:01:48.156524,0.0027193150703652626,2,2.010904508472726,5000,62,0.0013529576503932695
21,0 days 00:00:04.284280,0.050877020027211874,12,220.4214031164817,5000,11,0.8604586191409282
22,0 days 00:00:31.529219,0.004203229000497717,15,0.17336253285480888,5000,35,0.8393834778655227
23,0 days 00:00:10.472792,0.011122971651786601,10,100.41504237870404,5000,63,0.008580755617864949
24,0 days 00:01:47.004409,0.0011947791002133016,13,0.06718532453185455,5000,73,0.019877036719792972
25,0 days 00:00:29.937871,0.00539692665744678,9,261.69959670405524,5000,24,19.58929295081131
26,0 days 00:00:06.650170,0.14341491410188495,19,0.00686262597421799,5000,42,922.5207979262901
27,0 days 00:00:46.809813,0.00795679057712655,2,217.337916918421,5000,91,68.5786132788549
28,0 days 00:00:35.148235,0.003889309923578628,9,0.06882264124942714,5000,13,7.15534243273755
29,0 days 00:00:09.510120,0.05226545572524643,5,0.012467929636523429,5000,15,775.9225445278645
30,0 days 00:00:17.064823,0.06411737757380688,4,904.0037935642878,5000,10,353.2354287407536
31,0 days 00:00:41.679347,0.00356566274213606,15,2.9898868563190155,5000,13,0.05317996446691457
32,0 days 00:01:46.725026,0.0012548014470034378,5,0.001188495692868355,5000,21,0.01855318536888044
33,0 days 00:02:05.442816,0.0011734008018817828,4,0.004426734672948542,5000,27,1.1670251832012972
34,0 days 00:00:02.660455,0.07517096822487453,6,0.0266192761956694,5000,34,0.13884291796427198
35,0 days 00:00:05.002052,0.035578329567530494,8,23.59740132911737,5000,49,0.8157101297574585
36,0 days 00:01:18.651568,0.0018744900697875294,7,267.3978821731098,5000,12,2.4211597899340536
37,0 days 00:00:19.165719,0.0077288854546941925,13,0.007973424136403798,5000,10,4.151828192904821
38,0 days 00:00:16.331773,0.01273975451434207,4,0.04470909172926446,5000,17,22.227525017605128
39,0 days 00:00:12.215136,0.03427061006721712,19,4.977818363342631,5000,21,187.00620283745408
40,0 days 00:00:02.374116,0.10896242427726838,11,48.304094163072804,5000,47,0.00465228692868126
41,0 days 00:00:03.909527,0.096494201319844,14,0.7448271777073326,5000,10,13.545155541549926
42,0 days 00:00:05.189266,0.030813333009973316,5,0.3735207394909206,5000,25,0.04952347502129392
43,0 days 00:01:06.057420,0.0023949131133837176,12,0.0032284699771827326,5000,33,0.21361350662570977
44,0 days 00:00:07.467324,0.05792396280238287,10,0.48645967389527384,5000,86,75.91931010154062
45,0 days 00:00:02.364580,0.10896824620784469,7,125.97269265166635,5000,99,1.0721927297606668
46,0 days 00:00:08.289545,0.02247578949670582,19,1.6280534358019347,5000,27,0.05616440934492147
47,0 days 00:00:05.473236,0.051333202123525185,12,0.0057792399161953854,5000,15,66.87895440889814
48,0 days 00:01:13.657883,0.0015445890803523674,6,0.8317141442901661,5000,18,0.007242953592413835
49,0 days 00:01:03.658979,0.002374752036941015,7,0.013836987424212948,5000,52,0.003577923985648565
50,0 days 00:01:34.090429,0.003633085878989346,2,0.0015624982594754627,5000,54,1.518505245529268
51,0 days 00:02:04.499284,0.0011932146673544913,7,586.4302079412618,5000,17,115.42401662665307
52,0 days 00:00:25.416867,0.010038584907840091,10,0.026859158648858017,5000,14,111.26996962581912
53,0 days 00:00:20.746248,0.04208505455518939,6,788.8359229756785,5000,71,0.002274095994263099
54,0 days 00:01:58.475323,0.0010862405324153634,13,0.0020797921391792714,5000,34,0.7859246831068191
55,0 days 00:01:20.715864,0.004737348527979337,4,0.038606244059826086,5000,67,257.000532997335
56,0 days 00:00:01.946917,0.19248021482242805,15,0.6937123144493287,5000,13,0.010722666026138071
57,0 days 00:00:12.460182,0.013217312272007056,8,0.0010052550279808091,5000,22,0.04753368126869504
58,0 days 00:00:48.787992,0.0032210632876770295,12,0.03602553543845534,5000,71,20.824546118570293
59,0 days 00:00:08.297100,0.026823760044564153,12,25.981947644133484,5000,18,0.08898530891745214
60,0 days 00:00:28.031874,0.022248957938019842,18,0.019552812134452906,5000,12,757.4470393931932
61,0 days 00:00:01.830522,0.19870980285743226,8,9.705714996098934,5000,22,0.8728012277388388
62,0 days 00:00:42.114931,0.0034928618940137835,4,0.0013593158834514765,5000,16,0.0010826407395831724
63,0 days 00:00:28.378321,0.004873943173789514,7,13.72110361695758,5000,90,0.03916655607720082
64,0 days 00:00:06.244960,0.03099586346609879,19,28.759141138130975,5000,87,0.042817917891839696
65,0 days 00:01:04.887451,0.006238656222139311,8,228.10717325241703,5000,50,554.0201762541823
66,0 days 00:00:59.410541,0.002356658858961333,18,1.234564982770205,5000,74,0.20308681117073613
67,0 days 00:00:26.084838,0.006961113999662561,18,0.0015498770936957897,5000,14,19.93083118095289
68,0 days 00:00:39.678419,0.004736783669184972,3,0.32098616989657436,5000,25,0.10641580371332658
69,0 days 00:01:12.369433,0.0021457211360921494,13,70.67974130227937,5000,18,0.155100293718486
70,0 days 00:00:34.057870,0.009591313527341633,14,0.6814616072031033,5000,34,478.43387961887356
71,0 days 00:02:09.799250,0.0029090475716067833,7,7.996258339695711,5000,12,764.6812462403387
72,0 days 00:00:33.383362,0.004534383632380353,4,0.021909872854914286,5000,62,0.19134963526012783
73,0 days 00:00:07.549913,0.02011092354417313,19,12.222620458266869,5000,75,0.049340629440615194
74,0 days 00:02:48.032198,0.0016411341661381914,13,0.04594379012909791,5000,31,798.0697942667032
75,0 days 00:00:05.637722,0.05356438024633209,17,4.079557469203828,5000,83,22.899663431191343
76,0 days 00:00:01.462849,0.1424665195700883,17,1.2599880335338847,5000,13,0.007476362986712569
77,0 days 00:00:07.000424,0.03013454553679351,19,0.009612345453955482,5000,70,0.0114588455597713
78,0 days 00:00:16.117749,0.028148972326033445,12,7.6346526017432605,5000,28,169.82645195524904
79,0 days 00:00:01.940331,0.1675773187248365,19,0.0026202707265712243,5000,12,3.8291038563750903
80,0 days 00:00:01.869879,0.12332071633732923,13,0.01895184320581644,5000,12,0.05557289707940994
81,0 days 00:00:02.290505,0.1668779173522371,15,0.007184767085280596,5000,95,0.49664502831514445
82,0 days 00:00:11.090026,0.018989036705788456,7,0.016717612906030393,5000,13,1.197529824296791
83,0 days 00:00:19.629450,0.007437480949340931,16,0.6119336390131542,5000,12,0.12869412165862612
84,0 days 00:00:22.722487,0.0086624424363122,11,144.7152773638157,5000,74,0.01917100146028528
85,0 days 00:00:03.740818,0.0543712492443662,8,98.34412999034578,5000,64,3.666086747780956
86,0 days 00:00:31.741483,0.004604080744566072,4,0.25400381478948586,5000,21,0.047545221761612494
87,0 days 00:00:30.009709,0.004807521847837055,4,2.6954892615126944,5000,43,0.013300128801163496
88,0 days 00:00:03.117154,0.07360893769396556,4,0.08642142594954519,5000,39,45.55677216674877
89,0 days 00:00:03.146801,0.11735328044056163,2,0.1515565035934927,5000,11,0.05868840672218313
90,0 days 00:00:25.268542,0.012035948694185951,2,9.10792880974392,5000,10,0.0011359117298293164
91,0 days 00:00:08.574311,0.04397953025322109,16,147.21914048261974,5000,23,416.5975825737656
92,0 days 00:00:03.020007,0.1349929826866334,13,7.722698353422514,5000,31,39.17075386309632
93,0 days 00:00:04.405964,0.056983161196870594,11,166.72005554479568,5000,18,0.002821707362045424
94,0 days 00:00:04.043790,0.04424693413756,6,7.22472924145525,5000,50,15.267398213838344
95,0 days 00:00:02.131604,0.1548842319565492,11,0.001593537230794235,5000,16,0.06290615676328126
96,0 days 00:01:57.956488,0.001967640312517717,4,960.3767177524043,5000,43,0.06377558399279018
97,0 days 00:01:33.169226,0.002268055957132086,10,0.8789628849056734,5000,14,399.0307512125335
98,0 days 00:00:14.561491,0.015162444888951727,11,34.94098356717338,5000,10,0.8551860145531762
99,0 days 00:00:06.576418,0.025677815489543246,5,0.44392887548653903,5000,12,1.8150257909021397
100,0 days 00:00:14.708075,0.019287503847595,19,511.3821578879922,5000,30,147.52749109836685
101,0 days 00:00:12.442667,0.013125010090882535,19,2.5633426482728146,5000,17,2.0266078507774012
102,0 days 00:00:48.122461,0.014633839706720766,18,0.0012366591529815543,5000,71,908.593308413578
103,0 days 00:00:19.707309,0.013104090988288051,7,0.012815142405404158,5000,12,104.25013764597641
104,0 days 00:01:56.954162,0.0010091717376318776,7,106.92984424712503,5000,28,1.9849474795132198
105,0 days 00:00:54.065069,0.004004858898710859,3,0.0037941734527728033,5000,71,0.003609032187635766
106,0 days 00:00:05.894633,0.11746158174290625,17,723.48643514811,5000,12,1.6442119236810697
107,0 days 00:00:02.846166,0.07554042139828632,10,0.0011489134646544452,5000,11,0.5944489296515341
108,0 days 00:00:19.876127,0.011035244262927995,14,0.25633371065032745,5000,26,63.450289455030344
109,0 days 00:00:45.557333,0.005859154639649951,6,35.45571022674188,5000,22,118.75253409479147
110,0 days 00:00:02.184228,0.1328775241086586,17,0.4715404680746937,5000,66,0.2550504068106668
111,0 days 00:00:10.358917,0.017047361868163625,18,1.7825235210451325,5000,26,0.0010480598582616545
112,0 days 00:01:16.688519,0.0017484813762992538,5,0.002100857634935491,5000,11,1.8244592520432101
113,0 days 00:01:37.114257,0.0016924067583370267,4,176.62098211136245,5000,65,0.7929405737995029
114,0 days 00:01:53.291918,0.001221859469726445,12,6.096740056242136,5000,11,0.0502600408062691
115,0 days 00:00:11.956216,0.013109911650081957,4,0.4709214895382652,5000,41,1.497426650958367
116,0 days 00:00:15.971032,0.010700251760782643,18,0.08333048026682362,5000,19,1.3138034881382017
117,0 days 00:00:03.466667,0.07108094754567505,12,20.6510195526227,5000,13,0.2644805299405602
118,0 days 00:02:35.578982,0.0013724934081322886,11,0.15967664889019878,5000,62,76.09271646460563
119,0 days 00:01:19.416697,0.0017455876949905556,6,3.141535349631636,5000,15,13.615711541780916
120,0 days 00:00:53.667730,0.002625822482180652,13,153.31187101433548,5000,91,0.01169919831049045
121,0 days 00:00:33.645578,0.00441922640205377,19,5.914790710229756,5000,29,0.08640070914496176
122,0 days 00:00:13.311643,0.018886962526891093,15,5.852021028844719,5000,81,25.712225808751022
123,0 days 00:01:30.081615,0.004511297609658162,7,0.012054556319139523,5000,38,447.45679678833267
124,0 days 00:01:57.020120,0.002669317264029888,17,859.2195305240783,5000,29,3.0782628250455404
125,0 days 00:00:20.285961,0.008218096759439998,8,18.520188639837947,5000,53,3.093076002544251
126,0 days 00:00:05.172343,0.1786032636249232,4,3.808528543846683,5000,17,292.9073989792612
127,0 days 00:00:13.669900,0.020919705315203763,15,0.008318508145348616,5000,14,60.97846328994585
128,0 days 00:00:43.896384,0.002913566145061813,16,106.61441234981129,5000,52,1.9754634773307818
129,0 days 00:00:43.790701,0.004697870841034899,3,0.03550919181125202,5000,39,7.53765247304781
130,0 days 00:00:03.819387,0.07595693511495824,18,0.005855184097461921,5000,52,0.01593793237482191
131,0 days 00:00:55.992825,0.0065078334769162515,2,4.029259353524427,5000,52,28.50973334594512
132,0 days 00:00:01.873531,0.15950214137074337,19,72.04080239416956,5000,68,28.4372122134074
133,0 days 00:00:32.649477,0.004584050057607552,13,161.8766165922854,5000,27,0.005073378118633383
134,0 days 00:00:03.337371,0.06722554715879021,19,1.0121851870323735,5000,41,3.542471484264299
135,0 days 00:00:07.261581,0.022650877222087293,12,0.009667073637500913,5000,14,0.03678205339373643
136,0 days 00:00:02.348994,0.12907732177061262,17,192.93205293259172,5000,79,1.044666082243782
137,0 days 00:02:31.358969,0.00127943867873128,19,0.27414404786941093,5000,26,173.98991268458914
138,0 days 00:01:44.826393,0.0017306551212959852,17,19.825586220805384,5000,77,20.92970412384318
139,0 days 00:00:42.994222,0.003204813598252427,19,0.05722323390037084,5000,18,4.041938360465795
140,0 days 00:01:04.287841,0.0024344863738907825,14,0.016368060639027966,5000,18,0.191530450721041
141,0 days 00:00:04.054829,0.08842528265463448,9,0.0026000481672963783,5000,89,24.887841780819304
142,0 days 00:00:42.251878,0.003698757600286135,4,27.51060858957022,5000,16,0.023104219263335633
143,0 days 00:01:05.369334,0.003234744661912773,18,0.018556717683139854,5000,35,49.26304014476021
144,0 days 00:00:01.670985,0.19324952400411152,15,4.923193369706384,5000,33,0.21322790132570527
145,0 days 00:01:05.960265,0.0030949097010765487,3,0.8000006472711487,5000,39,0.043953485402816836
146,0 days 00:00:55.331157,0.002709075145241739,12,0.1773548350879855,5000,23,0.017840226039059236
147,0 days 00:00:02.746492,0.0899526865139014,9,0.7886892389855317,5000,47,0.2181824809574622
148,0 days 00:00:27.731932,0.008623847574038708,16,0.09187645088731405,5000,10,0.0013194392578164047
149,0 days 00:01:17.969395,0.0022480660185646407,3,0.1465646588682221,5000,11,0.0010219479948616879
150,0 days 00:00:52.941034,0.0035389114302609784,3,0.0020660586585722453,5000,41,0.03975053487925038
151,0 days 00:00:50.540707,0.0019225394789907986,8,0.0021055015219391595,5000,56,0.009204778609728575
152,0 days 00:00:12.627021,0.021861799018710805,15,0.045567538794702676,5000,10,0.010724549210382676
153,0 days 00:00:01.895802,0.11081950082405301,19,0.11315391936220406,5000,21,0.0013710846125250572
154,0 days 00:01:57.410652,0.0010311876411664693,2,0.08281243608867996,5000,84,0.0011252058024743882
155,0 days 00:00:38.851446,0.004193265178551666,14,1.2439769177712414,5000,95,12.089294415529933
156,0 days 00:00:06.802596,0.043018424697647044,13,4.479699818388611,5000,19,16.238239532123583
157,0 days 00:00:02.331849,0.12210088251688385,5,0.008618341749858783,5000,54,0.023986640248871108
158,0 days 00:01:04.077920,0.0030343819164398564,19,0.0048967365011095216,5000,14,32.64077840472881
159,0 days 00:00:02.924885,0.08390956373293043,5,0.030322927333033132,5000,59,0.03224811184865812
160,0 days 00:00:18.873112,0.027737546818672725,14,0.10993829596376094,5000,39,275.0909617821495
161,0 days 00:00:03.532331,0.06503451084857124,11,2.714218225696436,5000,17,0.014929648786757899
162,0 days 00:00:01.950515,0.15129112210294526,15,0.0690967566320037,5000,33,0.5459596330844168
163,0 days 00:00:09.685933,0.04199724068163362,10,609.4353985532861,5000,38,0.01071516521247771
164,0 days 00:00:04.254106,0.03922101218924415,6,3.936343659179876,5000,62,0.005916621098322287
165,0 days 00:00:01.791625,0.1432724858730028,17,0.10650126517639277,5000,32,0.011334976834651204
166,0 days 00:00:08.875880,0.02086991996077951,4,278.1379303486978,5000,19,0.050580556214167724
167,0 days 00:01:37.230004,0.0013063899909487163,13,0.00372112266111593,5000,14,3.6694041659916605
168,0 days 00:01:30.646010,0.0013745438114970774,7,2.019226401767373,5000,72,7.578506900319505
169,0 days 00:00:20.990300,0.006364360876689432,16,34.41153491826722,5000,57,0.005436178149065138
170,0 days 00:00:06.843901,0.06655893576510391,12,0.2957757352638517,5000,10,211.56735081236553
171,0 days 00:00:04.947028,0.11145026316025501,2,31.48521827772952,5000,91,2.202448414163995
172,0 days 00:00:07.539409,0.021137206316643606,5,23.502413068099507,5000,22,0.0010934224473978598
173,0 days 00:00:03.272943,0.061601136862688845,6,0.027230153759892812,5000,64,0.2725054464385992
174,0 days 00:00:08.795690,0.03173277710389203,3,172.8928596250952,5000,37,40.47375102939691
175,0 days 00:00:03.950978,0.04900090675102982,5,173.63895848170316,5000,19,0.41628860672375556
176,0 days 00:00:04.656590,0.07632652818110905,15,0.0014336488982911277,5000,31,31.652597812604146
177,0 days 00:01:40.664097,0.003986960437140378,5,814.3952544154722,5000,12,27.025540451304085
178,0 days 00:01:01.692556,0.0029858189540041867,11,0.8584130155391341,5000,50,26.185802634720837
179,0 days 00:00:57.978003,0.0022110625981491133,10,0.39103344521245514,5000,41,0.016670264419054448
180,0 days 00:00:02.656388,0.11736611336222051,19,0.03127748600412164,5000,55,0.0017072990328413327
181,0 days 00:01:33.174177,0.003397411160430084,3,0.13390685417603174,5000,18,52.553268119421446
182,0 days 00:00:40.212535,0.00734908264501524,5,576.6427218951917,5000,19,0.23391058463288317
183,0 days 00:02:00.138285,0.0011704799984577888,4,1.537746074731426,5000,83,0.09152791857242759
184,0 days 00:00:07.664617,0.05836729803778663,6,0.5896629002931585,5000,10,211.4693188851677
185,0 days 00:00:24.795438,0.005914059117932117,6,0.15508081430114082,5000,11,0.14687049109505043
186,0 days 00:00:14.845711,0.032901104739034036,2,26.10203320236115,5000,21,0.11507035523601114
187,0 days 00:01:10.244947,0.0033122507053873693,8,35.854117541059495,5000,68,161.49181966311625
188,0 days 00:01:40.343220,0.001234524965490512,19,182.28632169631666,5000,42,0.0012983083913710779
189,0 days 00:00:19.094165,0.007594659350347478,15,0.046472945727547864,5000,47,0.13129237279798583
190,0 days 00:00:02.253221,0.10453913305670459,16,0.5681314595630708,5000,51,0.06711503812929696
191,0 days 00:01:49.222905,0.0024023517999440134,2,0.13728762629627075,5000,27,0.0035271424485009664
192,0 days 00:00:30.591678,0.005759403096631974,12,9.215999830878669,5000,44,2.579321065010095
193,0 days 00:00:03.164984,0.07983571901426241,7,0.19174016635147398,5000,91,2.314481739095062
194,0 days 00:02:38.502791,0.0021763314550214043,6,0.011463445610224119,5000,32,823.364424991752
195,0 days 00:00:06.316275,0.05583748215347505,12,38.84978614857939,5000,95,399.14081832234126
196,0 days 00:00:11.297993,0.03511093771432719,2,1.1144251122829931,5000,16,0.03076938502750074
197,0 days 00:00:15.894332,0.01574946565494048,16,508.4058647323246,5000,72,0.049848615233315685
198,0 days 00:00:36.814001,0.004807965437353275,4,15.281164885305612,5000,13,0.17315852815532898
199,0 days 00:00:03.157502,0.1761644651174475,11,4.101687623627282,5000,15,214.48659470011748
200,0 days 00:00:09.748513,0.013321508433715585,9,0.0018973371676264707,5000,79,0.003299180544611289
201,0 days 00:00:03.202519,0.14090336695876352,10,0.1679336571170746,5000,35,178.94438894433006
202,0 days 00:00:02.719948,0.07129293324071144,7,0.14509788525394404,5000,65,0.01778196627193756
203,0 days 00:00:42.256944,0.0034654854128278166,4,0.09105244978532878,5000,38,0.0010198643299184297
204,0 days 00:01:12.292271,0.00488634892408067,16,0.010509199203809412,5000,37,429.6081713749075
205,0 days 00:00:12.230197,0.04915465315006054,17,0.45165679799404496,5000,42,575.4454519000002
206,0 days 00:00:05.904938,0.03506856061398461,12,0.01437920385938504,5000,96,0.0045738848076164575
207,0 days 00:00:21.820501,0.00762049996423887,8,0.3280098435987027,5000,18,0.12876953317777812
208,0 days 00:00:24.244223,0.033922133475613486,3,22.30676526900587,5000,86,625.2722685156951
209,0 days 00:00:32.349149,0.004532671910285749,8,0.00118112126334272,5000,82,0.015782203612976824
210,0 days 00:01:09.392151,0.002911459837666269,7,92.84757865146294,5000,11,166.31608740729206
211,0 days 00:00:16.767385,0.029261808129447196,4,0.03925912591481305,5000,43,318.65838069999694
212,0 days 00:01:19.607874,0.003778144746041957,7,0.023072200038174787,5000,56,298.1501775072582
213,0 days 00:01:23.126622,0.002551882203922379,7,2.9533682384823194,5000,75,2.6611465504332505
214,0 days 00:00:50.616925,0.008632489045488643,9,210.400173343931,5000,61,778.0625851182511
215,0 days 00:00:03.899845,0.07251294656767195,11,19.873365039156806,5000,52,17.243001629219897
216,0 days 00:00:04.587880,0.04830581068826816,11,485.03725936298,5000,12,0.5699127189269046
217,0 days 00:00:02.848757,0.07559494610878476,10,13.469027897148331,5000,25,0.3175832373233739
218,0 days 00:00:39.368260,0.003938454836841676,15,1.5513224582378762,5000,51,0.5199118997943624
219,0 days 00:01:49.907920,0.0013122486333389447,7,0.006104376544268912,5000,66,0.029110411193367946
220,0 days 00:00:39.551481,0.0032869843792155498,10,0.002236270264353377,5000,48,1.5192418190548516
221,0 days 00:01:12.473950,0.0019100710630410506,19,46.95235644832112,5000,81,4.142992642253983
222,0 days 00:00:04.457150,0.03665395889779602,8,72.09534374526793,5000,31,0.04141624181990357
223,0 days 00:00:11.007136,0.1033206977607567,10,4.463372389072426,5000,45,770.7223245998115
224,0 days 00:01:53.003173,0.0014977504041290852,2,0.018400248960050283,5000,54,0.011131001221513464
225,0 days 00:01:44.023603,0.0022458779034336142,10,2.113637524644004,5000,17,103.09340650910534
226,0 days 00:00:08.440087,0.023874429438894465,15,422.4763937641706,5000,32,1.0728872085694063
227,0 days 00:02:03.627450,0.0012086022276147897,3,0.001456815810002507,5000,33,0.028089902755317215
228,0 days 00:00:05.120841,0.0339540317390431,15,0.0052997149531150345,5000,31,2.124247665206437
229,0 days 00:00:04.679901,0.04435985889134031,15,29.71961668243012,5000,77,0.0012384616374560016
230,0 days 00:00:07.592876,0.020832995275562503,17,253.5018667919759,5000,80,0.010106407170423524
231,0 days 00:00:09.040360,0.0205692456026465,13,0.1379500729595642,5000,13,0.002548176204593934
232,0 days 00:00:12.550876,0.05871515948147681,9,0.003886861792118291,5000,97,506.3657442939627
233,0 days 00:00:08.812016,0.01862754208826315,16,2.7145640820897112,5000,18,0.06243754963347305
234,0 days 00:01:30.994973,0.0021731445697516557,13,472.80732089255,5000,12,0.014789679960984663
235,0 days 00:01:26.414364,0.001681723268729576,14,5.883755313988724,5000,12,0.2786681077662739
236,0 days 00:00:12.842112,0.013619184069881714,8,0.00935148459451699,5000,20,0.04175475625495956
237,0 days 00:00:52.063986,0.0026462574988543944,8,0.023937477911530936,5000,20,0.18999970924602577
238,0 days 00:00:12.431049,0.1338746223363769,8,796.9493456823865,5000,48,895.1959408523646
239,0 days 00:00:13.473881,0.012434463138427186,18,2.1987416439528618,5000,38,2.683846551418517
240,0 days 00:00:47.358696,0.004224857232357618,3,31.465849115591705,5000,12,0.02423069706446322
241,0 days 00:00:18.467049,0.028087248417888316,15,0.004298443125440556,5000,14,635.2954870948682
242,0 days 00:01:29.520645,0.0016360293547126013,7,0.0018900982369841788,5000,10,0.0016583191663823217
243,0 days 00:00:01.501799,0.17552858622374268,18,0.0024364364804409875,5000,13,0.012026223856594598
244,0 days 00:00:15.321826,0.017577262787728237,12,26.353149354416125,5000,27,395.1257412943558
245,0 days 00:00:02.570191,0.07252865656793277,13,0.005401206248770983,5000,25,0.8825333839885845
246,0 days 00:00:22.821512,0.008060690351636476,10,149.74208537335736,5000,22,0.005770621675665149
247,0 days 00:00:04.673526,0.043241148339165245,13,0.23985740130016506,5000,80,0.04312124144064096
248,0 days 00:01:19.497287,0.0046893499817364645,3,0.005528899966258348,5000,23,161.40002109302367
249,0 days 00:00:48.542142,0.004396648487418726,3,4.939922939264345,5000,21,0.18204432353833092
250,0 days 00:00:17.806568,0.013167363757849354,10,1.9774832073769806,5000,10,0.07490391753393953
251,0 days 00:00:45.757938,0.0028342899381193017,12,0.18228497275710515,5000,31,0.6354338242846852
252,0 days 00:02:06.310322,0.0014734667611036427,3,0.001166486940384246,5000,32,0.0012971295487521845
253,0 days 00:00:06.288639,0.026285504564399285,14,7.234572481206352,5000,34,0.6794426077909806
254,0 days 00:02:12.760900,0.0010642399795871328,12,0.11659714854982393,5000,12,0.0021311171658562997
255,0 days 00:02:36.869468,0.0013699248958137919,15,34.31585862231445,5000,62,673.6974620732941
256,0 days 00:00:38.666114,0.008348221778086742,19,0.06606288526958733,5000,12,599.3665997653023
257,0 days 00:00:39.936570,0.00394008833214485,18,0.05352590449578283,5000,10,0.8104567565065612
258,0 days 00:00:04.575733,0.03782421561883356,11,3.4216527366599574,5000,52,0.3415300625257072
259,0 days 00:00:06.073995,0.07348248323579815,2,0.012606240999547684,5000,28,0.0022694784034705618
260,0 days 00:00:13.655917,0.009739872960929687,9,6.07707240379826,5000,67,4.930379882994327
261,0 days 00:00:52.250843,0.0024947192741990656,16,0.46226231506040394,5000,28,9.935520030722582
262,0 days 00:02:00.330298,0.0012307698900722766,2,0.01312428659122005,5000,21,20.555605072277032
263,0 days 00:01:18.133196,0.001623028453615201,17,0.48246920081142947,5000,48,0.014198435974639328
264,0 days 00:00:55.430250,0.004806287059818448,4,0.024688452781535947,5000,24,138.55794448006606
265,0 days 00:02:03.642265,0.00276908936291891,17,593.8530364987084,5000,25,57.41883728465416
266,0 days 00:01:58.233176,0.001361824217132023,2,1.7076621842330177,5000,46,66.94407156488582
267,0 days 00:00:14.549790,0.011234369117251099,12,0.0026424196417903167,5000,27,0.003480984315286442
268,0 days 00:00:04.136852,0.06211155854935563,10,9.606409925941437,5000,60,3.685684158332359
269,0 days 00:00:10.655978,0.034828683500760536,6,0.004366132218751886,5000,42,167.74440913186467
270,0 days 00:00:09.114048,0.08620655431820105,9,720.5181046555872,5000,11,0.3395664133371092
271,0 days 00:02:13.463396,0.001917623481921732,4,0.13332288056999375,5000,64,257.1605930596998
272,0 days 00:02:05.490692,0.0010987259801146865,18,1.2112568366717116,5000,44,0.11111552450393265
273,0 days 00:00:27.552277,0.005660718061647178,10,30.706810186835025,5000,15,2.2495574627001957
274,0 days 00:00:02.485405,0.08773329032016704,14,17.26115074493486,5000,12,0.02462461028215421
275,0 days 00:01:38.446935,0.0011897244678764532,11,26.38221266849982,5000,31,0.0012592371038987026
276,0 days 00:00:05.467672,0.03427902363920346,6,38.95050509667559,5000,10,5.933449280803615
277,0 days 00:00:01.921513,0.15747343185721677,14,0.020952857022679423,5000,12,19.890587503756713
278,0 days 00:00:03.298150,0.18246123962169067,2,13.412689501003168,5000,28,0.005099497146544513
279,0 days 00:00:30.418791,0.006740308181850262,4,532.0742931044654,5000,37,0.07942747075086891
280,0 days 00:00:03.811357,0.050140571789833784,4,4.112601836994674,5000,42,0.012346028753705472
281,0 days 00:00:01.847446,0.17977839954451943,15,9.94528360338365,5000,99,1.654179114200652
282,0 days 00:00:50.845617,0.002503908387471306,5,79.48447985170696,5000,83,0.001935990138715143
283,0 days 00:01:21.181553,0.004605522997309316,17,0.28092674064925405,5000,31,806.6310688889249
284,0 days 00:00:28.613010,0.014398152610506558,8,0.002241817104604984,5000,21,699.8794864695349
285,0 days 00:00:30.061505,0.005839427747011207,13,1.5931413096246603,5000,12,11.236417488735471
286,0 days 00:01:41.415302,0.0012880954593961706,11,0.03074008808323581,5000,39,3.2612346493521613
287,0 days 00:00:02.299470,0.10346106458119031,8,0.4730787969722512,5000,30,0.3601006968755695
288,0 days 00:00:04.492398,0.03989324647538592,6,15.187042569969012,5000,20,0.014245828019986865
289,0 days 00:00:08.026969,0.017946361953103188,5,0.003080339978648359,5000,14,0.0033431297768795835
290,0 days 00:00:06.503366,0.025140841611457826,14,0.017965953350069386,5000,17,0.0064344731990689475
291,0 days 00:00:11.556175,0.013861014439226754,4,42.84966174748793,5000,37,1.1310713439064632
292,0 days 00:00:36.645371,0.0037638454101260894,10,0.012018325593017685,5000,86,1.410986086602957
293,0 days 00:00:58.279133,0.004479909656204171,15,53.92698512440922,5000,92,94.14999827132591
294,0 days 00:01:25.699627,0.0030150881942247257,2,5.370829402530281,5000,24,0.019425253749908878
295,0 days 00:00:07.260179,0.038232780413089876,15,0.7360401336378053,5000,97,0.132605662519493
296,0 days 00:00:27.743669,0.007028503569934392,3,126.52698753659841,5000,27,0.03102883774008582
297,0 days 00:00:31.790618,0.005567759779096907,16,0.1165323654005155,5000,31,1.1215617697561096
298,0 days 00:01:39.498106,0.0034219803392909025,9,0.0021101174278570275,5000,45,312.3492745147135
299,0 days 00:00:06.051689,0.029719275736385185,6,34.16137776235029,5000,15,37.15780701007173
300,0 days 00:00:12.324548,0.015033646817245712,17,0.1252075186470378,5000,17,0.05187271960383189
301,0 days 00:01:44.838771,0.001289440186806626,7,82.65632449816137,5000,31,2.6399102431174644
302,0 days 00:01:44.487374,0.0023535751916231445,18,0.09370452906285749,5000,59,33.81052323066983
303,0 days 00:00:04.645456,0.07451446532798905,3,0.005338670995339005,5000,22,49.75957603556979
304,0 days 00:00:35.834795,0.003986820610982727,14,2.0004621240804803,5000,16,2.2396796423601737
305,0 days 00:00:13.230265,0.017471779682675284,8,0.025314915807719662,5000,80,14.287059866154808
306,0 days 00:02:26.615638,0.001221675118912718,17,0.5521286815461579,5000,55,0.011477819680831034
307,0 days 00:00:49.949159,0.0024441975559641987,13,32.760229299756645,5000,36,0.045643530919222505
308,0 days 00:00:06.247625,0.031788180065354076,9,0.030222202520587316,5000,13,0.01922468063744038
309,0 days 00:00:04.530588,0.09322457304560408,16,20.903362070147917,5000,78,21.777948287262948
310,0 days 00:00:30.655448,0.0068472799670186895,17,12.545776576565343,5000,68,16.85464942542826
311,0 days 00:00:02.944651,0.09214732914399265,8,1.7267390060718673,5000,10,0.0027378111859183317
312,0 days 00:00:10.974284,0.013744056752104926,6,117.42970757075632,5000,62,0.020797476968054077
313,0 days 00:00:37.369499,0.0037452328768398857,17,0.14685086235113293,5000,14,0.03442427150895879
314,0 days 00:00:05.058483,0.04924817842013895,15,4.958401457798251,5000,56,0.5962666792195874
315,0 days 00:02:43.086088,0.0012780445489394764,15,0.05889259069520852,5000,44,70.32898801803249
316,0 days 00:00:02.328545,0.0802488138035847,4,129.24145484697996,5000,94,65.3424190145517
317,0 days 00:00:01.725475,0.12543985589933845,19,1.495256665931081,5000,17,0.04828262976098336
318,0 days 00:00:18.003061,0.014146440716545963,12,543.7660413099269,5000,91,0.07793219004738196
319,0 days 00:00:08.690574,0.05796852952185581,2,18.268350745210896,5000,15,293.9952492282221
320,0 days 00:02:36.240972,0.0010568745362442792,16,0.004793776478171545,5000,20,58.9468745882547
321,0 days 00:00:16.017595,0.012525302678134223,9,148.3412490705635,5000,60,0.010739314997502629
322,0 days 00:00:01.862418,0.11900296139514623,8,0.29035089734848063,5000,21,0.6475457365064353
323,0 days 00:00:22.970915,0.0084464916634289,12,22.090429956062557,5000,62,0.01746981732510725
324,0 days 00:00:02.476715,0.12779628845550015,19,523.4593277791763,5000,27,0.002570098625642299
325,0 days 00:00:19.386367,0.013424943260873647,7,0.010230087213083149,5000,61,48.245398474180185
326,0 days 00:00:21.048405,0.006609651770118841,15,0.964925918132747,5000,48,8.02621045182246
327,0 days 00:00:58.923230,0.0029599194257563036,14,17.27898935748164,5000,13,1.5422880842167643
328,0 days 00:02:16.200420,0.0010224508538410379,7,1.318555453962418,5000,30,5.569260944796711
329,0 days 00:00:51.120155,0.002936033281138346,14,66.67711744771886,5000,65,8.284696436916478
330,0 days 00:00:11.907244,0.031176009335640454,13,0.04243148797653129,5000,67,91.52669727792338
331,0 days 00:00:40.525150,0.00710035569165187,12,0.036918252228839224,5000,84,77.66658461002056
332,0 days 00:00:02.387273,0.11112641381564944,19,0.03839079269017727,5000,17,5.8813580863643695
333,0 days 00:00:11.812730,0.019411320725425445,18,2.2648657380012787,5000,12,5.131251768068431
334,0 days 00:01:03.221846,0.001779586116744305,18,159.99225374447784,5000,34,2.3769798753377858
335,0 days 00:00:42.141167,0.004593701857129324,3,181.45856218614173,5000,71,0.8255983578560043
336,0 days 00:00:16.160628,0.01046124948852563,14,0.012344404313380549,5000,20,0.009692521382809011
337,0 days 00:00:14.343048,0.013584962174554344,4,2.684964177035955,5000,12,0.1419309344613592
338,0 days 00:00:58.607750,0.002447530846411652,4,0.0018251284576269674,5000,11,0.002558378857242138
339,0 days 00:00:02.439836,0.10631975393383623,9,0.012595719274467935,5000,35,0.014018126989395134
340,0 days 00:00:32.135689,0.004474728025290582,10,0.012379463559026298,5000,41,0.016880269614580178
341,0 days 00:00:07.622832,0.029437533476333412,6,0.0014688256123740564,5000,10,6.6041260118713145
342,0 days 00:01:53.443405,0.0021666157183617253,7,0.012567857737378426,5000,87,60.62218793331247
343,0 days 00:00:32.823287,0.005284140005978458,16,0.015303006677538186,5000,31,0.0010125548728324848
344,0 days 00:00:07.446520,0.05057732922873455,8,29.2408895859531,5000,18,250.20169168323613
345,0 days 00:01:52.371986,0.005516694722973927,2,5.561987019755159,5000,34,260.5134564108496
346,0 days 00:00:45.768363,0.004286512477621837,4,0.043464604582598904,5000,10,7.872065242411166
347,0 days 00:01:16.141672,0.0016727025577235421,16,0.006080170729924048,5000,29,0.011341381816886278
348,0 days 00:00:19.344675,0.008166561774155269,8,0.01132114700910216,5000,14,0.001448670478627652
349,0 days 00:00:24.645913,0.004632938858203499,8,0.01258612834772094,5000,62,0.0022612101169649907
350,0 days 00:00:29.991071,0.005838900847445239,3,0.020978790371719604,5000,89,0.007994144663207706
351,0 days 00:00:05.645596,0.09354860938170251,9,0.7810559137151254,5000,13,330.816362290122
352,0 days 00:00:18.517577,0.00888514318217404,15,0.043110517006485126,5000,84,0.09902562500805162
353,0 days 00:01:38.538946,0.0011053974042855262,15,0.00751453868835764,5000,19,0.023428236242133523
354,0 days 00:01:53.538770,0.001308013452854473,4,0.30107339131556843,5000,34,0.03152513230342861
355,0 days 00:00:04.016259,0.08073400602037338,16,0.1406643668454948,5000,10,109.64772349730676
356,0 days 00:02:03.774401,0.0011050732211250035,3,0.17699716220679412,5000,52,558.6712216697148
357,0 days 00:02:03.235827,0.0016726658471981311,3,30.99372234849621,5000,14,700.7721894620925
358,0 days 00:00:46.204685,0.003013310432766646,15,22.87786598642438,5000,51,0.06274859360082645
359,0 days 00:00:09.481343,0.019775618686825293,19,0.003352993019881404,5000,41,6.115471646740024
360,0 days 00:00:18.985310,0.01031708155581396,17,0.6986712374807788,5000,62,0.004344746255045675
361,0 days 00:00:38.514836,0.020003430162935317,15,938.6289071955841,5000,12,75.73862071022646
362,0 days 00:00:18.660591,0.01371223993733087,3,302.059076958739,5000,61,0.32521703504836685
363,0 days 00:00:25.239221,0.005410767004030828,19,0.002549842115945777,5000,29,12.06210189887581
364,0 days 00:00:02.519449,0.09489555891710495,7,92.53812178414655,5000,12,1.8631338802333943
365,0 days 00:02:02.675724,0.001266272743949737,15,673.5315402559405,5000,43,451.40317974459094
366,0 days 00:00:01.670954,0.18402812487065115,7,0.002959877334816445,5000,12,0.11630071196221722
367,0 days 00:00:08.580100,0.04394122899860989,19,454.94287070424576,5000,52,0.0461824950451144
368,0 days 00:01:20.320844,0.00463015819449072,10,0.09882729634519284,5000,15,356.5907340959647
369,0 days 00:00:10.335012,0.01677715273550017,14,0.024350319209648984,5000,26,16.752746384748487
370,0 days 00:00:02.783239,0.15250008708832388,11,0.002408221092124236,5000,24,273.95929120098464
371,0 days 00:00:11.818509,0.03237045569924812,16,0.17339928339754856,5000,16,579.0963891515348
372,0 days 00:00:03.229575,0.0589743021084024,17,0.00309247732483901,5000,15,0.006269542434581154
373,0 days 00:01:46.792981,0.0019231691475309304,17,5.876872837604305,5000,24,231.88583358260186
374,0 days 00:00:02.860604,0.13022754272023554,3,0.001319075793913391,5000,13,11.396479330116867
375,0 days 00:00:10.025733,0.03460659751818286,2,0.06677180551247275,5000,55,1.5078103892333683
376,0 days 00:00:18.495881,0.037639738963287,18,0.014978913172206424,5000,32,801.4801751506017
377,0 days 00:00:53.457596,0.0027921323035609413,8,0.009610363320610172,5000,40,3.7418557484823745
378,0 days 00:00:28.479761,0.005117129896834605,19,8.382602265866248,5000,18,4.164531751149725
379,0 days 00:00:29.075451,0.0054762860845239915,10,107.60699206386433,5000,11,3.737388482200533
380,0 days 00:00:21.584144,0.006734872095485586,12,4.678904620364418,5000,30,9.546091066362866
381,0 days 00:00:02.302044,0.11578412702197298,16,6.228537607201388,5000,31,0.03336897678675551
382,0 days 00:01:11.538092,0.004401908294657612,2,0.0026454887609455185,5000,25,0.9252017206820432
383,0 days 00:00:54.767638,0.002162159116340212,15,0.3121954853281428,5000,82,0.0016665063599919042
384,0 days 00:01:13.457592,0.00337157165289724,4,5.436771902473914,5000,85,118.69973001919347
385,0 days 00:00:29.552324,0.004878607588915,5,0.43707696291754533,5000,36,0.6519872793612549
386,0 days 00:00:38.637797,0.005914872330789917,15,125.11343256335464,5000,17,332.51810166097675
387,0 days 00:00:39.428393,0.028592611164254808,7,689.7044263537115,5000,11,471.0254444187256
388,0 days 00:00:20.935018,0.010786072842977617,16,480.2851393218763,5000,72,6.975050089646432
389,0 days 00:00:27.427981,0.03223840573816937,4,629.9028862990344,5000,14,0.012498331412758369
390,0 days 00:00:55.587439,0.0022516921667354102,9,0.023592381007420497,5000,80,0.0015735103549237757
391,0 days 00:00:14.253160,0.027482222234981347,17,0.0011880223460359605,5000,19,226.50332762181583
392,0 days 00:00:47.975937,0.002182338491459197,10,44.86646229385115,5000,16,1.4419785090500594
393,0 days 00:00:01.741990,0.17564006852121658,6,14.066662417839057,5000,43,0.02148276294575636
394,0 days 00:00:01.502360,0.18797141996165317,15,0.026690673755016433,5000,19,1.5356177077840016
395,0 days 00:00:12.147531,0.015058991998425066,5,209.66980479206163,5000,27,0.005170948208515182
396,0 days 00:00:03.655787,0.04620642332192573,5,0.14081553652564766,5000,13,0.002232133672777216
397,0 days 00:00:58.182550,0.0027500786146948527,14,1.576294808772235,5000,85,0.1701553902711971
398,0 days 00:00:10.876597,0.01475359477714991,11,65.99225769478515,5000,50,0.028257885376018366
399,0 days 00:02:16.395920,0.0011461383585820355,17,0.33933584319270393,5000,45,0.00202566286062061
400,0 days 00:04:11.362722,0.0015811658749211037,9,0.002732642749332103,5000,98,888.8377220554391
401,0 days 00:00:12.162366,0.015199147495299362,4,10.783788448901783,5000,62,0.5444323436933759
402,0 days 00:00:12.174028,0.023744821817834414,2,7.3156156413850635,5000,40,1.2771313594850107
403,0 days 00:00:01.939177,0.15187068758789446,4,0.001051596492934004,5000,12,0.0017971542151290405
404,0 days 00:00:27.685162,0.007914599099805871,13,0.03457485561977789,5000,90,14.630668360988258
405,0 days 00:00:09.401980,0.015372093874224823,15,0.10671292226468271,5000,29,0.15197810140447773
406,0 days 00:00:09.909092,0.01859032187862077,10,0.005114670296408476,5000,72,0.011135901636156239
407,0 days 00:01:33.376217,0.0018282146180246808,13,0.0017200717310621378,5000,39,0.05270459920545157
408,0 days 00:01:58.512811,0.0013465387069569207,13,0.05985794631280539,5000,21,0.207430035199844
409,0 days 00:00:40.258097,0.003333583205054848,13,242.83398477479673,5000,41,5.8958349833349475
410,0 days 00:00:06.288749,0.026149602712890754,7,0.007779943132530299,5000,27,0.09434127062344064
411,0 days 00:00:04.291166,0.09883924832393878,4,0.00685998301611833,5000,49,304.20295683695065
412,0 days 00:00:09.204411,0.030313748148320052,10,3.220396794117499,5000,64,30.187269235908502
413,0 days 00:00:07.554951,0.05989048658503778,9,0.036614500044388945,5000,30,520.1620823408025
414,0 days 00:00:31.521773,0.0035124595073773024,13,14.877157607730188,5000,14,0.2230765143541251
415,0 days 00:00:08.859130,0.024960557196671423,14,0.00463048874465711,5000,56,14.486914617474156
416,0 days 00:00:07.209247,0.04984313708718783,6,14.630139831527803,5000,12,123.09241901709822
417,0 days 00:00:30.248830,0.004660583594408816,15,0.4602413133491967,5000,48,14.1315457493472
418,0 days 00:00:11.596196,0.049680732636580696,2,0.0036784078720585116,5000,52,96.31586528799637
419,0 days 00:00:02.092207,0.13196103059143938,3,4.712393723218306,5000,15,0.03733033449837387
420,0 days 00:01:52.449587,0.0013232356872486335,16,691.2483295997363,5000,14,517.7784474349029
421,0 days 00:00:01.880547,0.15169185136370966,9,2.0512357431580392,5000,15,0.07731403124572256
422,0 days 00:00:26.048480,0.008875426937529135,8,0.19466774919489785,5000,61,37.36569065123434
423,0 days 00:00:16.079359,0.017841795620455316,11,88.19634059298204,5000,81,146.76952318420757
424,0 days 00:00:02.632933,0.08941463522045805,3,3.0810312645722164,5000,34,0.16542519683018925
425,0 days 00:00:07.595694,0.0412640405648254,10,25.084867093296435,5000,87,65.96243036250091
426,0 days 00:00:09.927559,0.020086886278536123,18,204.1334211952255,5000,11,27.09365362805436
427,0 days 00:01:24.018091,0.001798546649353643,19,94.95704513243837,5000,30,2.04405460005876
428,0 days 00:00:16.293242,0.01449021647652595,13,2.6601376675659836,5000,76,3.148165731116085
429,0 days 00:00:04.888577,0.051458803158156055,4,0.019469919535343095,5000,46,3.0964246584051414
430,0 days 00:00:10.026352,0.017851188841362938,4,0.8782470182542167,5000,74,2.92409297163782
431,0 days 00:00:03.787879,0.13083544098971617,19,72.28910476877613,5000,51,245.41764991930435
432,0 days 00:00:05.078708,0.03987496458054053,12,0.07506092148950753,5000,76,0.002910171536928132
433,0 days 00:00:05.281258,0.1456084030436123,3,721.2408709032063,5000,87,4.573219388419316
434,0 days 00:00:05.829415,0.026345192244006617,8,0.1146600033787995,5000,26,13.94112526280602
435,0 days 00:00:28.714709,0.006097232866003341,13,0.0012226313532169312,5000,23,0.0036730478399596075
436,0 days 00:00:02.981538,0.16578326968069954,9,299.541635664643,5000,22,6.660779705518081
437,0 days 00:02:03.620399,0.001103530009495805,3,17.850956292855464,5000,16,536.9761056739528
438,0 days 00:00:47.180436,0.0029652828921815097,10,0.2511748562310546,5000,15,1.3462467298540053
439,0 days 00:00:05.961709,0.1059660226309052,7,3.325066730514808,5000,89,211.68902592819578
440,0 days 00:00:31.886169,0.004487406762927323,10,0.06299318382759335,5000,22,2.662184932142728
441,0 days 00:00:35.457867,0.005858059640577848,19,99.53544242836301,5000,17,27.751812713812722
442,0 days 00:00:24.561620,0.006398838233813317,5,0.26182291699374793,5000,28,0.014980794962806241
443,0 days 00:00:06.752320,0.03095105626005461,12,9.833598115686884,5000,39,0.12837315661876608
444,0 days 00:00:05.201838,0.06711256167593935,9,26.88336897139528,5000,14,139.6980099807315
445,0 days 00:01:29.912387,0.0045863726652656065,2,0.03469965017535867,5000,11,40.000817033937665
446,0 days 00:00:54.744701,0.0026800150777619883,15,0.00479571750096912,5000,14,1.6736678729673466
447,0 days 00:00:27.468371,0.004897160111848601,9,4.599533015306551,5000,73,5.369598114796578
448,0 days 00:00:11.314721,0.014738312094326769,18,4.177342724078237,5000,66,0.02503835406726947
449,0 days 00:00:06.858802,0.022351277652526955,8,29.87727954563175,5000,86,0.17235746664684531
450,0 days 00:00:38.590341,0.009465101494602328,2,0.0013195578603362429,5000,14,5.704223701043965
451,0 days 00:00:45.233577,0.00506940749435637,9,7.7104556565929085,5000,21,386.9976671191292
452,0 days 00:00:01.985902,0.14093826986726316,4,0.002550891418678166,5000,46,0.024177655165389896
453,0 days 00:00:12.461470,0.034695512222958705,7,382.57958593660476,5000,92,96.06177057502188
454,0 days 00:00:46.807298,0.007318942106970959,2,171.51389617833658,5000,31,0.08138094111559202
455,0 days 00:00:06.145097,0.05947254566127622,15,329.3275938594765,5000,61,0.7248942816557752
456,0 days 00:01:46.390003,0.0038998266174698954,19,0.1253399291573559,5000,27,814.6333464896818
457,0 days 00:00:28.646424,0.009782836328080526,9,48.71662910672358,5000,57,141.1112594385703
458,0 days 00:00:55.492599,0.0037656799125406993,6,2.8500592276443686,5000,10,3.6517931658110654
459,0 days 00:02:15.839346,0.0011249283300523462,5,0.002825367860409916,5000,33,6.071680912218531
460,0 days 00:00:04.065923,0.035719983748628885,7,85.39049472433685,5000,14,0.014758097087072168
461,0 days 00:01:14.247390,0.002640934105929702,3,242.02013149558397,5000,49,3.923337614943498
462,0 days 00:00:01.823320,0.17197907460531242,13,0.08324332736330775,5000,46,0.14697149118107253
463,0 days 00:00:03.432573,0.051880978469095874,7,48.21801377274231,5000,63,0.00470554257339974
464,0 days 00:00:03.952458,0.062080377174753856,17,31.631422846124295,5000,20,0.2835054556322656
465,0 days 00:00:04.718353,0.05523209938379944,10,0.23729107343783196,5000,11,0.005422113996529287
466,0 days 00:00:13.813857,0.013372010882656162,18,6.945569114925977,5000,67,1.2788077388296768
467,0 days 00:01:20.270463,0.0017074987850233861,7,0.020406995781492854,5000,23,0.008126224112607423
468,0 days 00:00:04.379640,0.1863421381828003,8,4.259101458598193,5000,35,717.9229632539653
469,0 days 00:00:03.085797,0.08455562406034318,13,0.017978779658748247,5000,23,18.381999846432286
470,0 days 00:01:15.735579,0.005026460937676642,10,30.853020935557463,5000,15,699.6452860938471
471,0 days 00:00:03.450034,0.06376366711422289,5,0.050563871089591025,5000,34,0.783126551535195
472,0 days 00:00:04.773940,0.03499076883755011,13,51.67514862692153,5000,38,0.060076405199490715
473,0 days 00:00:31.652788,0.004180461902263068,13,0.03460410423021802,5000,52,0.015972224041696327
474,0 days 00:00:06.056724,0.036132165981785515,4,65.38431243306927,5000,24,0.2310691339441612
475,0 days 00:02:40.005816,0.0010024737560211285,19,0.005338522149059214,5000,23,98.39479817716204
476,0 days 00:00:38.027479,0.0052281593297187024,3,42.62204520403262,5000,76,2.901224236484139
477,0 days 00:00:28.906650,0.011902152416145357,4,0.002000998403967629,5000,20,199.2437893592703
478,0 days 00:00:32.773756,0.007616148005835392,6,0.14733315731215244,5000,40,80.98149962571465
479,0 days 00:00:09.420429,0.01850014721540529,14,0.0012332200710035008,5000,42,0.41482677691866443
480,0 days 00:00:13.687091,0.030677673743138834,7,224.5247719940462,5000,59,648.5855990033665
481,0 days 00:00:02.717963,0.19040720521869542,14,32.2914085764084,5000,91,225.40034722770596
482,0 days 00:00:09.469116,0.01712438046824418,10,0.0425440655773248,5000,93,0.049396340703454264
483,0 days 00:00:10.041487,0.020604811595070337,13,0.020740644099743053,5000,90,2.8967049151509525
484,0 days 00:00:45.988919,0.0033735827932158324,17,0.2266363888711106,5000,90,0.006978990796913967
485,0 days 00:00:07.501937,0.028183555689851293,12,0.20149232872124115,5000,31,2.4000129841401656
486,0 days 00:01:15.194411,0.0028201266018999475,10,0.0016364861192363935,5000,22,234.65339823665792
487,0 days 00:00:04.193341,0.04445120875943992,15,39.09355452802994,5000,10,3.619699244107865
488,0 days 00:01:05.078449,0.002996346941984864,3,0.05094754244902969,5000,52,1.2891364683746422
489,0 days 00:00:10.575474,0.01497598726703392,8,3.4819881001632456,5000,59,0.0030402807543093656
490,0 days 00:00:02.750074,0.08484903323946516,7,48.1439151692295,5000,27,26.5502786692513
491,0 days 00:00:13.087447,0.013332223474411329,15,0.05098316893062742,5000,72,0.010383778319850434
492,0 days 00:02:02.115008,0.0013305932233749543,3,0.025505141903279346,5000,63,72.81610339760904
493,0 days 00:00:04.603121,0.05658578938361888,14,0.1592694995111266,5000,21,68.23078853797114
494,0 days 00:00:09.563079,0.029503131242338245,7,0.8835187878199585,5000,43,95.18162309294391
495,0 days 00:02:02.609391,0.001525261217684706,3,116.20624462071011,5000,63,0.13583771967038
496,0 days 00:00:03.740352,0.0618362745428181,8,0.2928685636720214,5000,76,0.017980159468948185
497,0 days 00:00:02.061351,0.1664233092498494,8,5.518421733300678,5000,10,9.109737654769756
498,0 days 00:00:55.994536,0.0028805770222811067,14,2.5400265217199274,5000,36,0.2091870756257224
499,0 days 00:00:13.762365,0.029597744127974585,13,3.2793217010677846,5000,71,128.2585359970775
500,0 days 00:00:16.808397,0.009129429923003298,18,0.06912751499741651,5000,12,0.16936962895548377
501,0 days 00:01:40.049030,0.0032397540782554963,5,0.07239939337801511,5000,21,236.95577171028435
502,0 days 00:00:03.511345,0.07559598782509364,13,186.7323045031733,5000,13,0.005893996762982749
503,0 days 00:00:48.732576,0.0029280723531103074,8,0.00787269820820566,5000,49,0.9333199221974121
504,0 days 00:00:02.275009,0.09623159766840261,15,14.582504180154997,5000,27,0.13169033096691823
505,0 days 00:00:02.675508,0.06879872206368022,5,0.0020702781599683663,5000,21,0.0011448271728255394
506,0 days 00:01:38.446823,0.003097922906054577,18,200.61171806808247,5000,10,361.6338839640001
507,0 days 00:01:32.512614,0.0014715078691068494,5,0.001753942942077166,5000,16,0.02880152381167393
508,0 days 00:00:16.846138,0.009505726842827005,11,1.2745903010497701,5000,22,0.0015355554654384494
509,0 days 00:00:15.568064,0.01123716810827255,7,0.013141873612497933,5000,88,0.05410665316896391
510,0 days 00:00:59.177331,0.007377109595805613,12,2.373985730714985,5000,41,709.2831709499243
511,0 days 00:00:37.954039,0.003027139847046135,19,40.41419016327486,5000,42,0.1844066091958481
512,0 days 00:01:53.634865,0.006475513734888368,2,0.5810351311754809,5000,41,809.0763409797897
513,0 days 00:00:08.999004,0.09040694451634902,5,785.0047186623683,5000,20,0.025846058185329847
514,0 days 00:00:32.490928,0.007957585116570102,8,1.053565505192811,5000,10,3.937690933737391
515,0 days 00:00:01.750303,0.1676343048158208,17,0.08062125955719596,5000,67,0.6194472765569832
516,0 days 00:00:08.227000,0.0172139173798376,10,13.560759502925421,5000,26,0.020381881269360743
517,0 days 00:00:14.795341,0.009786392294875941,15,3.5868702403050032,5000,12,0.012748542346335698
518,0 days 00:00:20.184874,0.009494768981489734,5,150.65235029558227,5000,44,0.004478978080509741
519,0 days 00:01:26.297733,0.0016378280974078854,10,0.1765103319340568,5000,29,0.2628284835217764
520,0 days 00:01:16.761235,0.0031648631185653277,6,11.929383844786303,5000,11,86.00217014970114
521,0 days 00:00:11.252018,0.01650273841025671,19,0.4878681689348003,5000,38,0.05509907106276562
522,0 days 00:00:14.624976,0.012793911782279798,16,275.0835882691479,5000,20,4.442002581740709
523,0 days 00:02:16.425721,0.001031437910121653,12,13.606713996525032,5000,29,0.016286580902507546
524,0 days 00:00:02.401456,0.12621751543527773,18,12.209932002589738,5000,74,0.0013931448425865032
525,0 days 00:00:02.860446,0.07437200491384895,15,98.79157940689515,5000,23,0.1883659822403668
526,0 days 00:00:01.434193,0.16147229392182033,7,0.021050632810641273,5000,25,0.033184467462769804
527,0 days 00:00:06.337488,0.13631128458688968,17,0.7723469065409237,5000,42,448.5404840709676
528,0 days 00:00:01.820615,0.15277462613659973,4,118.56886135477832,5000,11,0.004862224775515042
529,0 days 00:00:06.101302,0.04334781001518872,19,0.017193295288898788,5000,76,0.006248333705261403
530,0 days 00:02:25.264451,0.00258772942358389,9,96.98555450580095,5000,27,957.3090496277811
531,0 days 00:00:36.993383,0.0033445040631869508,14,281.45145849118546,5000,32,0.06362003726206493
532,0 days 00:00:46.892451,0.00331389079250782,15,0.06009616761129633,5000,25,0.0042587229552802355
533,0 days 00:01:36.303792,0.0013210814931475044,15,70.57435792239414,5000,26,0.01901379350018167
534,0 days 00:00:38.914791,0.0034283872644939447,6,160.0171884754951,5000,32,26.957061452049643
535,0 days 00:00:12.343196,0.03684748449213671,7,225.6698257345456,5000,44,192.19231626705698
536,0 days 00:00:02.224582,0.1370208564439831,15,115.66465467139793,5000,20,0.5587258390623324
537,0 days 00:00:01.593772,0.18383764946207332,16,0.6870089674888074,5000,25,0.5202777041679141
538,0 days 00:00:40.017149,0.003547783544746821,8,8.631513604335733,5000,23,16.919200740867357
539,0 days 00:00:11.512532,0.02364188733893917,11,5.13432111390487,5000,83,46.195908256533656
540,0 days 00:00:03.759256,0.044744688554515036,4,0.04192298141587376,5000,21,0.003145260547142796
541,0 days 00:00:03.915497,0.05712196002407803,15,0.2330057128468357,5000,31,0.017517623596045712
542,0 days 00:00:11.382897,0.021072115598457744,17,0.002003479461346168,5000,10,0.6900515953665395
543,0 days 00:01:34.992267,0.0017872626618225611,15,0.003238421387933526,5000,17,38.96347890848849
544,0 days 00:00:03.629783,0.053961039038359804,9,1.8042525002585115,5000,33,0.5298604105850461
545,0 days 00:00:09.152186,0.09269162816232436,10,0.006306357970327231,5000,57,698.8651278305895
546,0 days 00:00:51.007048,0.00494085822464123,9,0.012563454709411635,5000,84,114.70842409235388
547,0 days 00:00:06.336935,0.030324628146008996,9,6.874146092903072,5000,33,0.07963868536053159
548,0 days 00:01:28.212488,0.0015288895676893901,15,33.74421700040651,5000,27,10.772229955821933
549,0 days 00:00:33.953330,0.006666224632204904,17,0.005381346897731564,5000,50,50.09113244204159
550,0 days 00:01:09.480566,0.001880214382811962,5,132.7751407584643,5000,37,0.0018070632856203009
551,0 days 00:00:11.244482,0.0543393089674708,18,827.8904187805066,5000,99,0.1657255684187665
552,0 days 00:00:11.924227,0.028344134250548506,2,0.017414635225233836,5000,39,0.7944338976402754
553,0 days 00:01:19.132643,0.002689433577197241,4,0.01821148145975926,5000,24,63.13226892636361
554,0 days 00:00:27.403043,0.011284063468545191,7,0.7864434767519134,5000,37,126.03865527225494
555,0 days 00:00:01.611673,0.15758476252987616,11,27.615051617661987,5000,23,0.06596597084184735
556,0 days 00:00:06.672108,0.11122082052706288,19,85.25815046700554,5000,90,401.5464389948203
557,0 days 00:01:31.451198,0.003063049431503844,19,0.24114326382374277,5000,27,136.1345656364318
558,0 days 00:00:37.497161,0.006053538431652348,19,9.933263949574137,5000,38,4.73910226226432
559,0 days 00:00:18.370077,0.012229659185459707,17,0.0021347841920897957,5000,15,139.62002188824079
560,0 days 00:00:51.548585,0.00245193103692568,5,0.0014838167853964293,5000,13,3.018450767897276
561,0 days 00:00:06.213671,0.03415233890508503,9,0.0036944494207621437,5000,34,0.1594176782746291
562,0 days 00:00:06.622416,0.032829618408671886,17,0.09878674200066467,5000,40,0.025360972034913942
563,0 days 00:00:29.782156,0.0047333406013962765,12,68.53916534723531,5000,32,4.819743910948585
564,0 days 00:01:04.002855,0.0023079921781715145,16,0.296735186381917,5000,45,0.04117280036189041
565,0 days 00:00:03.472533,0.14220898929361653,19,1.1097331794469547,5000,39,27.528991469631848
566,0 days 00:00:09.109711,0.023863253351188697,11,6.931428544310367,5000,45,7.167153307966916
567,0 days 00:00:15.800497,0.013286899327423876,15,0.008628645625135246,5000,47,0.010497511103112563
568,0 days 00:00:41.883127,0.003514545499619205,7,3.743010684463566,5000,13,0.4729055402384186
569,0 days 00:00:09.856601,0.0171514185444272,11,0.05013423888845107,5000,14,15.499431638197663
570,0 days 00:00:06.825752,0.09154836747045754,12,21.31374310398428,5000,26,286.0007296548614
571,0 days 00:00:02.433586,0.15159973405546115,15,0.0017276717121038948,5000,10,2.3145947883197584
572,0 days 00:00:01.740072,0.1692560841430038,4,179.97019010447383,5000,20,0.050220980093576124
573,0 days 00:00:03.172449,0.10821238948285476,14,0.5802027052165621,5000,75,15.90558193449841
574,0 days 00:00:53.346756,0.0029814444772975532,4,0.05454774481217054,5000,86,0.23881388560235867
575,0 days 00:01:03.850498,0.002084453604323485,11,0.04375278141219647,5000,45,1.9840198003344574
576,0 days 00:00:07.392991,0.021950283448569554,19,0.03932511110276474,5000,12,0.0064657127714762026
577,0 days 00:00:08.504089,0.02120564116363364,15,340.00696002184316,5000,93,0.023017557599100232
578,0 days 00:00:52.212340,0.005766322384367584,2,4.519759858395333,5000,46,0.04702427856406002
579,0 days 00:00:03.651459,0.08208102251050045,12,0.0015113296522427883,5000,42,6.179912164168967
580,0 days 00:02:07.770625,0.0011162696903151243,4,0.0010281704029573673,5000,55,0.0010766609746996724
581,0 days 00:01:37.192756,0.004158665626452622,2,0.2861655303564155,5000,36,51.619070184624036
582,0 days 00:00:08.645600,0.017604506235714266,10,0.0892405832751027,5000,31,1.330988738591244
583,0 days 00:02:14.737771,0.0010342014414967335,7,0.004974199564703445,5000,12,13.89574079164088
584,0 days 00:00:06.846907,0.037676198460906335,3,29.134558255964514,5000,18,0.0067061513492376445
585,0 days 00:00:03.994757,0.051234279149161524,7,0.01720658147392946,5000,61,0.003097671689266526
586,0 days 00:00:05.122030,0.08942296365174847,2,0.027027917434296323,5000,19,0.7415103999060153
587,0 days 00:01:24.873379,0.0032736483175029307,18,0.05854142628774408,5000,93,125.02481227913981
588,0 days 00:00:39.474240,0.003994130509015278,17,0.006222065820284975,5000,10,0.007009251265594931
589,0 days 00:00:02.033989,0.17697917185290657,3,0.0017584672682885328,5000,44,8.18570733837111
590,0 days 00:00:15.538008,0.014866052674434272,7,499.03419708083163,5000,32,2.698936996391531
591,0 days 00:00:05.935635,0.035205863844196404,17,1.0428073196535264,5000,58,0.13675923900307105
592,0 days 00:00:06.045781,0.0315181848987114,15,2.115768902085743,5000,48,0.00462068912422049
593,0 days 00:00:04.636183,0.037496538881908514,18,0.11350238315103263,5000,20,0.001400054999383928
594,0 days 00:02:58.148269,0.001303450553689102,11,29.84660543313554,5000,47,164.43710099191327
595,0 days 00:00:02.598996,0.07569760019985944,15,37.84465229608966,5000,42,2.8732003370166472
596,0 days 00:00:06.881063,0.030123050712608814,11,204.6017802083411,5000,35,0.0031508895832433035
597,0 days 00:00:11.588080,0.015628054561513935,14,1.8697804776380826,5000,97,0.021897078995903745
598,0 days 00:00:04.550946,0.03655502315661727,5,3.2448393341373127,5000,20,0.009345324942673136
599,0 days 00:00:02.583380,0.0695908324014319,4,1.492780573870835,5000,15,0.4498689904859117
600,0 days 00:00:02.206604,0.15133600428374103,14,0.05303092052227289,5000,68,0.09018553187636526
601,0 days 00:00:09.424755,0.023508542348263637,13,1.048086249533662,5000,17,0.980321861989677
602,0 days 00:00:03.353102,0.07539630523286009,10,298.78174018958714,5000,55,48.595300057336146
603,0 days 00:02:01.713535,0.0018180018635805856,3,0.004356211117785475,5000,22,4.466979744966921
604,0 days 00:00:29.949858,0.01197661084585852,8,14.397092328132851,5000,67,143.99665971945296
605,0 days 00:00:59.248258,0.0023605552270440752,15,42.81122455934001,5000,68,0.09753380584389994
606,0 days 00:00:39.007761,0.0036311591845754605,14,0.002091629471421376,5000,63,0.0010387488675277598
607,0 days 00:01:37.751687,0.003933339742882024,2,0.0012764646433225052,5000,91,51.464311618074326
608,0 days 00:00:04.729606,0.1418886339652583,16,467.2337810419097,5000,51,18.0867976947716
609,0 days 00:01:22.731319,0.004994347452198582,2,0.8434032344974383,5000,13,24.21692825172685
610,0 days 00:00:32.921329,0.006918084826360332,3,4.0187331013919785,5000,81,0.004293080208720372
611,0 days 00:02:16.994837,0.0014559837386163988,12,0.38541983997509344,5000,12,445.5126792914638
612,0 days 00:00:46.510463,0.0023158549686910094,16,81.07381691012613,5000,55,0.3909395954371424
613,0 days 00:00:03.786492,0.0431707885350258,13,40.68327115910075,5000,73,0.0016474062676764165
614,0 days 00:00:06.366564,0.03127740314605363,6,88.5918146014265,5000,40,0.0855825706867551
615,0 days 00:00:33.029292,0.009163349874432562,3,0.007236089904781519,5000,14,17.397730089157566
616,0 days 00:00:40.577038,0.004886659700973146,4,16.21402031145564,5000,30,0.016439788815219677
617,0 days 00:00:04.694274,0.043993840412177736,10,1.3595664853772447,5000,19,0.050537089761112396
618,0 days 00:00:10.176478,0.015377396953978027,8,0.03631084846565422,5000,23,0.18621661933595857
619,0 days 00:00:13.382365,0.011713484084200079,6,0.3650776538337553,5000,91,0.004190459373628825
620,0 days 00:00:05.774724,0.02941063432530756,7,0.004855622109349804,5000,18,0.0025177011145218896
621,0 days 00:00:09.935638,0.014956835313462834,15,0.22180632929351132,5000,13,0.002494854032481233
622,0 days 00:01:19.164000,0.0024468388308264526,14,62.86324868772573,5000,96,125.137893327321
623,0 days 00:00:05.651058,0.04383622330079234,17,140.64963272531318,5000,12,10.619038415764841
624,0 days 00:00:26.855240,0.015386588933416425,12,0.00824189498380171,5000,99,435.1939739608617
625,0 days 00:00:07.229520,0.021481604300086558,6,0.0034112508973047568,5000,76,0.25090702091808476
626,0 days 00:01:31.311044,0.005206023130103739,2,790.5527442037956,5000,20,0.002593658210712495
627,0 days 00:02:15.873730,0.0027535004529648916,7,0.1139418024393624,5000,11,635.5464611925879
628,0 days 00:00:33.546977,0.0034867389625462446,7,7.420131232960025,5000,65,0.8653251733487299
629,0 days 00:00:27.018661,0.00749875127273848,7,430.04348470395064,5000,31,0.011221460477307746
630,0 days 00:00:08.766045,0.02071690210810771,19,0.0028272985052633375,5000,31,0.09083052737731075
631,0 days 00:01:53.070899,0.0013565171823316134,7,0.025354964039890758,5000,16,0.14259815602043271
632,0 days 00:02:30.673036,0.0010379937196183992,5,0.5908394938504578,5000,28,357.431496377041
633,0 days 00:01:42.174467,0.002858232623547959,10,3.8436926659997703,5000,11,711.6410628139824
634,0 days 00:00:08.699574,0.02645576452611082,11,15.110726249425511,5000,47,0.001744680246984331
635,0 days 00:01:00.371700,0.002613323695945289,13,2.8270354447084083,5000,32,0.029328143318470716
636,0 days 00:00:59.916770,0.0029120370691154552,14,0.0014938850068720525,5000,22,26.219606378166013
637,0 days 00:00:14.806988,0.017086953722456666,6,204.62490801428575,5000,12,0.0017131774066619274
638,0 days 00:00:02.297252,0.09936656052074476,18,0.015194469071805118,5000,48,1.634631760804577
639,0 days 00:00:47.673895,0.0026365180763771047,12,0.00199057895828014,5000,94,0.19535069365630522
640,0 days 00:00:56.983033,0.0023755421669347764,15,0.38826263817964696,5000,46,0.012039078036369673
641,0 days 00:00:26.186597,0.005557585584394465,4,0.04099828298109871,5000,64,0.0014584743697509852
642,0 days 00:00:09.919735,0.018088906629803142,15,0.09842373766368634,5000,18,0.07577936131472171
643,0 days 00:00:10.358503,0.016584527910360334,7,275.57857497996844,5000,11,0.3608101740831824
644,0 days 00:00:15.070325,0.019161830486012815,15,3.9064778541689043,5000,20,90.6114792557475
645,0 days 00:00:36.324443,0.0063435728255476645,14,12.646538358959997,5000,12,73.35138713045887
646,0 days 00:00:03.221277,0.05839669079522442,12,1.981540758757822,5000,32,0.053359195770296484
647,0 days 00:00:43.587303,0.0032973011413525255,11,0.10934686259369689,5000,10,1.3825741498413515
648,0 days 00:00:09.567240,0.01933525944204145,18,109.31459855136909,5000,48,0.009023747930208322
649,0 days 00:00:17.578000,0.008999101199914022,4,0.03187339419045356,5000,17,0.0037326594329730152
650,0 days 00:00:09.495663,0.016832181394593464,5,25.24334764018853,5000,26,0.0045248227152508425
651,0 days 00:00:02.083528,0.12964173361373726,14,0.00227170993916003,5000,90,0.05711519794090351
652,0 days 00:00:05.914008,0.039354573805298484,16,0.0017952035541454207,5000,79,0.31937449372870047
653,0 days 00:00:45.002171,0.0027122746781262663,13,0.0015975646736385782,5000,80,0.031401372663908154
654,0 days 00:02:08.974638,0.001520715968419364,16,445.2878833003255,5000,69,116.5329149056984
655,0 days 00:01:19.445133,0.002351786840373542,3,0.0010852050298758157,5000,10,0.0257928799736892
656,0 days 00:02:54.522558,0.0010502400140751965,13,0.05946276587464893,5000,30,70.62116806266197
657,0 days 00:00:04.387436,0.059453378554127086,8,5.189954459524332,5000,72,0.045972607913269
658,0 days 00:00:04.767774,0.0356286756613291,8,0.018248575323232135,5000,62,0.398018482228533
659,0 days 00:01:31.957788,0.0022928932624696643,11,13.407675337192073,5000,13,5.837207381198189
660,0 days 00:00:14.442308,0.014283655435520818,4,0.006295545133967401,5000,79,3.8926663316823995
661,0 days 00:02:03.196085,0.0013672292867773735,3,607.5011512241427,5000,97,0.0018900190565432668
662,0 days 00:00:21.999738,0.007750617994369418,3,88.81146430703434,5000,14,0.06638191462968923
663,0 days 00:01:23.469486,0.002552411034199569,14,0.3701787788105314,5000,28,270.32557665291137
664,0 days 00:01:54.936731,0.012423770084457586,11,718.9979499677803,5000,17,930.9201666154946
665,0 days 00:00:22.631105,0.008637929688741141,7,17.70020699474255,5000,18,59.93274747747107
666,0 days 00:00:53.537731,0.0040062911392401155,14,1.5404218574977608,5000,83,85.15824239437734
667,0 days 00:00:03.743534,0.07130887171109081,9,0.017425827755048414,5000,20,28.649110044143313
668,0 days 00:02:00.558422,0.004154494922936408,5,685.008346279053,5000,71,46.639340213117215
669,0 days 00:00:17.889862,0.009817323082803317,10,2.659395680925513,5000,46,21.844989119410794
670,0 days 00:00:11.492019,0.038414166046028105,13,9.456711770902189,5000,10,163.53566596306922
671,0 days 00:00:03.271685,0.10925943984041228,10,325.3295511182954,5000,28,1.3658830356496412
672,0 days 00:00:04.361332,0.18844803540921304,4,0.491720590459063,5000,17,448.3761148991429
673,0 days 00:00:03.066980,0.06992862653364025,7,11.063453405708586,5000,76,4.749668981822562
674,0 days 00:00:05.152533,0.1370248618252157,6,0.07233765921606126,5000,41,308.8360130358061
675,0 days 00:00:11.598957,0.027653759984895346,2,0.8613178704464637,5000,79,0.09651732954558391
676,0 days 00:00:05.419936,0.0824888880411355,10,1.560750988891803,5000,68,87.75202118007081
677,0 days 00:00:04.108918,0.05003569552622143,15,0.3229770199162504,5000,47,2.585048196450964
678,0 days 00:02:51.455949,0.0016027489703327638,14,26.798953209836093,5000,54,711.571343552999
679,0 days 00:00:08.633951,0.04349244081776114,2,0.04186418346074057,5000,44,0.005818783340753783
680,0 days 00:00:07.248275,0.023912425741868384,6,142.64148066466794,5000,69,1.9053435438459383
681,0 days 00:00:05.864696,0.029234555196017427,15,0.0032394778871918167,5000,13,0.003511744679937958
682,0 days 00:00:16.640379,0.016937096884728872,5,1.0156955491651491,5000,30,133.1007460931206
683,0 days 00:00:07.535823,0.022316027018515663,8,0.3678402928963171,5000,36,5.861702923591886
684,0 days 00:00:38.062816,0.004903250576519366,13,0.004091203623885413,5000,25,35.92893094218955
685,0 days 00:00:04.335869,0.15012867100604402,6,409.19394356401324,5000,42,0.001165142054975171
686,0 days 00:00:54.788014,0.0027171059768620167,16,7.821261700098378,5000,19,11.219455027447742
687,0 days 00:00:50.057041,0.010318668813958846,5,10.149869660373799,5000,88,846.5280419384527
688,0 days 00:02:03.907465,0.0010945486743720659,11,0.8443592696356328,5000,10,0.014676325758843013
689,0 days 00:00:05.930478,0.046879130263987406,5,4.356262201186689,5000,23,116.86886304289817
690,0 days 00:00:05.044819,0.048762252975600814,3,34.341196548835796,5000,40,0.4942905982185535
691,0 days 00:00:25.638231,0.016435685301602134,19,0.040748822184810296,5000,96,325.0924016147534
692,0 days 00:00:02.763502,0.07955356302292318,8,0.00792732563855256,5000,62,0.4558529123766183
693,0 days 00:00:15.611554,0.0123049672917988,18,0.022424954659544638,5000,18,43.04989775279016
694,0 days 00:00:09.399203,0.015243686071134821,9,19.13868198822645,5000,15,0.48690693639266247
695,0 days 00:00:34.972756,0.003906489605141727,14,9.03521299421874,5000,68,3.1542315784554553
696,0 days 00:00:02.539411,0.12181678464209653,8,1.8145819020529066,5000,46,5.7042031559385595
697,0 days 00:00:06.920501,0.02479509570678082,13,114.7407672795148,5000,14,0.2369930711737831
698,0 days 00:00:05.552496,0.03410896021641245,14,0.1417881525193443,5000,64,0.0064215542181291375
699,0 days 00:00:12.114314,0.046147561021379596,6,0.6381733594932514,5000,66,898.6766670505493
700,0 days 00:00:05.017533,0.15096360380038615,14,11.701133135699134,5000,15,442.55862110263035
701,0 days 00:02:07.594951,0.002272330500047154,14,134.26335041872792,5000,16,745.6519540668642
702,0 days 00:00:19.843145,0.007345311316024863,18,0.001041376463017263,5000,46,0.0010518765272387427
703,0 days 00:00:40.197452,0.008211154646021379,7,3.125569862487694,5000,23,658.2947077927578
704,0 days 00:00:34.662323,0.012804550517842883,2,25.764510158516558,5000,32,0.004830830248209719
705,0 days 00:00:06.356419,0.050907314866006546,7,0.005795012985940715,5000,20,123.7836719195515
706,0 days 00:00:41.635632,0.003561138153963543,14,11.812841408930959,5000,76,2.2919758969215698
707,0 days 00:00:28.991677,0.012011213052425238,2,7.345185748420432,5000,51,7.401625663270158
708,0 days 00:00:04.221630,0.07992557002738379,3,0.07763066280464821,5000,70,3.3693220300434352
709,0 days 00:00:48.771204,0.0038552099882528464,19,0.03758667579023794,5000,17,13.466536632732625
710,0 days 00:00:04.707177,0.04039449343077633,16,3.384795348776644,5000,31,15.229723996983454
711,0 days 00:00:07.390171,0.0225442387921476,5,0.31558303623880785,5000,79,0.2988730920716657
712,0 days 00:01:02.744233,0.002406844228210392,18,23.53320489316661,5000,51,1.529765725102496
713,0 days 00:02:38.126840,0.0015541425595433402,15,0.5252760672213126,5000,76,58.09002820855015
714,0 days 00:00:03.512867,0.1318960295763079,2,181.0859565053208,5000,78,82.68404176773718
715,0 days 00:00:14.777166,0.013240778523113282,16,0.4185130798720879,5000,49,0.003537671249663378
716,0 days 00:00:02.851367,0.07679842547263918,5,30.622331452192036,5000,34,0.5551462110881549
717,0 days 00:00:02.712204,0.06389391428373807,6,0.2193931745642739,5000,13,0.004468072002134697
718,0 days 00:00:12.680842,0.013454223639672682,6,19.718999518879727,5000,51,0.014146950684169003
719,0 days 00:00:02.990970,0.07914117358735326,7,0.032307769246348816,5000,42,0.0019658842716474417
720,0 days 00:00:28.563284,0.0061067148098770015,16,6.371041784901043,5000,82,0.003946278164637784
721,0 days 00:01:33.512211,0.0013001585401929184,4,3.5687641166590116,5000,65,1.1494111541446737
722,0 days 00:00:15.892016,0.007702913756933517,14,129.74324581347898,5000,61,0.2568370096741669
723,0 days 00:01:31.655850,0.001686835168004175,12,0.001647606647426031,5000,80,2.757356832254057
724,0 days 00:00:23.351408,0.007736560430296024,8,24.197120433965953,5000,14,0.006372076712171781
725,0 days 00:02:24.597995,0.0010516513076922912,11,0.08182972969342807,5000,80,0.13319948566709008
726,0 days 00:01:55.605682,0.0012603346154263044,14,3.0005167700792024,5000,52,1.0129014134386898
727,0 days 00:00:03.799452,0.08809618482615023,7,0.0413443450250513,5000,32,28.16649078651155
728,0 days 00:00:59.388577,0.0022840689788850006,10,1.8606884582346852,5000,26,6.399766063352791
729,0 days 00:00:01.784977,0.16629626291750704,10,10.667971824340318,5000,28,0.0013911579290115555
730,0 days 00:00:02.229301,0.11632701994773058,16,0.002370576185978431,5000,18,0.010778013092218723
731,0 days 00:01:42.439090,0.001229048711966478,9,0.043027388583522154,5000,13,0.0013310541321653183
732,0 days 00:00:05.073309,0.07807935821416238,16,1.0965756991095164,5000,14,273.3395297453527
733,0 days 00:00:14.022772,0.01370146824028795,5,0.12672214387230882,5000,10,10.327272250026505
734,0 days 00:02:51.505037,0.0017761525304022014,19,4.716940253813138,5000,80,80.75540888079897
735,0 days 00:00:03.682753,0.04113898643990797,5,0.0013189501295830341,5000,25,0.2875891033969808
736,0 days 00:00:25.920915,0.0400325810323314,14,0.2886755343709445,5000,53,847.3479026173214
737,0 days 00:00:01.928591,0.09986940837080749,11,214.44419384008646,5000,97,0.006935894257411183
738,0 days 00:00:15.476708,0.01082543061316056,15,0.0026482665008711347,5000,38,0.0017429060389147464
739,0 days 00:00:24.584764,0.005722582048084198,12,0.06362799992644032,5000,10,0.0785372043972438
740,0 days 00:01:33.906757,0.0021046052649778403,13,764.6467094129973,5000,53,0.4869816597862966
741,0 days 00:01:22.772353,0.0021850907360937413,11,0.0011090896156876694,5000,85,28.52667069664053
742,0 days 00:00:16.825300,0.008633301920128383,8,4.7058736567090245,5000,16,0.3179489947464764
743,0 days 00:00:04.553943,0.06008918764607769,11,226.14745854136476,5000,16,0.047621169450215044
744,0 days 00:00:31.849242,0.004716822761731888,12,69.29316546480158,5000,10,0.21398339195599367
745,0 days 00:00:02.319381,0.09194627054545287,8,0.25979275930936446,5000,15,0.2344806002133818
746,0 days 00:00:25.289099,0.00639661816046772,10,2.5021983105646672,5000,18,3.6518507611085442
747,0 days 00:01:02.513117,0.002223175419662615,7,0.0014416583445076877,5000,39,0.2736240901824555
748,0 days 00:00:05.225754,0.06244512371208722,17,0.0011059235126733428,5000,60,0.0029075965295556395
749,0 days 00:00:23.568084,0.005761910959777052,10,71.43244071551618,5000,26,0.08407995930728707
750,0 days 00:02:26.062455,0.0012177386297704664,5,0.16461885243225016,5000,38,273.66901805962004
751,0 days 00:00:07.196591,0.02763481390168953,7,0.27145370256531076,5000,66,0.012640778020755809
752,0 days 00:00:08.495705,0.07441254940813598,16,35.07522676617767,5000,77,421.97432781264433
753,0 days 00:00:55.944237,0.007640426497926249,13,0.3468487737855399,5000,52,535.4000900284084
754,0 days 00:00:04.196336,0.06978393256022873,17,40.383508490643926,5000,63,0.008107295980667489
755,0 days 00:01:37.950770,0.0017322297481148767,16,0.06625683827019538,5000,79,5.163973278280599
756,0 days 00:00:17.338324,0.007058633876525381,18,19.11936779292733,5000,14,0.013367909267769804
757,0 days 00:02:18.664177,0.0016992633951719825,17,0.5358200193537119,5000,14,131.26435512494328
758,0 days 00:02:05.789211,0.0010745693143820434,13,0.0057467234015165505,5000,10,1.5859785761715028
759,0 days 00:00:04.502153,0.03970414030634753,17,103.84448753911522,5000,23,0.0010245315468847354
760,0 days 00:00:52.773603,0.002744297633328117,4,0.06280942946610363,5000,12,6.059614455127419
761,0 days 00:00:33.983659,0.0041025244728446555,16,7.624096958236047,5000,67,0.004078771276057789
762,0 days 00:00:11.290756,0.027403078607970886,2,0.3243885425407035,5000,40,0.004716886686610986
763,0 days 00:00:06.175889,0.05269939015342214,12,383.40182310678375,5000,94,1.415060002657545
764,0 days 00:00:31.113048,0.00487398258342829,12,0.2293631698054773,5000,35,8.11234412236254
765,0 days 00:02:18.958347,0.0010080624947550385,6,0.01049609478998068,5000,24,0.25394376568532123
766,0 days 00:00:02.120681,0.11232580108997792,9,0.5774828635875852,5000,20,0.010714985475147182
767,0 days 00:00:12.921798,0.010978032955760756,8,109.91251610812188,5000,15,0.019868987343057
768,0 days 00:00:03.315947,0.06991101489112905,16,0.0023302770148075557,5000,24,0.0033008892005974987
769,0 days 00:00:29.137022,0.005362114005772838,6,3.6459841246219344,5000,87,13.046715086604229
770,0 days 00:01:18.068563,0.0033040044256627057,9,0.004367619434874132,5000,14,547.2874105688874
771,0 days 00:00:17.522133,0.0083931658000159,17,0.8247897910796106,5000,47,0.23837066304179666
772,0 days 00:00:25.803964,0.006579564534224471,13,0.021161759817698318,5000,98,1.9027208424889246
773,0 days 00:00:20.815782,0.008316385159185905,7,0.40836148987317156,5000,53,0.6601112670783048
774,0 days 00:00:18.268406,0.00822477121836132,13,0.8845883934169995,5000,10,0.002007575160049535
775,0 days 00:00:03.319899,0.09920827906470865,9,6.870223434085858,5000,11,4.855224165582517
776,0 days 00:00:03.890165,0.04293581570412646,4,0.0010199156443817332,5000,94,0.00717166569860672
777,0 days 00:00:05.979942,0.0769960452108058,7,157.23050908565918,5000,40,256.00446615213696
778,0 days 00:00:09.888091,0.014707618676020998,11,0.467766773802842,5000,54,0.0014237329091677246
779,0 days 00:00:15.498823,0.010020249074985738,18,0.6155193852346766,5000,69,0.3033938307359433
780,0 days 00:01:32.581563,0.002094328788397894,8,470.602071826215,5000,11,1.6397691150332412
781,0 days 00:00:23.639598,0.03310718550572119,17,8.729187518152928,5000,59,987.1539587994439
782,0 days 00:01:25.465359,0.0017142713693324898,9,0.015510593613584728,5000,12,0.1716748589195372
783,0 days 00:00:15.569279,0.010469909983430779,7,0.016232177056338438,5000,48,0.0035235595107187528
784,0 days 00:00:12.855851,0.012252239066246595,16,2.5794061494385927,5000,18,0.22369937410701218
785,0 days 00:00:40.341963,0.0038080657488797675,6,0.01534487087620783,5000,15,24.28716882365011
786,0 days 00:00:23.107881,0.0069430886517884,5,1.6504004764809754,5000,88,9.762246543397955
787,0 days 00:00:02.768113,0.14079104134530812,8,0.009627118644566966,5000,25,121.98245481505526
788,0 days 00:00:05.094208,0.031522674884283765,7,301.0367746771489,5000,15,0.09930012613383503
789,0 days 00:00:27.875298,0.005353299068968084,6,291.92173258468944,5000,51,19.309129846988466
790,0 days 00:00:28.743693,0.005617572337157715,9,0.012869061832353923,5000,27,1.263468794629917
791,0 days 00:00:23.893847,0.004403870085679182,5,47.96397584843711,5000,79,0.2875633686724565
792,0 days 00:01:25.227587,0.0025370264587789787,10,0.014784836159323272,5000,78,51.50881636932685
793,0 days 00:00:06.659257,0.041054252026636796,4,158.4204866268289,5000,83,0.0023617001697254785
794,0 days 00:00:02.649921,0.08768869820159741,17,0.010221460597676856,5000,64,0.004555617657401411
795,0 days 00:00:06.206398,0.0312564806889247,11,0.09565901589083321,5000,24,0.0020082672599281482
796,0 days 00:01:20.591575,0.0019078905211619985,6,0.08230396327823378,5000,65,2.5823005379256956
797,0 days 00:00:15.492937,0.009088618071019829,9,0.02642513085148415,5000,31,8.185728552244049
798,0 days 00:01:09.525723,0.00196013328029388,11,0.06859533822649892,5000,11,1.4233625956261324
799,0 days 00:00:19.974329,0.009704340134320187,11,218.59817423030324,5000,10,4.988337090828945
800,0 days 00:00:01.852365,0.16626579969778607,14,0.5103238035528351,5000,76,0.2809712643560644
801,0 days 00:02:09.554620,0.0019167273104321628,4,40.39049729700544,5000,84,346.10839599609693
802,0 days 00:00:12.350163,0.01282689626546449,11,0.0012255760115201027,5000,32,0.08786153458918504
803,0 days 00:00:02.431991,0.11705815075293069,13,33.88889173815191,5000,19,0.13732783373661367
804,0 days 00:00:03.304368,0.0929430994599141,7,0.003265056925793233,5000,12,3.0242241638813963
805,0 days 00:00:08.358912,0.03641574484367655,4,17.361002538455903,5000,12,173.47095880745658
806,0 days 00:00:03.717614,0.06502645810694738,16,222.85647719541512,5000,12,1.4795917679402222
807,0 days 00:00:29.861245,0.00704305720408556,3,1.68458118332918,5000,64,6.2105716542510665
808,0 days 00:00:17.034374,0.00960236662727385,18,0.29568943168552936,5000,36,0.002488414592267296
809,0 days 00:00:18.655144,0.029823840720257257,8,631.3754834978799,5000,46,1.1003684828076974
810,0 days 00:01:15.990500,0.0019331647508172712,9,0.04138301007954836,5000,12,0.0014723038208495224
811,0 days 00:01:25.687457,0.001540244688251861,19,0.40468674891726436,5000,47,7.443649603643127
812,0 days 00:00:19.989478,0.011303570381278825,4,4.99503263819749,5000,57,1.6570091433651075
813,0 days 00:00:06.096191,0.04345207599528858,13,0.0049903140789200945,5000,10,0.021512868780786742
814,0 days 00:00:09.896978,0.017227983987290838,9,0.0041975778894564825,5000,16,0.10816570171263613
815,0 days 00:02:53.673514,0.0021368636759755153,18,0.13841727124841238,5000,44,513.3459370157098
816,0 days 00:00:14.475083,0.010938705609847537,4,0.6632366318973072,5000,65,0.05922303246525538
817,0 days 00:00:01.451640,0.16873377809522874,5,1.839251911684351,5000,29,0.6208266319087304
818,0 days 00:00:03.397116,0.05955385418516104,6,36.379494260464526,5000,49,9.033168162000388
819,0 days 00:00:23.583707,0.013100401148083267,3,2.7037982010953323,5000,62,91.43165306922148
820,0 days 00:00:03.342591,0.09586849682588613,19,15.584215632721946,5000,31,0.10119264054202588
821,0 days 00:00:02.316804,0.10506467487013542,9,0.45454153231327205,5000,33,21.195812070759825
822,0 days 00:01:07.075592,0.0021719871829679674,4,0.248160692426837,5000,30,0.6885921150425814
823,0 days 00:00:02.827074,0.09032743299178239,4,0.08004331413683348,5000,24,15.962305076423096
824,0 days 00:00:58.922518,0.0046096481653389075,5,0.06899426687973072,5000,20,382.4169140116545
825,0 days 00:01:04.277867,0.002425277259502006,5,0.3106486848032316,5000,45,2.8793266805922824
826,0 days 00:00:10.997500,0.015411231011358816,11,0.18188833926447692,5000,60,0.017998233932370083
827,0 days 00:00:07.093205,0.02445119933763335,16,86.88926721924355,5000,20,17.312798853387065
828,0 days 00:02:10.049287,0.0010551107967773404,11,10.781548461277035,5000,78,0.033110521370296686
829,0 days 00:00:22.824512,0.006602061719853478,16,0.039086129418167984,5000,10,0.0021400350046976665
830,0 days 00:00:06.487485,0.026827033936944085,16,0.42384112371621674,5000,19,0.0412391125606547
831,0 days 00:00:16.023203,0.0708067404597037,11,7.65239501674398,5000,12,933.3428034863036
832,0 days 00:00:04.815133,0.06770245475262042,10,14.560241928804652,5000,28,20.047574946174294
833,0 days 00:00:20.956304,0.009290597100050604,7,0.005105259853618447,5000,95,5.30636325367103
834,0 days 00:00:07.041878,0.04065130686328963,3,0.0039025353671903384,5000,49,3.6211718352556233
835,0 days 00:01:37.650761,0.0040955566794494205,6,844.604533300804,5000,36,4.610753145132347
836,0 days 00:00:30.146886,0.0117840357672924,3,532.9971410031831,5000,46,0.004940466014068487
837,0 days 00:00:52.235058,0.0037507716319367715,10,236.53554528736956,5000,23,144.3845100906779
838,0 days 00:01:27.222512,0.0015231794577569354,18,0.7841311817118304,5000,46,13.325704846146598
839,0 days 00:00:08.276102,0.023044867101943735,14,0.5696870569724966,5000,40,0.1482271499737662
840,0 days 00:00:30.847210,0.005303423762580046,13,0.0020190846063359046,5000,96,0.4872480364925644
841,0 days 00:00:04.854355,0.052042212055075976,14,0.02516995011824998,5000,99,0.0022436444955241798
842,0 days 00:01:43.024540,0.0013351907973563467,14,0.03913909140211304,5000,51,0.26873108854517674
843,0 days 00:00:04.662863,0.047359525685717344,8,0.0029120760021922585,5000,11,0.003466211281226061
844,0 days 00:00:58.821866,0.0025973686802921937,8,0.015880418827319418,5000,22,0.1098584158054135
845,0 days 00:01:05.394064,0.0018708856360599513,7,38.39773955168154,5000,57,0.0013852670861615856
846,0 days 00:00:47.747835,0.019198813101304932,3,750.3946551021976,5000,24,190.40715449078948
847,0 days 00:00:06.108341,0.02540443193483585,6,2.7895944074236314,5000,13,0.0025147489857944042
848,0 days 00:00:21.356509,0.009708779224225516,8,76.2436436158786,5000,44,176.64681067891573
849,0 days 00:01:36.322539,0.0032868697462732433,2,8.253409685831421,5000,59,0.0033817660820214357
850,0 days 00:00:55.046583,0.0037304446613918023,16,0.0035159307318853978,5000,20,45.47458118352655
851,0 days 00:02:06.983037,0.0010068650607276577,5,449.26582574189854,5000,21,20.66741260466507
852,0 days 00:00:42.297044,0.003355292106519268,17,0.13191663763202785,5000,11,0.002404762569711072
853,0 days 00:00:37.273437,0.0037701159199303737,15,3.6275110993396162,5000,48,0.48075214336774025
854,0 days 00:00:05.729984,0.03098873106082029,18,0.00146424227642312,5000,15,0.026850065193521264
855,0 days 00:00:40.735321,0.008574141683058381,2,240.62688806996556,5000,58,20.754282553907622
856,0 days 00:00:23.843635,0.005936517749560063,17,256.48920990462716,5000,27,0.0019019848388294703
857,0 days 00:00:03.064105,0.06315858645551195,7,0.004630716072754215,5000,18,0.0015938280387313515
858,0 days 00:00:10.242538,0.033510578781429635,2,0.014274303935359283,5000,78,0.3355188585800579
859,0 days 00:01:42.372163,0.0015804636878243667,9,0.006029212637956565,5000,21,1.797550000692896
860,0 days 00:00:19.339696,0.020272026821123133,2,0.0017574355427714431,5000,14,0.004660471346018913
861,0 days 00:00:54.455764,0.006448314910345842,2,0.005252210350656527,5000,72,0.0011777778650639496
862,0 days 00:00:23.892720,0.009917787343251558,5,0.044078780264941574,5000,35,69.92327259572706
863,0 days 00:00:16.254935,0.00961869155108659,18,0.03781458392757631,5000,92,0.004261087773244141
864,0 days 00:00:33.389182,0.006421550560871142,14,154.6340758969366,5000,47,0.004299395004898643
865,0 days 00:00:07.645303,0.02780951394747273,14,0.008839322468147079,5000,13,38.576647783418466
866,0 days 00:00:05.962924,0.02564738390110802,13,0.20057405467506997,5000,64,0.03402750139243338
867,0 days 00:00:10.732375,0.04388001421150122,2,0.42851850239422723,5000,10,17.518419664022975
868,0 days 00:00:47.323289,0.01685022465037961,14,8.078646152251315,5000,10,791.797288078579
869,0 days 00:00:07.562936,0.02155674083878036,10,1.2645790265144385,5000,11,0.005214986827236446
870,0 days 00:00:05.398075,0.037452050948814944,19,0.734409307686968,5000,37,22.71368259040845
871,0 days 00:00:02.105488,0.19725035622128112,6,0.2569926415144283,5000,33,36.46760420275855
872,0 days 00:00:20.167021,0.007523254576535148,9,0.01618800422724783,5000,33,0.30958377033717477
873,0 days 00:00:32.228077,0.006690839844736931,16,18.735933428992155,5000,21,255.93333807734018
874,0 days 00:01:49.536960,0.001988184945483215,11,0.23143591735847233,5000,12,70.80032375312628
875,0 days 00:00:28.971421,0.0057108662067680924,4,23.19343012856728,5000,11,3.7111560063925415
876,0 days 00:00:22.374513,0.026919735625852266,3,829.5290336066124,5000,12,0.0011014975441607615
877,0 days 00:00:08.862269,0.02853964863296013,3,7.589456272243631,5000,59,0.7323153537719416
878,0 days 00:00:20.850380,0.009082473036303412,13,0.12218009553350738,5000,36,30.058243953838467
879,0 days 00:00:05.193132,0.04030438546145241,7,4.277661621212366,5000,15,0.14888877618548393
880,0 days 00:00:03.275357,0.1410143237371711,2,79.53070026092351,5000,77,11.218582547639496
881,0 days 00:00:01.347175,0.187593194833501,13,0.004518305458516867,5000,10,0.003643003603236386
882,0 days 00:00:14.532265,0.010859770345889912,19,0.021082906876345738,5000,14,0.0016891646425977356
883,0 days 00:00:03.202490,0.07169165490905052,17,0.0033403455132265366,5000,24,2.0614059511000113
884,0 days 00:00:02.630023,0.09534754515645989,18,0.2922941187167701,5000,33,0.007718087889989425
885,0 days 00:00:04.164396,0.058866199730554444,10,0.07890905612100543,5000,10,1.0694989085479163
886,0 days 00:00:01.961320,0.14292591479459518,4,76.23896830540788,5000,11,29.41205927237593
887,0 days 00:00:03.387927,0.06873972837931902,4,0.03917656969314425,5000,34,26.31739209688406
888,0 days 00:00:01.948979,0.1815350232344536,17,22.793784317173813,5000,63,25.07246359602515
889,0 days 00:00:02.000389,0.16024161835927386,9,15.233510310135314,5000,11,0.4402581653012254
890,0 days 00:00:13.952637,0.010034248101093213,7,0.5447084356027789,5000,78,0.005362405528942038
891,0 days 00:01:04.958259,0.0026608803018544646,4,162.9461199383243,5000,28,1.175975237370218
892,0 days 00:00:01.438471,0.17965538880507598,17,0.09893788281913181,5000,10,0.001633834471484783
893,0 days 00:00:06.343124,0.14220993608022148,8,656.3610190400698,5000,11,22.702212025376816
894,0 days 00:01:36.773626,0.0020911316426214773,9,435.17880039067234,5000,35,0.26827501855672337
895,0 days 00:01:22.148911,0.0018284920463878234,19,12.198871744904027,5000,14,16.041906353713035
896,0 days 00:00:46.161637,0.0034823818593995443,15,6.194803029578502,5000,54,0.06897222814376697
897,0 days 00:00:06.312806,0.029309154876400317,5,0.23771362461799203,5000,98,10.982807382596558
898,0 days 00:00:14.333066,0.00983950844952788,12,0.006759790342333102,5000,11,1.066926738201025
899,0 days 00:01:14.900648,0.0026119573867847065,14,9.42156409037257,5000,17,222.2775684491257
900,0 days 00:00:22.338681,0.007635961526841464,15,0.008381002810781184,5000,93,0.005192424049807383
901,0 days 00:00:04.041431,0.16591678659970155,3,352.22493831287375,5000,65,74.7784026978853
902,0 days 00:00:07.403904,0.024664224700563998,7,0.7085327010549717,5000,69,0.0025519005629662914
903,0 days 00:01:11.050457,0.0040116886895556645,5,0.052779243032268795,5000,67,149.631117430396
904,0 days 00:00:20.586876,0.016021794903462967,10,49.097988245320416,5000,31,317.40580147045273
905,0 days 00:00:19.027958,0.011485740667649354,16,9.99106718326141,5000,11,0.006933494698311601
906,0 days 00:00:03.962464,0.07299810806927663,4,0.0021371529011031624,5000,14,3.7204269721613574
907,0 days 00:01:33.033805,0.0014007817347865927,13,0.2318918327722295,5000,94,2.61366421500889
908,0 days 00:00:26.046669,0.020337430094961872,2,531.931726393402,5000,50,0.0011048138325532337
909,0 days 00:00:34.986406,0.005731806212523224,14,531.8650914871445,5000,98,0.9037318798924207
910,0 days 00:00:45.334698,0.003156822936351974,14,27.948790482477143,5000,78,30.99024946114852
911,0 days 00:00:06.002650,0.04420483753442401,7,338.1722423248942,5000,17,1.5001918441371263
912,0 days 00:00:13.955022,0.0185241920757198,17,15.996120154335681,5000,22,10.22393849581365
913,0 days 00:00:08.222683,0.08255289982155169,16,0.8688637228129643,5000,21,993.5505310848407
914,0 days 00:00:08.517920,0.022115282076895372,17,374.6192338640835,5000,35,0.013069906991566724
915,0 days 00:00:08.001932,0.022168724026562604,9,0.008684138210118797,5000,43,0.010658583616243781
916,0 days 00:00:04.102945,0.042973389001835845,10,0.0051262740981387785,5000,12,0.012136982812020714
917,0 days 00:00:08.418468,0.0965974247299548,14,367.7122668733365,5000,40,130.53031314923984
918,0 days 00:00:06.751305,0.05924480513525741,12,0.007043723888642946,5000,24,165.01989545080176
919,0 days 00:00:18.942787,0.01061701644814255,15,220.47265596218816,5000,24,0.08225018318192501
920,0 days 00:00:06.707543,0.03251879413096655,16,0.02316982289883499,5000,12,0.0012352002589410146
921,0 days 00:00:49.803047,0.0031967228637875497,14,0.15000672800792447,5000,16,0.34067542504934684
922,0 days 00:00:03.290566,0.08142941422164776,17,66.30427494366089,5000,19,10.147702164012662
923,0 days 00:00:50.873265,0.005785690251717809,14,86.5497591546009,5000,59,239.35480671337538
924,0 days 00:00:02.171449,0.12411390300602122,3,63.0954461402093,5000,27,1.5387386917002501
925,0 days 00:00:20.870288,0.010255854634041045,3,0.2555053968736533,5000,25,0.029748843540391156
926,0 days 00:01:50.270936,0.004016023814947825,2,0.0012126917926509068,5000,42,46.958761924953265
927,0 days 00:00:38.423321,0.0033373017066544047,15,0.0045126949832691495,5000,81,0.08966898452756518
928,0 days 00:00:27.542655,0.013198745110315662,13,0.003059554559030747,5000,16,731.3655052717125
929,0 days 00:00:25.061943,0.006282416244587247,4,0.0022929935586871353,5000,47,0.26191682473985545
930,0 days 00:00:19.215702,0.008969699719769015,17,0.09606886708869718,5000,17,0.46426873358286846
931,0 days 00:01:31.004040,0.0045679775545005505,4,0.003533419622914239,5000,28,304.9459336038972
932,0 days 00:01:03.159599,0.0035116460656782035,18,20.067093264382876,5000,13,22.43172504922844
933,0 days 00:02:00.763108,0.0012198953448642014,2,123.78307334771043,5000,19,0.017843342084909522
934,0 days 00:01:35.337248,0.001934649631604534,3,0.41210283586712126,5000,30,0.11968213130175434
935,0 days 00:00:09.889980,0.014561455001288063,8,0.9584100926337721,5000,27,13.207926099256142
936,0 days 00:00:01.747910,0.17008345504867722,10,5.313580563118554,5000,31,0.06865453881748304
937,0 days 00:00:03.390261,0.06872749323710292,4,8.132581580272323,5000,85,1.5197257856919295
938,0 days 00:00:06.289335,0.11367210769463146,13,0.03595853264353618,5000,13,362.50376327278786
939,0 days 00:00:48.456125,0.00249790844872028,12,25.026277917549287,5000,35,0.004316884806353669
940,0 days 00:00:56.702601,0.00206676642238532,8,31.493599270410375,5000,17,0.09707576894827111
941,0 days 00:00:02.636780,0.07167905066985389,15,11.391377214729559,5000,22,0.002246782634757443
942,0 days 00:00:15.686939,0.012907367937009416,11,11.620517548965351,5000,23,1.411495468927703
943,0 days 00:00:03.611947,0.06705974978301442,14,0.004719188649429457,5000,30,0.03678522417587612
944,0 days 00:00:16.819055,0.010932172767846575,4,4.372731034964549,5000,19,0.25655677951688644
945,0 days 00:01:04.738693,0.0024533653586802083,8,0.004279414613493843,5000,28,35.12520360692812
946,0 days 00:00:03.701838,0.09874414064236635,7,75.94467574520742,5000,10,206.5090820197979
947,0 days 00:02:00.084138,0.0011663603478254297,2,0.40746027908778637,5000,13,0.06982642210251475
948,0 days 00:00:32.060091,0.004474010143646801,6,106.46880185693145,5000,57,0.022371729530178845
949,0 days 00:00:02.230784,0.0955287989228463,9,5.137962297758774,5000,13,7.537728066825466
950,0 days 00:01:46.364814,0.001390580239518885,11,0.1939165333369913,5000,23,0.07202322956249785
951,0 days 00:00:07.679120,0.1220578665313211,19,712.2120970670874,5000,22,1.4719614601927569
952,0 days 00:02:05.968576,0.0010099187978324892,5,4.311633192534542,5000,16,1.3165257343302461
953,0 days 00:01:46.861581,0.001058009063744256,10,4.048568840241523,5000,46,0.2304772857280239
954,0 days 00:01:43.478481,0.0046416007403078715,18,0.6294735177471878,5000,10,923.2455357547741
955,0 days 00:00:09.818906,0.01554813695602072,7,256.42614908395154,5000,15,2.0248517029395146
956,0 days 00:00:43.323947,0.007638793566802268,2,0.002825654157585359,5000,28,0.02853288887970066
957,0 days 00:00:28.880898,0.006818411166853959,17,238.94040533840004,5000,27,95.55520247302606
958,0 days 00:00:07.956604,0.017373082515673065,10,3.0104284086844855,5000,81,0.5898792454954676
959,0 days 00:00:14.310322,0.010752687924560498,10,0.002501667786187678,5000,13,0.09766764857182487
960,0 days 00:00:11.576359,0.07270901336702278,11,16.500486157334354,5000,30,541.9930961276937
961,0 days 00:00:30.372591,0.005032222390166654,18,0.016844961488785552,5000,11,0.16484967820295912
962,0 days 00:00:14.436446,0.03982987328021226,6,71.38299126051399,5000,78,594.3040927514867
963,0 days 00:00:08.713429,0.03374879387683765,3,0.001138221228264944,5000,27,2.6763922702544307
964,0 days 00:02:23.758709,0.001259767248137855,9,0.12994837564829875,5000,15,191.4393473223719
965,0 days 00:00:02.736109,0.10005632117596401,19,0.02994289309788411,5000,82,2.9237033528895977
966,0 days 00:00:14.413280,0.027038607964666006,2,118.94464610637786,5000,14,9.02411845805997
967,0 days 00:02:20.932184,0.002085548787758271,16,0.0022216546967081282,5000,27,142.46202483679477
968,0 days 00:00:04.874783,0.034004409638465315,10,5.717104531746202,5000,29,0.0017390320518139376
969,0 days 00:00:39.891044,0.0197040079125004,19,23.758092841063966,5000,11,694.0684162361622
970,0 days 00:01:10.089624,0.0036715616583621272,13,0.7619383904572755,5000,18,110.0357579183686
971,0 days 00:00:03.460231,0.08361242420050573,9,122.8387069675085,5000,60,60.266998954665674
972,0 days 00:00:15.246108,0.01505093723135952,10,20.755737191304373,5000,18,2.3304945959983905
973,0 days 00:00:02.435660,0.09734790819515493,4,0.07766142242664716,5000,79,0.02272722865869338
974,0 days 00:00:01.671741,0.16580553055705854,7,0.03216496949504841,5000,20,0.018470376446027486
975,0 days 00:02:02.253634,0.0013279535677295153,3,4.295758640487155,5000,34,0.0822172026983381
976,0 days 00:00:06.134722,0.03075858915775418,7,0.0019197244322830221,5000,41,3.1964853859455564
977,0 days 00:00:47.129911,0.005157952891816329,14,0.14628541763873495,5000,43,94.32132956885904
978,0 days 00:01:54.855210,0.0013216664356565293,4,0.008712801529328846,5000,11,0.0031070055039400537
979,0 days 00:00:56.427888,0.0023827556563651236,17,0.0036553323219920253,5000,11,0.7956257011992476
980,0 days 00:00:05.563060,0.050582486975945015,12,0.01099832835846461,5000,18,9.829631992893301
981,0 days 00:00:11.757715,0.012871355414899035,6,1.89806180691472,5000,11,0.09777662953567892
982,0 days 00:00:31.109333,0.029421967401974777,18,684.1355947197993,5000,76,71.97890100501462
983,0 days 00:00:06.796121,0.02575272904149205,15,0.08633735168056515,5000,25,0.013321548275324717
984,0 days 00:00:14.314570,0.010131144300681724,5,0.6960069604231441,5000,19,0.09444440039482788
985,0 days 00:01:01.855996,0.0025560204943595416,5,0.13639552576498193,5000,82,5.089069664669132
986,0 days 00:01:40.765287,0.0011371594226894253,18,0.0052056919027961765,5000,75,0.15858709435070395
987,0 days 00:00:02.073681,0.16031950361135788,17,0.0039035918982640995,5000,12,0.10201094643567493
988,0 days 00:00:01.973247,0.15129112721473043,7,2.9889194671413266,5000,71,0.19894117430546823
989,0 days 00:00:23.028766,0.028867214080753555,13,0.005647049610460789,5000,58,342.12282786295447
990,0 days 00:00:21.385211,0.016485273869614236,2,0.0692033534756605,5000,24,0.009769567608219466
991,0 days 00:00:02.672758,0.07879208585877877,7,0.1369512144193701,5000,17,0.040093231949907944
992,0 days 00:01:37.006423,0.0011458752250214368,12,0.03865980058890976,5000,10,19.894473086999657
993,0 days 00:01:06.787590,0.0023553086848161465,15,0.08859216384427013,5000,37,24.61666765691633
994,0 days 00:00:01.570748,0.1936821211714938,7,0.006532688182257913,5000,29,0.011043786515456781
995,0 days 00:01:34.189318,0.0021595289471599386,15,0.0017392038798263898,5000,61,424.6506292693337
996,0 days 00:01:09.694829,0.0017411815050305563,8,0.0022549284159208882,5000,24,0.003153345569356579
997,0 days 00:00:59.409354,0.0024129960387168324,6,940.692700319556,5000,56,0.04062935537668306
998,0 days 00:00:29.895850,0.0056434338854141975,11,390.77183285309115,5000,44,0.022318535892707443
999,0 days 00:00:30.703690,0.007975098322204121,2,0.5989191493216964,5000,58,0.0017174149980398391
